market_code,market_name,region,position,popularity,track_id,track_name,track_href,duration_ms,explicit,artist_id,artist_name,artist_followers,artist_popularity,artist_genres,album_id,album_name,album_type,release_date,total_tracks_in_album,danceability,energy,key,loudness,mode,speechiness,acousticness,instrumentalness,liveness,valence,tempo,time_signature,collection_date,collection_time
AR,Argentina,LATAM,1,75,0c82YIGpQ5dCaXpTNCk4sb,Alegría,https://open.spotify.com/track/0c82YIGpQ5dCaXpTNCk4sb,165054,False,5Y3MV9DZ0d87NnVm56qSY1,Tiago PZK,5397473,81,"trap argentino,trap latino,urbano latino",3s6jmSUxBLRxzKdevnFmJS,GOTTI A,album,2024-07-04,14,0.575,0.658,9,-2.34,0,0.101,0.0463,2.24e-05,0.0627,0.884,84.273,5,2024-10-31,09:03:13
AR,Argentina,LATAM,2,74,7yrTny7FLWLbfIzsxoicWj,noviogangsta <3,https://open.spotify.com/track/7yrTny7FLWLbfIzsxoicWj,157209,True,0AqlFI0tz2DsEoJlKSIiT9,Emilia,3704541,81,pop argentino,0qLXwwUPYR7o3ZcVQFdKlQ,noviogangsta <3,single,2024-10-12,1,0.816,0.872,11,-4.27,0,0.0442,0.25,3.7e-06,0.254,0.94,128.924,4,2024-10-31,09:03:14
AR,Argentina,LATAM,3,89,0Sr7ssScx54yxdM2ols7nW,Q U E V A S H A C E R H O Y ?,https://open.spotify.com/track/0Sr7ssScx54yxdM2ols7nW,224022,True,3E12tRURRvPfHz0hAMCFYc,Omar Courtz,376316,82,"trap boricua,trap latino,urbano latino",3C5uwdRE5QRoXSGPPxpDd4,PRIMERA MUSA,album,2024-09-20,17,0.56,0.681,6,-6.304,0,0.244,0.103,0.0,0.106,0.388,155.079,4,2024-10-31,09:03:15
AR,Argentina,LATAM,4,94,6WatFBLVB0x077xWeoVc2k,Si Antes Te Hubiera Conocido,https://open.spotify.com/track/6WatFBLVB0x077xWeoVc2k,195824,False,790FomKkXshlbRYZFtlgla,KAROL G,51524480,91,"reggaeton,reggaeton colombiano,urbano latino",5ylbxH7EqpsmHZCRuiYewS,Si Antes Te Hubiera Conocido,single,2024-06-21,1,0.924,0.668,11,-6.795,1,0.0469,0.446,0.000594,0.0678,0.787,128.027,4,2024-10-31,09:03:16
AR,Argentina,LATAM,5,81,0SoBfYjQHvL6cuWHtPUYnq,Hoy,https://open.spotify.com/track/0SoBfYjQHvL6cuWHtPUYnq,198495,False,55ru5B05MMBunM1tvH7Di6,Valentino Merlo,218982,75,,4ENi7P1IV01E2jzbHZeKxn,Hoy,single,2024-05-22,1,0.451,0.711,11,-4.612,1,0.0426,0.24,0.0,0.154,0.661,176.161,4,2024-10-31,09:03:16
AR,Argentina,LATAM,6,76,5AkLEnorFvb7WIJOGqKYVT,Si Un Día Estás Sola | CROSSOVER #7,https://open.spotify.com/track/5AkLEnorFvb7WIJOGqKYVT,164021,False,2OhUNb01gLwygOizYvTm0e,Big One,648401,75,trap argentino,2nEAqrVGMybdrkN3gP9NGF,Si Un Día Estás Sola | CROSSOVER #7,single,2024-09-03,1,0.63,0.507,1,-4.865,1,0.0647,0.0386,0.0,0.0666,0.744,183.896,4,2024-10-31,09:03:17
AR,Argentina,LATAM,7,80,6kPCcIAGoTeRrh8qrmKa90,Piel,https://open.spotify.com/track/6kPCcIAGoTeRrh8qrmKa90,142041,True,5Y3MV9DZ0d87NnVm56qSY1,Tiago PZK,5397473,81,"trap argentino,trap latino,urbano latino",3s6jmSUxBLRxzKdevnFmJS,GOTTI A,album,2024-07-04,14,0.646,0.907,0,-1.617,1,0.0593,0.422,0.0,0.14,0.816,168.004,4,2024-10-31,09:03:18
AR,Argentina,LATAM,8,71,5MKbWaXeSQSmzmo7gPQha1,Amor de Vago,https://open.spotify.com/track/5MKbWaXeSQSmzmo7gPQha1,188423,False,1FxPMQ9A0882eNDx3ZkD6B,La T y La M,801717,70,cumbia pop,7dIwIFhUC8xNF0bICvgMX2,Amor de Vago,single,2024-08-23,1,0.65,0.507,2,-7.27,1,0.111,0.706,2.47e-06,0.0725,0.603,179.984,4,2024-10-31,09:03:19
AR,Argentina,LATAM,9,79,0EVxchTHYIgx618OrpcrdQ,AGORA,https://open.spotify.com/track/0EVxchTHYIgx618OrpcrdQ,153564,False,1DxLCyH42yaHKGK3cl5bvG,Maria Becerra,7141864,82,"pop argentino,urbano latino",07QCnsWWoXTgLuU43VfB2u,AGORA,single,2024-09-12,1,0.686,0.871,4,-2.217,0,0.0926,0.254,0.000206,0.34,0.626,169.857,4,2024-10-31,09:03:20
AR,Argentina,LATAM,10,80,4dLLdfiniBhDP9dlJQIOi4,"Perdonarte, ¿Para Qué?",https://open.spotify.com/track/4dLLdfiniBhDP9dlJQIOi4,193933,False,0ZCO8oVkMj897cKgFH7fRW,Los Ángeles Azules,7806801,79,"gruperas inmortales,musica mexicana,nu-cumbia,ranchera,tropical",1fXZxmn9aUIo5Zjx8zQFol,"Perdonarte, ¿Para Qué?",single,2024-05-23,1,0.672,0.702,11,-4.662,0,0.0314,0.168,0.0,0.0445,0.615,90.039,4,2024-10-31,09:03:21
AR,Argentina,LATAM,11,75,1db75lVrSgDFZI1gZh8JlV,Princesa,https://open.spotify.com/track/1db75lVrSgDFZI1gZh8JlV,166241,False,3vQ0GE3mI0dAaxIMYe5g7z,Paulo Londra,24088355,79,"argentine hip hop,trap argentino,trap latino,urbano latino",7rd2Pb6dBQvrzgbJU3ihpC,Princesa,single,2024-09-12,1,0.632,0.942,11,-2.665,1,0.0492,0.192,0.0,0.151,0.944,157.023,4,2024-10-31,09:03:21
AR,Argentina,LATAM,12,73,5aZ8rf2aPfZrnRWLA7bByo,Pa´Que Te Acuerdes | CROSSOVER #8,https://open.spotify.com/track/5aZ8rf2aPfZrnRWLA7bByo,172800,True,2OhUNb01gLwygOizYvTm0e,Big One,648401,75,trap argentino,6Es6kN0L82XnLAaKV02ZoC,Pa´ Que Te Acuerdes | CROSSOVER #8,single,2024-10-02,2,0.801,0.677,9,-4.804,1,0.0522,0.0604,0.0,0.0717,0.52,100.017,4,2024-10-31,09:03:22
AR,Argentina,LATAM,13,71,1TyBUtMxdmRfXhW3MmbxtQ,QUE ME FALTE TODO,https://open.spotify.com/track/1TyBUtMxdmRfXhW3MmbxtQ,165918,False,4kcQWQDK0u9AftVSpdrAgk,Luck Ra,1797634,77,"trap argentino,trap triste",3X0T1blaMiY2aev0wrbK1G,QUE NOS FALTE TODO,album,2024-02-02,11,0.731,0.855,3,-5.115,0,0.0516,0.0943,0.0,0.688,0.966,148.052,4,2024-10-31,09:03:23
AR,Argentina,LATAM,14,76,5DSMm0BZXlSvqArsTX00Ge,DOCTOR,https://open.spotify.com/track/5DSMm0BZXlSvqArsTX00Ge,144148,False,4kcQWQDK0u9AftVSpdrAgk,Luck Ra,1797634,77,"trap argentino,trap triste",3Z9VnhuHM0BmsNUVPWMd7y,DOCTOR,single,2024-08-29,1,0.651,0.762,9,-2.969,1,0.0315,0.0834,0.0,0.0701,0.721,90.989,4,2024-10-31,09:03:24
AR,Argentina,LATAM,15,68,6ViJgiKfyqfs52x2pGhuPF,Despójate Vol.2,https://open.spotify.com/track/6ViJgiKfyqfs52x2pGhuPF,240435,False,04XdCDDrPnnqidaVBTOQjt,Hernan y La Champion's Liga,129940,59,"cuarteto,cumbia pop,cumbia villera",2rIGm59XDgX2eYwiOWtFgV,Despójate Vol.2,single,2024-10-03,1,0.67,0.717,1,-6.025,0,0.0435,0.0993,0.0,0.179,0.77,135.059,3,2024-10-31,09:03:25
AR,Argentina,LATAM,16,84,42wdz3j7gstgUuhoFLCXqd,PELIGROSA,https://open.spotify.com/track/42wdz3j7gstgUuhoFLCXqd,134930,True,7CvTknweLr9feJtRGrpDBy,FloyyMenor,1048311,84,reggaeton chileno,6MikZBKCtKfPM4439yzBRz,EL COMIENZO,album,2024-08-09,7,0.763,0.519,6,-7.426,0,0.0636,0.22,6.42e-06,0.0816,0.804,100.025,4,2024-10-31,09:03:26
AR,Argentina,LATAM,17,72,2N0hVk2Ant8751xPZUjCV2,Loquita - Remix,https://open.spotify.com/track/2N0hVk2Ant8751xPZUjCV2,209846,False,2Jb9jVnCpWkXtoGznFJ6bF,ECKO,1318813,67,"argentine hip hop,trap argentino",0jhYJp2HjjXL4Qr30p8THp,Loquita (Remix),single,2024-05-15,1,0.724,0.742,7,-5.551,0,0.0593,0.208,0.0,0.283,0.785,90.038,4,2024-10-31,09:03:26
AR,Argentina,LATAM,18,86,3OJDtCdYs8QJnui708tEU3,Soltera,https://open.spotify.com/track/3OJDtCdYs8QJnui708tEU3,214642,False,0EmeFodog0BfCgMzAIvKQp,Shakira,35127033,88,"colombian pop,dance pop,latin pop,pop",0VRb8B2ls0GDEfmKiL8FWJ,Soltera,single,2024-09-25,1,0.841,0.752,2,-4.735,1,0.105,0.167,0.00046,0.949,0.67,100.076,4,2024-10-31,09:03:27
AR,Argentina,LATAM,19,76,0qeIFEGRQqHoaJtLCl0U73,DEGENERE 👑 (feat. benny blanco),https://open.spotify.com/track/0qeIFEGRQqHoaJtLCl0U73,130880,True,7iK8PXO48WeuP03g8YR51W,Myke Towers,16972727,89,"reggaeton,trap latino,urbano latino",3pkIK8SI5mcUUjb9jNjx4H,LA PANTERA NEGRA (DELUXE),album,2024-10-17,30,0.744,0.709,6,-5.778,0,0.284,0.0501,0.0,0.0847,0.712,194.055,4,2024-10-31,09:03:28
AR,Argentina,LATAM,20,87,5QjmUqgpPQgXgg4606DqZF,UWAIE,https://open.spotify.com/track/5QjmUqgpPQgXgg4606DqZF,172427,False,3UTF2no3muGdiFXVujl94i,Kapo,262954,80,,5H7sO778w4hgr2v2600ajN,UWAIE,single,2024-08-15,1,0.705,0.783,9,-4.783,0,0.0403,0.138,0.0,0.0984,0.454,103.001,4,2024-10-31,09:03:29
AR,Argentina,LATAM,21,88,7bywjHOc0wSjGGbj04XbVi,LUNA,https://open.spotify.com/track/7bywjHOc0wSjGGbj04XbVi,196800,False,2LRoIwlKmHjgvigdNGBHNo,Feid,14446012,92,"colombian pop,pop reggaeton,reggaeton,reggaeton colombiano,trap latino,urbano latino",0lgs2Sa82lyX89nBUWyUy6,FERXXOCALIPSIS,album,2023-12-01,10,0.774,0.86,7,-2.888,0,0.13,0.131,0.0,0.116,0.446,100.019,4,2024-10-31,09:03:30
AR,Argentina,LATAM,22,80,3KeYEr9ogMBemsOfQIJmZp,Cuando Te Vi | CROSSOVER #5,https://open.spotify.com/track/3KeYEr9ogMBemsOfQIJmZp,218400,True,2OhUNb01gLwygOizYvTm0e,Big One,648401,75,trap argentino,4u5sL85dlRv7eIMJIozZl8,Cuando Te Vi | CROSSOVER #5,single,2024-06-27,1,0.81,0.767,6,-3.104,0,0.053,0.162,0.0,0.0957,0.654,99.996,4,2024-10-31,09:03:30
AR,Argentina,LATAM,23,75,2RmtEc2ZNDCzAU3vH0AbKx,Ojos Verdes,https://open.spotify.com/track/2RmtEc2ZNDCzAU3vH0AbKx,142410,False,2UZIAOlrnyZmyzt1nuXr9y,Nicki Nicole,7711432,80,"argentine hip hop,r&b argentino,trap argentino,trap latino,urbano latino",4EeOwzI5OcHYrETtQqkmQk,Ojos Verdes,single,2024-04-24,1,0.582,0.834,4,-2.654,1,0.0394,0.224,2.67e-06,0.145,0.95,167.945,4,2024-10-31,09:03:31
AR,Argentina,LATAM,24,72,3cWo162YkfLIFyB3DWbVoH,Tu Foto - En Vivo,https://open.spotify.com/track/3cWo162YkfLIFyB3DWbVoH,180385,False,7dlkBH23ERFXxuNoMHq94Y,Q' Lokura,1239689,74,cuarteto,2zsRRXZwCOTRvF8r2m7TRv,Tu Foto,single,2024-05-16,1,0.561,0.803,11,-5.132,0,0.073,0.146,0.0,0.188,0.338,153.669,4,2024-10-31,09:03:32
AR,Argentina,LATAM,25,72,2xbH0CuDbid800YW5nMPzR,SINVERGÜENZA - con Angela Torres,https://open.spotify.com/track/2xbH0CuDbid800YW5nMPzR,217490,False,2BTS8Np1YzPQuXjgdlqsBB,Emanero,473116,71,"argentine hip hop,rap conciencia,rap underground argentino",2j4yf0X00zieL424k90UVn,SINVERGÜENZA - con Angela Torres,single,2023-12-05,4,0.764,0.738,0,-4.774,1,0.0336,0.182,0.0,0.173,0.647,93.963,4,2024-10-31,09:03:33
AR,Argentina,LATAM,26,87,6PhRhocBXP4y7NpciGmzra,Después De La 1,https://open.spotify.com/track/6PhRhocBXP4y7NpciGmzra,177600,True,1Yj5Xey7kTwvZla8sqdsdE,Cris Mj,4093373,88,"mambo chileno,trap latino,urbano chileno,urbano latino",2lIzIH2mQQ0ItgkJKefQMp,MJ,single,2024-09-12,2,0.805,0.581,6,-5.091,0,0.0601,0.0303,0.0202,0.0933,0.528,99.973,4,2024-10-31,09:03:34
AR,Argentina,LATAM,27,72,7k59eQ9b5KXWUNQIMrA7nI,Barro,https://open.spotify.com/track/7k59eQ9b5KXWUNQIMrA7nI,201052,False,1bAftSH8umNcGZ0uyV7LMg,Duki,11367985,83,"argentine hip hop,trap argentino,trap latino,trap triste,urbano latino",5dK03A4u8rzbG1XcMYCxbF,Barro,single,2024-10-17,1,0.457,0.378,4,-12.903,0,0.172,0.827,2.49e-05,0.102,0.387,85.802,4,2024-10-31,09:03:34
AR,Argentina,LATAM,28,69,1MCArCVJUgBUrBnzUoZqmq,Dimelo Mami,https://open.spotify.com/track/1MCArCVJUgBUrBnzUoZqmq,154806,False,3WMlRpW5JWuDI95TcEWt3r,Salastkbron,568725,68,pop argentino,6xKpzZVah8P8ybxXDOG4Ad,444,single,2024-06-06,5,0.83,0.782,9,-5.238,0,0.0686,0.0589,3.74e-05,0.0957,0.339,100.047,4,2024-10-31,09:03:35
AR,Argentina,LATAM,29,72,42mrOMjkQb7jRKatu0bqg4,Mil Preguntas,https://open.spotify.com/track/42mrOMjkQb7jRKatu0bqg4,166973,False,7dlkBH23ERFXxuNoMHq94Y,Q' Lokura,1239689,74,cuarteto,5BI7zRrLecwdHFZ3qzDYNR,Mil Preguntas,single,2024-04-11,1,0.641,0.907,8,-4.08,1,0.0764,0.241,0.0,0.219,0.827,76.02,4,2024-10-31,09:03:36
AR,Argentina,LATAM,30,70,4eqXTlaHeK6xkM1fRx9wR5,Conmigo Te Gustó,https://open.spotify.com/track/4eqXTlaHeK6xkM1fRx9wR5,72937,False,7yIp2QRLkQ6loIrupimiri,Pinky SD,32253,77,cumbia pop,5UecDIxoca5aq0Xko7VcuE,URIEL LOZANO / Zapada EN VIVO en UN POCO DE RUIDO!,album,2024-07-28,12,0.742,0.61,9,-9.022,1,0.0658,0.311,6.16e-06,0.0455,0.963,84.015,4,2024-10-31,09:03:37
AR,Argentina,LATAM,31,74,6Es8Sk3xe1HiJ2MXCfHHwR,La_Original.mp3,https://open.spotify.com/track/6Es8Sk3xe1HiJ2MXCfHHwR,140625,False,0AqlFI0tz2DsEoJlKSIiT9,Emilia,3704541,81,pop argentino,2qo8j9yZIsx66yDuUho2jp,.mp3,album,2023-11-03,13,0.833,0.809,5,-2.751,0,0.0381,0.0836,0.0,0.112,0.905,128.055,4,2024-10-31,09:03:38
AR,Argentina,LATAM,32,71,32fRErxI6gKskZXSbEAAAn,FANÁTICO,https://open.spotify.com/track/32fRErxI6gKskZXSbEAAAn,162139,False,22P1OY4TRFRwhP0q29loQ8,Lali,1961145,65,"argentine telepop,pop argentino",5S6TLyMgO3WBE3v8FISDOw,FANÁTICO,single,2024-09-27,1,0.692,0.919,10,-3.418,0,0.14,0.0207,0.0,0.402,0.589,125.849,4,2024-10-31,09:03:38
AR,Argentina,LATAM,33,73,0Cs2ANiGsCOQLKnCrNJ6hA,La_Playlist.mpeg,https://open.spotify.com/track/0Cs2ANiGsCOQLKnCrNJ6hA,149571,False,0AqlFI0tz2DsEoJlKSIiT9,Emilia,3704541,81,pop argentino,4hrs3KFCvbn6OWadD2qio4,La_Playlist.mpeg,single,2024-06-20,1,0.753,0.836,5,-2.584,0,0.0568,0.0184,0.0,0.11,0.891,139.949,4,2024-10-31,09:03:39
AR,Argentina,LATAM,34,74,2AFC9ad4nGauS1cgm7FCqU,UN SIGLO SIN TI,https://open.spotify.com/track/2AFC9ad4nGauS1cgm7FCqU,154800,False,4kcQWQDK0u9AftVSpdrAgk,Luck Ra,1797634,77,"trap argentino,trap triste",4SoT5hvuP9LLXZM2QuV2Pz,UN SIGLO SIN TI,single,2024-07-25,1,0.635,0.908,10,-5.332,1,0.0909,0.141,0.0,0.112,0.924,74.992,4,2024-10-31,09:03:40
AR,Argentina,LATAM,35,100,2plbrEY59IikOBgBGLjaoe,Die With A Smile,https://open.spotify.com/track/2plbrEY59IikOBgBGLjaoe,251667,False,1HY2Jd0NmPuamShAr6KMms,Lady Gaga,32416547,92,"art pop,dance pop,pop",10FLjwfpbxLmW8c25Xyc2N,Die With A Smile,single,2024-08-16,1,0.521,0.592,6,-7.777,0,0.0304,0.308,0.0,0.122,0.535,157.969,3,2024-10-31,09:03:41
AR,Argentina,LATAM,36,75,3oNnzH6hmqIGIhJ1NcHlrh,CORAZÓN VACÍO,https://open.spotify.com/track/3oNnzH6hmqIGIhJ1NcHlrh,160535,False,1DxLCyH42yaHKGK3cl5bvG,Maria Becerra,7141864,82,"pop argentino,urbano latino",3YBQyY0Bj7bpxj0VHAse0P,CORAZÓN VACÍO,single,2023-06-22,1,0.681,0.792,1,-4.795,1,0.0587,0.334,2.05e-06,0.295,0.4,98.09,4,2024-10-31,09:03:42
AR,Argentina,LATAM,37,72,1HRUB9L0IRcRHzLVD4pk6C,TERAPIA DE CHOQUE,https://open.spotify.com/track/1HRUB9L0IRcRHzLVD4pk6C,164424,False,60XHOAhvEBiV6BGBOv8ClM,La Joaqui,1933492,73,"argentine hip hop,rap latina",1iyOjIeFTikF2Tr5nqhGNc,TERAPIA DE CHOQUE,single,2024-07-17,2,0.721,0.913,1,-4.289,1,0.0492,0.128,0.0,0.115,0.883,101.991,4,2024-10-31,09:03:42
AR,Argentina,LATAM,38,72,4jn3R3KF5hx2fCiXlj89yE,FLECHAZO EN EL CENTRO,https://open.spotify.com/track/4jn3R3KF5hx2fCiXlj89yE,185241,False,2qWK8K2Jfh67UqtwY8tCW6,YSY A,3315242,75,"argentine hip hop,trap argentino",4n6BNKtpmZOYUyfecMzzpZ,TU DUO FAVORITO,album,2023-09-06,10,0.753,0.644,5,-6.685,0,0.043,0.132,1.66e-06,0.104,0.457,104.947,4,2024-10-31,09:03:43
AR,Argentina,LATAM,39,84,1pymWRCuZfCd0zdiBJo0Hj,REAL GANGSTA LOVE,https://open.spotify.com/track/1pymWRCuZfCd0zdiBJo0Hj,145342,True,2x7PC78TmgqpEIjaGAZ0Oz,Trueno,7855727,80,"argentine hip hop,bases de freestyle,trap argentino,trap latino,urbano latino",3EWJoKrG9XnCjvAPzkQZ88,EL ÚLTIMO BAILE,album,2024-05-23,13,0.831,0.643,4,-4.659,0,0.0568,0.388,6.94e-05,0.374,0.57,97.013,4,2024-10-31,09:03:44
AR,Argentina,LATAM,40,68,2wEhjcnre2PU36KQNBLXCC,SE DICE DE MI,https://open.spotify.com/track/2wEhjcnre2PU36KQNBLXCC,136000,True,2eXWodjj5K1vVq2CSjl036,DobleP,199888,69,,1hRsbHaRtaYcvPVKe1ZhvI,SE DICE DE MI,single,2024-09-11,1,0.706,0.518,2,-7.559,1,0.231,0.105,0.0,0.502,0.815,180.083,4,2024-10-31,09:03:45
AR,Argentina,LATAM,41,79,39Pc4a04VgCtcc7m0XKi9M,TAMBIÉN,https://open.spotify.com/track/39Pc4a04VgCtcc7m0XKi9M,139546,True,7iK8PXO48WeuP03g8YR51W,Myke Towers,16972727,89,"reggaeton,trap latino,urbano latino",6NmYJszy5BaEm1WF4tJL7Z,LA PANTERA NEGRA,album,2024-08-22,20,0.629,0.643,4,-6.908,1,0.205,0.291,0.0,0.106,0.928,119.944,4,2024-10-31,09:03:46
AR,Argentina,LATAM,42,78,16iLGYXMiLUhvqTEIu4pKB,3 PECADOS DESPUES…,https://open.spotify.com/track/16iLGYXMiLUhvqTEIu4pKB,118558,True,19HM5j0ULGSmEoRcrSe5x3,Milo j,4999451,83,"trap argentino,trap latino,urbano latino",6apkynw8DBUza2600Wm70t,166,album,2024-07-11,12,0.784,0.383,1,-9.166,1,0.111,0.401,1.92e-05,0.0851,0.537,110.889,3,2024-10-31,09:03:46
AR,Argentina,LATAM,43,83,6a9Z1jUms915w4O7N1PxjY,Santa,https://open.spotify.com/track/6a9Z1jUms915w4O7N1PxjY,193038,False,1fctva4kpRbg2k3v7kwRuS,Rvssian,2505121,76,"reggaeton,reggaeton flow,trap latino,urbano latino",3uzutRS5qX4ng5Skjh5S6W,Santa,single,2024-04-03,2,0.725,0.709,3,-5.017,0,0.129,0.321,0.000189,0.114,0.648,99.993,4,2024-10-31,09:03:47
AR,Argentina,LATAM,44,68,6vRQqxOhUFd78p5tL8jXr7,La Morocha,https://open.spotify.com/track/6vRQqxOhUFd78p5tL8jXr7,134144,False,4kcQWQDK0u9AftVSpdrAgk,Luck Ra,1797634,77,"trap argentino,trap triste",3X0T1blaMiY2aev0wrbK1G,QUE NOS FALTE TODO,album,2024-02-02,11,0.756,0.769,7,-5.752,1,0.0342,0.0973,0.0,0.279,0.973,149.109,4,2024-10-31,09:03:48
AR,Argentina,LATAM,45,79,7eNwwoxDR8KVzNAuGvliAO,Kyoto,https://open.spotify.com/track/7eNwwoxDR8KVzNAuGvliAO,247840,True,3E12tRURRvPfHz0hAMCFYc,Omar Courtz,376316,82,"trap boricua,trap latino,urbano latino",6YOCVR0kA8mO2nWE8LINKa,Kyoto,single,2023-07-14,1,0.732,0.753,9,-4.269,0,0.0512,0.235,1.74e-05,0.568,0.405,94.978,4,2024-10-31,09:03:49
AR,Argentina,LATAM,46,71,5f4mOETLngamMDTJnbF9s7,Exclusive.mp3,https://open.spotify.com/track/5f4mOETLngamMDTJnbF9s7,120600,False,0AqlFI0tz2DsEoJlKSIiT9,Emilia,3704541,81,pop argentino,2qo8j9yZIsx66yDuUho2jp,.mp3,album,2023-11-03,13,0.858,0.677,8,-4.294,1,0.118,0.106,0.0,0.246,0.584,100.046,4,2024-10-31,09:03:50
AR,Argentina,LATAM,47,73,0EhmTBq33eARyOz3SIi4P2,En Otra Vida,https://open.spotify.com/track/0EhmTBq33eARyOz3SIi4P2,153609,False,4RWJOoYwgF978LOn8Fainp,Yami Safdie,278345,68,cantautora argentina,2YB2eziTKgn9bnRz7prmoP,En Otra Vida,single,2024-10-10,1,0.459,0.162,0,-11.634,1,0.0425,0.929,0.0,0.137,0.483,184.784,3,2024-10-31,09:03:51
AR,Argentina,LATAM,48,69,7JKptWv4YXmievid0HajID,HOLA PERDIDA,https://open.spotify.com/track/7JKptWv4YXmievid0HajID,166536,False,4kcQWQDK0u9AftVSpdrAgk,Luck Ra,1797634,77,"trap argentino,trap triste",3X0T1blaMiY2aev0wrbK1G,QUE NOS FALTE TODO,album,2024-02-02,11,0.482,0.794,2,-5.86,0,0.0835,0.187,0.0,0.744,0.565,154.921,4,2024-10-31,09:03:51
AR,Argentina,LATAM,49,80,7MVIfkyzuUmQ716j8U7yGR,Rara Vez,https://open.spotify.com/track/7MVIfkyzuUmQ716j8U7yGR,128677,False,19HM5j0ULGSmEoRcrSe5x3,Milo j,4999451,83,"trap argentino,trap latino,urbano latino",26wRfIX4WqKLKHll9O3KnF,Rara Vez,single,2023-02-08,1,0.838,0.708,5,-4.668,0,0.166,0.176,0.0,0.343,0.96,119.984,4,2024-10-31,09:03:52
AR,Argentina,LATAM,50,70,0CgpCtEPvyDizcg2p47VrU,A las Nueve,https://open.spotify.com/track/0CgpCtEPvyDizcg2p47VrU,207533,False,4ZDoy7AWNgQVmX7T0u0B1j,No Te Va Gustar,2365561,70,"latin alternative,reggae uruguayo,rock en espanol,rock uruguayo",1rfWo44UYWqM3a99Vknlc3,El Calor Del Pleno Invierno,album,2012-10-18,14,0.625,0.804,4,-5.652,0,0.0268,0.236,8.22e-05,0.308,0.827,129.931,4,2024-10-31,09:03:53
BR,Brasil,LATAM,1,80,6s1kzj4EbhFLXbuAGJbhbn,Barbie,https://open.spotify.com/track/6s1kzj4EbhFLXbuAGJbhbn,192755,False,6aoGgTKGqtsjj48ymcNs4Z,MC Tuto,896068,80,funk consciente,6MNtIXqAF51SJfAyETEtjL,Barbie,single,2024-10-18,1,0.955,0.425,3,-8.242,0,0.43,0.711,0.0,0.101,0.716,127.032,4,2024-10-31,09:03:54
BR,Brasil,LATAM,2,73,63BroH3HiwxYD8T5qTZiJn,A Noite (La Notte) - Ao Vivo,https://open.spotify.com/track/63BroH3HiwxYD8T5qTZiJn,201557,False,7MiDcPa6UiV3In7lIM71IN,Gusttavo Lima,21783819,82,"agronejo,arrocha,sertanejo,sertanejo universitario",3c1EWuqoXW71z03rvyogVr,Embaixador Acústico - Ao Vivo,album,2024-10-02,25,0.752,0.518,11,-5.757,1,0.0349,0.6,0.0,0.101,0.577,145.957,4,2024-10-31,09:03:55
BR,Brasil,LATAM,3,82,1wubETHu3SeJHfbz9itEH0,Última Saudade - Ao Vivo,https://open.spotify.com/track/1wubETHu3SeJHfbz9itEH0,150449,False,3p7PcrEHaaKLJnPUGOtRlT,Henrique & Juliano,23860705,86,"agronejo,arrocha,musica tocantinense,sertanejo,sertanejo universitario",4HothMjvojSA740SFUAiRC,Manifesto Musical 2 (Ao Vivo / EP1),single,2024-09-27,4,0.443,0.7,6,-5.196,1,0.0422,0.605,0.0,0.634,0.572,153.383,4,2024-10-31,09:03:56
BR,Brasil,LATAM,4,75,6dwBglhRdkwcb2CL9dHdJs,Pega Cabuloso - Ao Vivo em São Paulo,https://open.spotify.com/track/6dwBglhRdkwcb2CL9dHdJs,137066,False,1SXhEXzOTF7YeuQX59m7pT,NATTAN,3031217,77,forro,2NZDGGCTDkmll9tzbbddEO,Estilo Nattanzinho (Ao Vivo em São Paulo),album,2024-08-07,14,0.66,0.864,2,-3.206,1,0.0499,0.272,0.0,0.042,0.963,144.124,4,2024-10-31,09:03:57
BR,Brasil,LATAM,5,82,3H7eBmcTJyuEMStfmKuLmG,A Danada Me Ligando,https://open.spotify.com/track/3H7eBmcTJyuEMStfmKuLmG,283636,True,5Dz2FizMLqV0Cr3c8uhEcF,MC Cebezinho,1112272,75,funk paulista,5JSy0y2EhIpd2duve74FqE,A Danada Me Ligando,single,2024-08-23,1,0.728,0.422,11,-7.544,0,0.501,0.106,6.49e-06,0.0869,0.702,120.897,4,2024-10-31,09:03:57
BR,Brasil,LATAM,6,82,1YlfGwNizEKy299l1PVggn,Coração Partido (Corazón Partío) - Ao Vivo,https://open.spotify.com/track/1YlfGwNizEKy299l1PVggn,195794,False,6vTqEFbTtTRJsuIpzZgjxi,Grupo Menos É Mais,3950723,79,"pagode,pagode novo",1TDPdTrinPDX4tZTwYOE1v,Coração Partido (Corazón Partío) [Ao Vivo],single,2024-08-29,1,0.651,0.756,6,-7.97,1,0.0865,0.643,0.0,0.214,0.791,160.03,4,2024-10-31,09:03:58
BR,Brasil,LATAM,7,100,2plbrEY59IikOBgBGLjaoe,Die With A Smile,https://open.spotify.com/track/2plbrEY59IikOBgBGLjaoe,251667,False,1HY2Jd0NmPuamShAr6KMms,Lady Gaga,32416547,92,"art pop,dance pop,pop",10FLjwfpbxLmW8c25Xyc2N,Die With A Smile,single,2024-08-16,1,0.521,0.592,6,-7.777,0,0.0304,0.308,0.0,0.122,0.535,157.969,3,2024-10-31,09:03:59
BR,Brasil,LATAM,8,53,3Na05ukzM1l7QXBqQmWyfo,Última Noite,https://open.spotify.com/track/3Na05ukzM1l7QXBqQmWyfo,154553,True,1DuBkL1pAgaZQHXKPiVr08,Léo Foguete,34346,65,,1jUaMGClL6BGdKqbyw0sjX,Obrigado Deus,album,2024-10-26,13,0.473,0.832,4,-5.633,0,0.0788,0.31,0.0,0.14,0.755,83.806,4,2024-10-31,09:04:00
BR,Brasil,LATAM,9,72,4TnEIYOXZ9KBGHOIqG5Xs5,ESCADA DO PRÉDIO,https://open.spotify.com/track/4TnEIYOXZ9KBGHOIqG5Xs5,137272,True,5wbf52LA6kcaboHSN6NEF1,PEDRO SAMPAIO,2701298,74,"funk carioca,funk rj",28MLfO3QWZB7lKz73TDdvs,ASTRO,album,2024-09-04,15,0.886,0.534,5,-4.712,0,0.0481,0.557,0.0,0.13,0.78,131.966,4,2024-10-31,09:04:01
BR,Brasil,LATAM,10,76,2drZGdAOxfE2KoMGTkidmq,365 Dias (Vida Mansa),https://open.spotify.com/track/2drZGdAOxfE2KoMGTkidmq,527220,False,04QHNiih9ZesPvals6II1h,MC Marks,1704828,75,"funk consciente,funk paulista",49TkAXV7QtwIAHwJ6Xusjt,365 Dias (Vida Mansa),single,2024-09-27,1,0.765,0.669,11,-4.029,1,0.212,0.558,0.0,0.271,0.84,130.999,4,2024-10-31,09:04:02
BR,Brasil,LATAM,11,79,3EJfFRgtbIYzBQdlc6PO9V,Vai Lá - Ao Vivo em Goiânia,https://open.spotify.com/track/3EJfFRgtbIYzBQdlc6PO9V,140438,False,59jlthNnbmim5l9tmNA7se,Maiara & Maraisa,13851973,78,"sertanejo,sertanejo pop,sertanejo universitario",0Ml8TeA47M35e2WqV4JrCm,iMEMsidão EP 01 (Ao Vivo em Goiânia),single,2024-09-26,6,0.63,0.835,6,-4.079,0,0.129,0.237,0.0,0.291,0.895,175.918,4,2024-10-31,09:04:02
BR,Brasil,LATAM,12,95,5vNRhkKd0yEAg8suGBpjeY,APT.,https://open.spotify.com/track/5vNRhkKd0yEAg8suGBpjeY,169917,False,3eVa5w3URK5duf6eyVDbu9,ROSÉ,7632823,82,k-pop,2IYQwwgxgOIn7t3iF6ufFD,APT.,single,2024-10-18,1,0.777,0.783,0,-4.477,0,0.26,0.0283,0.0,0.355,0.939,149.027,4,2024-10-31,09:04:03
BR,Brasil,LATAM,13,74,7BLjPZwgbxQSLZ4rWbboJY,Vida de Artista,https://open.spotify.com/track/7BLjPZwgbxQSLZ4rWbboJY,196000,True,6XFc29m1ptfUNmaa1UTuBT,MC Joãozinho VT,1133214,76,funk paulista,2gMhGYe4x6O1vDG9AUjIwW,Vida de Artista,single,2024-06-26,1,0.913,0.724,10,-4.866,0,0.193,0.502,0.0,0.0794,0.831,119.922,4,2024-10-31,09:04:04
BR,Brasil,LATAM,14,80,4ssHL7bSnOAE7HjiuLx6Co,Crack com Mussilon,https://open.spotify.com/track/4ssHL7bSnOAE7HjiuLx6Co,154418,True,5nP8x4uEFjAAmDzwOEc9b8,Matuê,11328816,82,"r&b brasileiro,rap cearense,trap brasileiro",5CP84pfi4AFe95UTACFWrk,333,album,2024-09-09,12,0.767,0.803,6,-2.833,0,0.116,0.173,0.0,0.14,0.462,128.979,4,2024-10-31,09:04:05
BR,Brasil,LATAM,15,74,4jUZymsR3lkia9wkP0o9cX,MTG NA IMAGINAÇÃO - TOPO SESSIONS VOL. 1,https://open.spotify.com/track/4jUZymsR3lkia9wkP0o9cX,144923,False,0xj9MJx9r0wO2o4aqdergP,DJ TOPO,186020,72,"deboxe,funk mtg,rave funk",0jMhgDRoYlzzqIM407XCPk,MTG NA IMAGINAÇÃO (TOPO SESSIONS VOL. 1),single,2024-09-13,1,0.64,0.588,2,-0.766,0,0.177,0.605,1.51e-05,0.0979,0.379,162.568,5,2024-10-31,09:04:06
BR,Brasil,LATAM,16,76,6ukVCqH77f6cwRHyJBhGgy,Arruma Um Bão,https://open.spotify.com/track/6ukVCqH77f6cwRHyJBhGgy,175078,False,41QLxRXlc2NwfJZkHGHKid,Israel & Rodolffo,2690203,71,"agronejo,arrocha,sertanejo,sertanejo pop,sertanejo universitario",6zw5gasuMMyY7fqTDUX2xq,Termômetro,album,2024-10-03,8,0.731,0.796,5,-4.478,1,0.0356,0.435,0.0,0.16,0.602,95.018,4,2024-10-31,09:04:07
BR,Brasil,LATAM,17,74,2wXqRqVGiGB2fyy9eoPJbP,Eu sou Cantor Não Sou Bandido,https://open.spotify.com/track/2wXqRqVGiGB2fyy9eoPJbP,266666,False,1mV9h1AwhRXSjBFcYpajgY,Mc Lele JP,976514,70,funk paulista,2hP5V6Xu71tHrg7bmlSS89,Eu sou Cantor Não Sou Bandido,single,2024-07-10,1,0.694,0.488,11,-8.343,1,0.45,0.323,7.94e-06,0.107,0.673,126.032,4,2024-10-31,09:04:07
BR,Brasil,LATAM,18,78,5rHhO6SBSzo3E9m3KHyCtt,Peça Íntima,https://open.spotify.com/track/5rHhO6SBSzo3E9m3KHyCtt,169634,False,3hq7WoPJsrRP0KMSLhUgRz,Murilo Huff,1675977,80,"arrocha,sertanejo,sertanejo universitario",1Tf3Ooizx4fstK5vp6rtfF,Peça Íntima,single,2024-10-10,1,0.669,0.877,5,-2.768,1,0.0663,0.218,0.0,0.166,0.755,152.049,4,2024-10-31,09:04:08
BR,Brasil,LATAM,19,81,5sKGmZDmkGwFed5dPpZpZL,Xonei,https://open.spotify.com/track/5sKGmZDmkGwFed5dPpZpZL,154555,False,1elUiq4X7pxej6FRlrEzjM,Jorge & Mateus,20459590,82,"agronejo,arrocha,sertanejo,sertanejo universitario",711n0ABtpMF0SjSuDrM1PK,Xonei,single,2024-08-15,1,0.561,0.824,9,-3.992,1,0.189,0.384,0.0,0.0956,0.696,163.81,4,2024-10-31,09:04:09
BR,Brasil,LATAM,20,49,6YdJ2jJOo143KhXT9qvQVe,300 no 7,https://open.spotify.com/track/6YdJ2jJOo143KhXT9qvQVe,195572,True,5s27i7oqhNWIcE4HeoVdq0,MC GP,1380329,76,"funk consciente,funk paulista",4fkmsXc6PvWwgNJJ5yzW4E,Quem Quer F1 Com o G?,album,2024-10-25,16,0.631,0.614,9,-4.851,1,0.521,0.326,0.0,0.622,0.612,83.953,5,2024-10-31,09:04:10
BR,Brasil,LATAM,21,61,6UzGpz33nYXa3gAEJ1mndV,O Meu Coração Em Suas Mãos (Colgando en tu manos) - Ao Vivo,https://open.spotify.com/track/6UzGpz33nYXa3gAEJ1mndV,204343,False,1LIuN7ov1IBQDdLsU83ojl,Hugo & Guilherme,2246280,79,"agronejo,arrocha,sertanejo,sertanejo pop,sertanejo universitario",4kjCJEhjBMvh1p9aYOutCs,No Pelo 360 - Ao Vivo no 062,album,2024-10-10,12,0.642,0.714,6,-4.15,1,0.0387,0.761,0.0,0.142,0.599,119.874,4,2024-10-31,09:04:11
BR,Brasil,LATAM,22,81,7l9Tq5phzkLnhWUyfp702G,Saveiro,https://open.spotify.com/track/7l9Tq5phzkLnhWUyfp702G,144665,False,0JRPF8WIKUtSO2IUYfrcuh,Kaique e Felipe,20003,69,sertanejo pop,6uVgeP03fiAhjy23TVWKzS,Saveiro,single,2024-07-25,1,0.79,0.849,9,-3.608,1,0.041,0.341,0.0,0.356,0.8,118.074,4,2024-10-31,09:04:12
BR,Brasil,LATAM,23,76,1lflD04lIdgV10sCMwFYOu,Sorriso no Rosto,https://open.spotify.com/track/1lflD04lIdgV10sCMwFYOu,155132,True,6mKwmTMzDrye9elc8JWiw3,Mc Leozin,258365,70,"funk bh,funk mtg",2sYKQv22lrZBp1BwWT2cKr,Menino Maluquinho,album,2024-05-24,9,0.924,0.42,5,-7.145,0,0.205,0.625,0.000308,0.0701,0.744,129.99,4,2024-10-31,09:04:12
BR,Brasil,LATAM,24,76,5CtXR89REICvEZljUEK8r1,Do Jeito Que Você Mete,https://open.spotify.com/track/5CtXR89REICvEZljUEK8r1,120950,True,5tfvAC3ptwTnVXeNJ8qkYe,DJ L30,6199,63,,3CrUjWfFQTKOJLm84bETqM,Do Jeito Que Você Mete,single,2024-02-20,1,0.964,0.459,0,-4.661,1,0.145,0.334,0.072,0.0974,0.738,130.013,4,2024-10-31,09:04:13
BR,Brasil,LATAM,25,75,02I0Nm97YdmZ8teGFcIHEy,Tropa do Sem K.O,https://open.spotify.com/track/02I0Nm97YdmZ8teGFcIHEy,376000,True,6XFc29m1ptfUNmaa1UTuBT,MC Joãozinho VT,1133214,76,funk paulista,5SM8mR0LUO5ajfRTGAtU5e,Tropa do Sem K.O,single,2024-09-03,1,0.612,0.729,8,-3.7,0,0.487,0.311,0.0,0.0495,0.786,85.511,3,2024-10-31,09:04:14
BR,Brasil,LATAM,26,73,7HrDxxY2b7vOKxJHtqdXN6,Imã de Problema,https://open.spotify.com/track/7HrDxxY2b7vOKxJHtqdXN6,137293,False,6wduHvHCH5QZtWs6ULilDM,Henry Freitas,775484,70,forro,1FN14esKWwt7bRRrdWDOHW,Toca Que Eu Quero Ouvir,album,2024-09-20,7,0.838,0.858,1,-2.417,1,0.0439,0.443,0.0,0.105,0.959,135.958,4,2024-10-31,09:04:15
BR,Brasil,LATAM,27,77,6RjSXi9cPGroetXeNsWFGL,MTG QUEM NÃO QUER SOU EU,https://open.spotify.com/track/6RjSXi9cPGroetXeNsWFGL,123692,False,0xj9MJx9r0wO2o4aqdergP,DJ TOPO,186020,72,"deboxe,funk mtg,rave funk",4sLNpzARYcLX5BIGLOvgNC,MTG QUEM NÃO QUER SOU EU,single,2024-05-10,1,0.492,0.427,9,-6.37,0,0.372,0.364,0.00482,0.53,0.443,80.492,5,2024-10-31,09:04:16
BR,Brasil,LATAM,28,73,2pilqAMqJMjbIQSnQVNdMv,Eu Vou Sentar - Ao Vivo em São Paulo,https://open.spotify.com/track/2pilqAMqJMjbIQSnQVNdMv,154734,False,1SXhEXzOTF7YeuQX59m7pT,NATTAN,3031217,77,forro,2NZDGGCTDkmll9tzbbddEO,Estilo Nattanzinho (Ao Vivo em São Paulo),album,2024-08-07,14,0.74,0.799,9,-3.581,1,0.0643,0.328,0.0,0.916,0.604,148.019,4,2024-10-31,09:04:16
BR,Brasil,LATAM,29,74,5pmQRsVD9qPoF4VXoITPUC,SE ARREPENDIMENTO MATASSE - Ao Vivo,https://open.spotify.com/track/5pmQRsVD9qPoF4VXoITPUC,172091,False,3qvcCP2J0fWi0m0uQDUf6r,Luan Santana,8165108,79,"arrocha,sertanejo,sertanejo universitario",0SXQI9rQAxolmySULiXLi0,LUAN AO VIVO NA LUA - NOVA,single,2024-10-10,5,0.331,0.642,2,-6.455,1,0.033,0.554,0.0,0.151,0.463,149.079,4,2024-10-31,09:04:17
BR,Brasil,LATAM,30,74,4t4V2ptzeV94uXjUS1X18F,Pinxadão,https://open.spotify.com/track/4t4V2ptzeV94uXjUS1X18F,138466,True,6qrqAYlS6lUj2BVXax7SZW,Mc Jacaré,613389,72,"arrochadeira,deboxe,funk 150 bpm,funk mtg,funk rj,trap funk",34GleyRUWxC5I2pn6rgmwr,Eletrofunk Raiz,album,2024-08-16,8,0.855,0.695,4,-3.297,0,0.118,0.731,1.7e-06,0.135,0.533,129.968,4,2024-10-31,09:04:18
BR,Brasil,LATAM,31,78,7pkpWcko6KEZANj0xKsCsu,Cronômetro - Ao Vivo,https://open.spotify.com/track/7pkpWcko6KEZANj0xKsCsu,165301,False,2Z0lRIqr997lIUiPtrpKCr,Matheus & Kauan,11378537,80,"agronejo,arrocha,pop nacional,sertanejo,sertanejo universitario",7IrTWvmwWzNs06jd3kEyMQ,Praiou (Ao Vivo / Vol.3),album,2024-07-05,16,0.633,0.815,2,-3.943,1,0.111,0.484,0.0,0.431,0.642,97.555,4,2024-10-31,09:04:19
BR,Brasil,LATAM,32,68,6SfcAUMXsi6eW6vZki5tC5,Novinha do TKT,https://open.spotify.com/track/6SfcAUMXsi6eW6vZki5tC5,172727,True,3CIIaeZuFYrAD6PRVyuO4U,Felipe Amorim,2419175,75,"arrocha,arrochadeira,forro",4WxSKQaZ5Hxlgg8Bj9A8IH,"Ao After e Além, Pt.2 (Deluxe)",album,2024-08-30,10,0.823,0.865,7,-3.066,0,0.0366,0.496,0.00399,0.111,0.962,131.971,4,2024-10-31,09:04:20
BR,Brasil,LATAM,33,78,7IFsTX5H1sWcEl8joV0IdD,THE BOX MEDLEY FUNK 2,https://open.spotify.com/track/7IFsTX5H1sWcEl8joV0IdD,266666,False,7gHzR22tDNSWGS4HkvvPgw,THE BOX,381050,66,trap brasileiro,0dW6ozKchun19vdN4BSIUy,THE BOX MEDLEY FUNK 2,single,2024-04-18,1,0.778,0.687,11,-8.568,0,0.105,0.578,0.0105,0.356,0.839,117.008,4,2024-10-31,09:04:20
BR,Brasil,LATAM,34,79,1NcqLEg2r2LXqMVbam2BJD,Triplex - Ao Vivo,https://open.spotify.com/track/1NcqLEg2r2LXqMVbam2BJD,178170,False,37mqXU98U5GmH5ZDtlHM1c,Matheus Fernandes,878497,71,"arrocha,forro",0PCSUAvZhDq8HVVN50o0U3,Triplex (Ao Vivo),single,2024-05-22,1,0.657,0.839,8,-4.603,0,0.0528,0.582,0.0,0.945,0.793,109.813,4,2024-10-31,09:04:21
BR,Brasil,LATAM,35,80,6mTpK40yIRk1xGGNvRMHGg,Me Caiu Tão Bem - Ao Vivo,https://open.spotify.com/track/6mTpK40yIRk1xGGNvRMHGg,156146,False,3hq7WoPJsrRP0KMSLhUgRz,Murilo Huff,1675977,80,"arrocha,sertanejo,sertanejo universitario",0gCOaKfrBuEMpjvKDZnfak,"Fortaleza, Vol.3 (Ao Vivo)",album,2024-06-06,11,0.569,0.724,1,-4.049,1,0.041,0.518,0.0,0.448,0.373,133.557,4,2024-10-31,09:04:22
BR,Brasil,LATAM,36,76,5aMgTcyBPH90hWHhbNKTwR,Entregador de Flor - Ao Vivo em Brasília,https://open.spotify.com/track/5aMgTcyBPH90hWHhbNKTwR,190276,False,3k68C6mNMJL6OaAdWeW2ZF,Diego & Victor Hugo,3068329,73,"arrocha,sertanejo,sertanejo pop,sertanejo universitario",6PlcH8kJmbJIagbWVuqHz7,Diego & Victor Hugo Ao Vivo em Brasília,album,2019-07-12,22,0.375,0.832,2,-4.301,1,0.0748,0.559,0.0,0.414,0.308,124.908,4,2024-10-31,09:04:23
BR,Brasil,LATAM,37,75,2KdyhL41F9solmRiyLQ3yl,Sei Tocar Violão - Ao Vivo,https://open.spotify.com/track/2KdyhL41F9solmRiyLQ3yl,164596,False,1tKrZaph4cLsnEdqC5BNEQ,Clayton & Romário,420560,73,"agronejo,arrocha,sertanejo,sertanejo pop,sertanejo universitario",6pSEJeeQ50tN0zfSx8sXrg,Ao Vivo Em Brasília (EP3),single,2024-09-26,3,0.642,0.773,0,-4.014,0,0.0407,0.64,0.0,0.448,0.608,108.035,4,2024-10-31,09:04:24
BR,Brasil,LATAM,38,71,3Bkw2nrO4vXwql6BBDH5pq,Aham - Ao Vivo,https://open.spotify.com/track/3Bkw2nrO4vXwql6BBDH5pq,149025,False,7gZu6kPnY9enEi5FvgTO4F,Felipe e Rodrigo,206962,73,"sertanejo,sertanejo pop",4tcd8Asdup9cwhIpLAxcbx,Questão de Tempo (Ao Vivo / Parte 2),album,2024-08-21,12,0.557,0.95,0,-4.418,0,0.263,0.516,0.0,0.689,0.666,153.867,4,2024-10-31,09:04:24
BR,Brasil,LATAM,39,92,7tI8dRuH2Yc6RuoTjxo4dU,Who,https://open.spotify.com/track/7tI8dRuH2Yc6RuoTjxo4dU,170887,False,1oSPZhvZMIrWW5I41kPkkY,Jimin,9717033,88,k-pop,15XcLhiVMlSOipUddTNDnr,MUSE,album,2024-07-19,7,0.66,0.756,0,-3.743,0,0.032,0.00289,0.0,0.193,0.838,116.034,4,2024-10-31,09:04:25
BR,Brasil,LATAM,40,77,7Elw15XWLpOi4qzHyAwa9e,Nosso Primeiro Beijo - Ao Vivo,https://open.spotify.com/track/7Elw15XWLpOi4qzHyAwa9e,168805,False,7rXMvXRnWHaSwnVvPeUUfw,Gloria Groove,3426409,74,"funk carioca,pop lgbtq+ brasileira",2rKJHBwHEuztGQqjBkDDAK,"Serenata da GG, Vol. 1 (Ao Vivo)",album,2024-05-30,13,0.507,0.68,7,-6.855,0,0.037,0.715,0.0,0.964,0.679,133.95,4,2024-10-31,09:04:26
BR,Brasil,LATAM,41,74,7ghRkxJXkQCFO0l8Kn8i8U,Seja Ex - Ao Vivo,https://open.spotify.com/track/7ghRkxJXkQCFO0l8Kn8i8U,192034,False,3p7PcrEHaaKLJnPUGOtRlT,Henrique & Juliano,23860705,86,"agronejo,arrocha,musica tocantinense,sertanejo,sertanejo universitario",4HothMjvojSA740SFUAiRC,Manifesto Musical 2 (Ao Vivo / EP1),single,2024-09-27,4,0.563,0.855,8,-4.967,1,0.0535,0.52,0.0,0.936,0.597,157.573,4,2024-10-31,09:04:27
BR,Brasil,LATAM,42,75,7f1tZNtc1t456ybBsl5sfK,Pula Fora - Ao Vivo,https://open.spotify.com/track/7f1tZNtc1t456ybBsl5sfK,149323,False,3hq7WoPJsrRP0KMSLhUgRz,Murilo Huff,1675977,80,"arrocha,sertanejo,sertanejo universitario",0Lo0mXzAAVAjuxyuYHWVZ1,Fortaleza (Ao Vivo),album,2024-08-22,14,0.727,0.837,8,-4.139,1,0.118,0.451,0.0,0.463,0.866,137.983,4,2024-10-31,09:04:28
BR,Brasil,LATAM,43,73,5RHOhXxMVhpEaBcG6hIydA,Maturidade,https://open.spotify.com/track/5RHOhXxMVhpEaBcG6hIydA,142026,True,2h5Ha0ZiMFmOQD3iYcSXsy,KayBlack,3556466,77,"trap brasileiro,trap funk",2QWzXzDW94VU4E9KBSJehg,Maturidade,single,2022-09-08,1,0.722,0.411,2,-9.963,0,0.387,0.509,0.0,0.0976,0.503,172.445,3,2024-10-31,09:04:29
BR,Brasil,LATAM,44,77,68qzO9uhrv6zwONksdHYuj,Cara da Midia,https://open.spotify.com/track/68qzO9uhrv6zwONksdHYuj,143225,False,6YzSM19LzpLH0nVKKU6Jsy,Mc Daniel,2074726,76,funk viral,0l6zDsnSn1lM6FWZknjsAI,Sem Música,album,2024-08-27,16,0.751,0.701,1,-6.789,0,0.0646,0.603,0.000258,0.264,0.246,123.903,4,2024-10-31,09:04:30
BR,Brasil,LATAM,45,75,4XaLEsmrRGSDkgd7qpn4Nl,Sempre na Simplicidade,https://open.spotify.com/track/4XaLEsmrRGSDkgd7qpn4Nl,300000,True,70jpkgy5oGT4YjaGFpCpk7,MC LUUKY,200495,77,,28vY5m1Agyk9IdbgWacYow,Sempre na Simplicidade,single,2024-07-17,1,0.69,0.771,1,-3.382,0,0.445,0.268,0.0,0.0965,0.454,116.539,4,2024-10-31,09:04:30
BR,Brasil,LATAM,46,76,65vJAh07BdwurqR9SRa6f8,Apaguei Pra Todos - Ao Vivo,https://open.spotify.com/track/65vJAh07BdwurqR9SRa6f8,198678,False,5ZfBThYiIIhL7jHMG8gDB2,Ferrugem,5506974,77,"funk carioca,pagode,pagode novo,sertanejo universitario",4S9yXoEJxk13SHsFsnYLcm,"Ferrugem 10 Anos, Vol. 1: O Início (Ao Vivo)",album,2024-04-18,15,0.624,0.734,4,-6.498,0,0.0475,0.516,0.0,0.828,0.499,139.905,4,2024-10-31,09:04:31
BR,Brasil,LATAM,47,79,4dvHZesL5UKzfJnFH5bm3g,CLONE - Ao Vivo,https://open.spotify.com/track/4dvHZesL5UKzfJnFH5bm3g,164401,False,3qvcCP2J0fWi0m0uQDUf6r,Luan Santana,8165108,79,"arrocha,sertanejo,sertanejo universitario",1joXkdnMTPXoc4nRIqkr0s,CLONE (Ao Vivo),single,2024-08-22,1,0.588,0.673,6,-6.406,1,0.0329,0.279,0.0,0.711,0.551,114.071,4,2024-10-31,09:04:32
BR,Brasil,LATAM,48,77,2fjqfFUq64thFsqfKN01kS,Imagina esse Cenário,https://open.spotify.com/track/2fjqfFUq64thFsqfKN01kS,155368,True,5nP8x4uEFjAAmDzwOEc9b8,Matuê,11328816,82,"r&b brasileiro,rap cearense,trap brasileiro",5CP84pfi4AFe95UTACFWrk,333,album,2024-09-09,12,0.583,0.665,1,-3.885,1,0.18,0.314,0.0,0.112,0.463,94.329,4,2024-10-31,09:04:33
BR,Brasil,LATAM,49,70,4VNRWHoiKHZJIoQHPbmJIv,Gosta De Rua - Ao Vivo,https://open.spotify.com/track/4VNRWHoiKHZJIoQHPbmJIv,171335,False,7gZu6kPnY9enEi5FvgTO4F,Felipe e Rodrigo,206962,73,"sertanejo,sertanejo pop",31FOkXSjgGWQN0AABNxtbA,Questão de Tempo (Ao Vivo / Parte 1),album,2024-05-03,9,0.675,0.893,3,-5.164,0,0.141,0.548,0.0,0.521,0.607,106.064,4,2024-10-31,09:04:34
BR,Brasil,LATAM,50,75,5DrDpWyvharQkhsloNTN9W,Clack Bum,https://open.spotify.com/track/5DrDpWyvharQkhsloNTN9W,141230,True,0n57jUvvtDjkdrnbV7kOvB,Mc J Mito,286869,66,funk mtg,5u1yWj74PxP12ZqVUcn78H,Clack Bum,single,2024-06-28,1,0.85,0.291,6,-8.595,0,0.224,0.693,6.63e-06,0.211,0.725,86.593,3,2024-10-31,09:04:34
CL,Chile,LATAM,1,66,6hLsMjw00j3HGrkUjKwmgo,A200,https://open.spotify.com/track/6hLsMjw00j3HGrkUjKwmgo,206659,True,7DXregrznS25AM30UY9sUU,King Savagge,389906,62,"mambo chileno,urbano chileno",67gbFVIhGgdMabCROgjbcV,A200,single,2024-10-17,1,0.754,0.858,2,-3.908,0,0.043,0.0635,0.0,0.331,0.767,118.473,4,2024-10-31,09:04:36
CL,Chile,LATAM,2,87,6PhRhocBXP4y7NpciGmzra,Después De La 1,https://open.spotify.com/track/6PhRhocBXP4y7NpciGmzra,177600,True,1Yj5Xey7kTwvZla8sqdsdE,Cris Mj,4093373,88,"mambo chileno,trap latino,urbano chileno,urbano latino",2lIzIH2mQQ0ItgkJKefQMp,MJ,single,2024-09-12,2,0.805,0.581,6,-5.091,0,0.0601,0.0303,0.0202,0.0933,0.528,99.973,4,2024-10-31,09:04:36
CL,Chile,LATAM,3,84,42wdz3j7gstgUuhoFLCXqd,PELIGROSA,https://open.spotify.com/track/42wdz3j7gstgUuhoFLCXqd,134930,True,7CvTknweLr9feJtRGrpDBy,FloyyMenor,1048311,84,reggaeton chileno,6MikZBKCtKfPM4439yzBRz,EL COMIENZO,album,2024-08-09,7,0.763,0.519,6,-7.426,0,0.0636,0.22,6.42e-06,0.0816,0.804,100.025,4,2024-10-31,09:04:37
CL,Chile,LATAM,4,94,6WatFBLVB0x077xWeoVc2k,Si Antes Te Hubiera Conocido,https://open.spotify.com/track/6WatFBLVB0x077xWeoVc2k,195824,False,790FomKkXshlbRYZFtlgla,KAROL G,51524480,91,"reggaeton,reggaeton colombiano,urbano latino",5ylbxH7EqpsmHZCRuiYewS,Si Antes Te Hubiera Conocido,single,2024-06-21,1,0.924,0.668,11,-6.795,1,0.0469,0.446,0.000594,0.0678,0.787,128.027,4,2024-10-31,09:04:38
CL,Chile,LATAM,5,92,7tI8dRuH2Yc6RuoTjxo4dU,Who,https://open.spotify.com/track/7tI8dRuH2Yc6RuoTjxo4dU,170887,False,1oSPZhvZMIrWW5I41kPkkY,Jimin,9717033,88,k-pop,15XcLhiVMlSOipUddTNDnr,MUSE,album,2024-07-19,7,0.66,0.756,0,-3.743,0,0.032,0.00289,0.0,0.193,0.838,116.034,4,2024-10-31,09:04:39
CL,Chile,LATAM,6,89,0Sr7ssScx54yxdM2ols7nW,Q U E V A S H A C E R H O Y ?,https://open.spotify.com/track/0Sr7ssScx54yxdM2ols7nW,224022,True,3E12tRURRvPfHz0hAMCFYc,Omar Courtz,376316,82,"trap boricua,trap latino,urbano latino",3C5uwdRE5QRoXSGPPxpDd4,PRIMERA MUSA,album,2024-09-20,17,0.56,0.681,6,-6.304,0,0.244,0.103,0.0,0.106,0.388,155.079,4,2024-10-31,09:04:40
CL,Chile,LATAM,7,100,2plbrEY59IikOBgBGLjaoe,Die With A Smile,https://open.spotify.com/track/2plbrEY59IikOBgBGLjaoe,251667,False,1HY2Jd0NmPuamShAr6KMms,Lady Gaga,32416547,92,"art pop,dance pop,pop",10FLjwfpbxLmW8c25Xyc2N,Die With A Smile,single,2024-08-16,1,0.521,0.592,6,-7.777,0,0.0304,0.308,0.0,0.122,0.535,157.969,3,2024-10-31,09:04:40
CL,Chile,LATAM,8,73,2SuosMcETUjDfBRobLLTQm,CHIKA MALA,https://open.spotify.com/track/2SuosMcETUjDfBRobLLTQm,174412,True,35oGZihZclGoTVuICPXRP9,Jere Klein,2261671,76,reggaeton chileno,0GQ4CF6ceTtkXZJlo1IHYc,CHIKA MALA,single,2024-08-08,1,0.642,0.489,3,-7.833,0,0.175,0.0224,0.0,0.156,0.762,99.334,4,2024-10-31,09:04:41
CL,Chile,LATAM,9,80,6kPCcIAGoTeRrh8qrmKa90,Piel,https://open.spotify.com/track/6kPCcIAGoTeRrh8qrmKa90,142041,True,5Y3MV9DZ0d87NnVm56qSY1,Tiago PZK,5397473,81,"trap argentino,trap latino,urbano latino",3s6jmSUxBLRxzKdevnFmJS,GOTTI A,album,2024-07-04,14,0.646,0.907,0,-1.617,1,0.0593,0.422,0.0,0.14,0.816,168.004,4,2024-10-31,09:04:42
CL,Chile,LATAM,10,78,0rqH7y08F8C8lcVBI8n2Sq,Déjame Pensar,https://open.spotify.com/track/0rqH7y08F8C8lcVBI8n2Sq,211286,True,1Yj5Xey7kTwvZla8sqdsdE,Cris Mj,4093373,88,"mambo chileno,trap latino,urbano chileno,urbano latino",2lIzIH2mQQ0ItgkJKefQMp,MJ,single,2024-09-12,2,0.757,0.666,7,-4.81,1,0.051,0.106,7.86e-05,0.121,0.516,100.001,4,2024-10-31,09:04:43
CL,Chile,LATAM,11,53,00BjWhfYjpmRqKd1qCzdM0,Bentley,https://open.spotify.com/track/00BjWhfYjpmRqKd1qCzdM0,144000,True,11HepfI1lj6KJHj651rZhM,Lucky Brown,594707,72,urbano chileno,48xepal01RkB4rbRTX9szT,I Am Lucky Brown,album,2024-10-23,18,0.83,0.727,9,-3.86,1,0.134,0.33,0.0,0.0825,0.536,99.994,4,2024-10-31,09:04:44
CL,Chile,LATAM,12,86,3OJDtCdYs8QJnui708tEU3,Soltera,https://open.spotify.com/track/3OJDtCdYs8QJnui708tEU3,214642,False,0EmeFodog0BfCgMzAIvKQp,Shakira,35127033,88,"colombian pop,dance pop,latin pop,pop",0VRb8B2ls0GDEfmKiL8FWJ,Soltera,single,2024-09-25,1,0.841,0.752,2,-4.735,1,0.105,0.167,0.00046,0.949,0.67,100.076,4,2024-10-31,09:04:45
CL,Chile,LATAM,13,59,4aOp0PlHbZl4lPIsi5CyLO,Mi Automóvil,https://open.spotify.com/track/4aOp0PlHbZl4lPIsi5CyLO,140112,True,5NenY2Jl9wwLRxf86go4Y8,Fran C,110362,66,reggaeton chileno,3qUczz3rOOcmAfmzgCq7SH,HOT,album,2024-10-17,14,0.845,0.762,11,-4.788,1,0.0574,0.0122,6.13e-05,0.0594,0.775,99.029,4,2024-10-31,09:04:45
CL,Chile,LATAM,14,95,5vNRhkKd0yEAg8suGBpjeY,APT.,https://open.spotify.com/track/5vNRhkKd0yEAg8suGBpjeY,169917,False,3eVa5w3URK5duf6eyVDbu9,ROSÉ,7632823,82,k-pop,2IYQwwgxgOIn7t3iF6ufFD,APT.,single,2024-10-18,1,0.777,0.783,0,-4.477,0,0.26,0.0283,0.0,0.355,0.939,149.027,4,2024-10-31,09:04:46
CL,Chile,LATAM,15,85,2btNsI4OvcVl7SAHQQDHFB,Mírame,https://open.spotify.com/track/2btNsI4OvcVl7SAHQQDHFB,157453,True,1TA5sGRlKUJXBN4ZyJuDIX,Blessd,5241710,82,"reggaeton,urbano latino",5oCAS6VzHoESewtXUGMqbz,Mírame,single,2024-04-17,1,0.717,0.656,7,-4.449,1,0.0797,0.141,2.96e-05,0.0661,0.695,175.956,4,2024-10-31,09:04:47
CL,Chile,LATAM,16,79,4MAv7MqIlcaTBHGiUXIWiw,SI NO ES CONTIGO - REMIX,https://open.spotify.com/track/4MAv7MqIlcaTBHGiUXIWiw,254500,True,1Yj5Xey7kTwvZla8sqdsdE,Cris Mj,4093373,88,"mambo chileno,trap latino,urbano chileno,urbano latino",6ilRhpB01gqO1lI9OtGmGj,SI NO ES CONTIGO (REMIX),single,2024-10-17,1,0.732,0.74,0,-4.281,1,0.0302,0.0452,9.8e-05,0.127,0.681,99.995,4,2024-10-31,09:04:48
CL,Chile,LATAM,17,87,5QjmUqgpPQgXgg4606DqZF,UWAIE,https://open.spotify.com/track/5QjmUqgpPQgXgg4606DqZF,172427,False,3UTF2no3muGdiFXVujl94i,Kapo,262954,80,,5H7sO778w4hgr2v2600ajN,UWAIE,single,2024-08-15,1,0.705,0.783,9,-4.783,0,0.0403,0.138,0.0,0.0984,0.454,103.001,4,2024-10-31,09:04:49
CL,Chile,LATAM,18,86,5Uptvz6j1sjDKxidAcnH2L,SI NO ES CONTIGO,https://open.spotify.com/track/5Uptvz6j1sjDKxidAcnH2L,156000,True,1Yj5Xey7kTwvZla8sqdsdE,Cris Mj,4093373,88,"mambo chileno,trap latino,urbano chileno,urbano latino",4ecjQGViGCD4snnZ3QJOEL,SI NO ES CONTIGO,single,2024-05-23,1,0.763,0.626,5,-5.637,0,0.0433,0.0859,0.225,0.205,0.78,100.02,4,2024-10-31,09:04:50
CL,Chile,LATAM,19,81,13BDiikG6y5o5cQTK0HpW6,Soltera - W Sound 01,https://open.spotify.com/track/13BDiikG6y5o5cQTK0HpW6,142022,True,5uwa6tAMMfNbBFIHiI6NV4,W Sound,144167,68,,5UQC6N5rRND3GZKzysRdA4,Soltera (W Sound 01),single,2024-08-06,1,0.734,0.578,1,-4.147,1,0.295,0.155,0.000242,0.113,0.88,199.997,4,2024-10-31,09:04:50
CL,Chile,LATAM,20,81,0SoBfYjQHvL6cuWHtPUYnq,Hoy,https://open.spotify.com/track/0SoBfYjQHvL6cuWHtPUYnq,198495,False,55ru5B05MMBunM1tvH7Di6,Valentino Merlo,218982,75,,4ENi7P1IV01E2jzbHZeKxn,Hoy,single,2024-05-22,1,0.451,0.711,11,-4.612,1,0.0426,0.24,0.0,0.154,0.661,176.161,4,2024-10-31,09:04:51
CL,Chile,LATAM,21,69,3uI1I2juxVWkrjSHdd9mVh,NO COOPERAMOS,https://open.spotify.com/track/3uI1I2juxVWkrjSHdd9mVh,298775,True,4yxLYO2imECxGYTTV7RQKb,Pailita,1492577,70,"drill chileno,urbano chileno,urbano latino",0pltYSAofttoCfgKleLKoH,De La Zona Más Extrema,album,2024-10-03,12,0.836,0.915,4,-5.92,0,0.101,0.0703,8.86e-05,0.643,0.637,98.007,4,2024-10-31,09:04:52
CL,Chile,LATAM,22,88,7bywjHOc0wSjGGbj04XbVi,LUNA,https://open.spotify.com/track/7bywjHOc0wSjGGbj04XbVi,196800,False,2LRoIwlKmHjgvigdNGBHNo,Feid,14446012,92,"colombian pop,pop reggaeton,reggaeton,reggaeton colombiano,trap latino,urbano latino",0lgs2Sa82lyX89nBUWyUy6,FERXXOCALIPSIS,album,2023-12-01,10,0.774,0.86,7,-2.888,0,0.13,0.131,0.0,0.116,0.446,100.019,4,2024-10-31,09:04:53
CL,Chile,LATAM,23,54,4RtLVq34QEU3ckAl8Tdyro,Sola Suelta Soltera,https://open.spotify.com/track/4RtLVq34QEU3ckAl8Tdyro,163200,False,11HepfI1lj6KJHj651rZhM,Lucky Brown,594707,72,urbano chileno,48xepal01RkB4rbRTX9szT,I Am Lucky Brown,album,2024-10-23,18,0.819,0.581,11,-4.841,1,0.144,0.0732,0.0,0.119,0.505,100.031,4,2024-10-31,09:04:54
CL,Chile,LATAM,24,68,0vfPiExVUcECwzpQ3vfV0R,Tattoo,https://open.spotify.com/track/0vfPiExVUcECwzpQ3vfV0R,201027,False,7hwlbJCUBQksiqlloB6x9K,Grupo Zúmbale Primo,201302,65,cumbia ranchera,3EYAbEV8gM0VvHPqF3asP4,Tattoo,single,2024-09-05,1,0.596,0.869,8,-5.516,1,0.0983,0.411,0.0,0.12,0.798,148.024,4,2024-10-31,09:04:54
CL,Chile,LATAM,25,76,0qeIFEGRQqHoaJtLCl0U73,DEGENERE 👑 (feat. benny blanco),https://open.spotify.com/track/0qeIFEGRQqHoaJtLCl0U73,130880,True,7iK8PXO48WeuP03g8YR51W,Myke Towers,16972727,89,"reggaeton,trap latino,urbano latino",3pkIK8SI5mcUUjb9jNjx4H,LA PANTERA NEGRA (DELUXE),album,2024-10-17,30,0.744,0.709,6,-5.778,0,0.284,0.0501,0.0,0.0847,0.712,194.055,4,2024-10-31,09:04:55
CL,Chile,LATAM,26,58,2Bf7izPNpcTVNL41bdyFic,Zoom Zoom,https://open.spotify.com/track/2Bf7izPNpcTVNL41bdyFic,146406,True,11HepfI1lj6KJHj651rZhM,Lucky Brown,594707,72,urbano chileno,48xepal01RkB4rbRTX9szT,I Am Lucky Brown,album,2024-10-23,18,0.83,0.576,9,-7.95,0,0.149,0.527,0.0,0.0775,0.814,99.943,4,2024-10-31,09:04:56
CL,Chile,LATAM,27,80,21hsqOOUfdSjHi3SVz8oyv,No Ponga Excusas,https://open.spotify.com/track/21hsqOOUfdSjHi3SVz8oyv,164956,False,1Yj5Xey7kTwvZla8sqdsdE,Cris Mj,4093373,88,"mambo chileno,trap latino,urbano chileno,urbano latino",3j9j0wgXwhQyr4urIIkfL4,No Ponga Excusas,single,2024-06-20,1,0.608,0.514,6,-7.857,0,0.188,0.385,0.287,0.122,0.6,99.698,4,2024-10-31,09:04:57
CL,Chile,LATAM,28,60,1hkSF9s6moQBLEeRcdtHgF,Gracias A Dios,https://open.spotify.com/track/1hkSF9s6moQBLEeRcdtHgF,158310,True,5NenY2Jl9wwLRxf86go4Y8,Fran C,110362,66,reggaeton chileno,3qUczz3rOOcmAfmzgCq7SH,HOT,album,2024-10-17,14,0.866,0.87,10,-3.718,0,0.0598,0.0135,0.0,0.279,0.677,102.063,4,2024-10-31,09:04:58
CL,Chile,LATAM,29,83,6a9Z1jUms915w4O7N1PxjY,Santa,https://open.spotify.com/track/6a9Z1jUms915w4O7N1PxjY,193038,False,1fctva4kpRbg2k3v7kwRuS,Rvssian,2505121,76,"reggaeton,reggaeton flow,trap latino,urbano latino",3uzutRS5qX4ng5Skjh5S6W,Santa,single,2024-04-03,2,0.725,0.709,3,-5.017,0,0.129,0.321,0.000189,0.114,0.648,99.993,4,2024-10-31,09:04:58
CL,Chile,LATAM,30,76,27bcRgu0wnDteieWlLCxc8,TU TA RICA,https://open.spotify.com/track/27bcRgu0wnDteieWlLCxc8,121200,True,7CvTknweLr9feJtRGrpDBy,FloyyMenor,1048311,84,reggaeton chileno,6MikZBKCtKfPM4439yzBRz,EL COMIENZO,album,2024-08-09,7,0.755,0.507,3,-6.76,0,0.0684,0.293,1.82e-05,0.18,0.606,99.994,4,2024-10-31,09:04:59
CL,Chile,LATAM,31,75,0qd7ACCc9z2mlTYgPRcnUJ,Tuss,https://open.spotify.com/track/0qd7ACCc9z2mlTYgPRcnUJ,221962,True,6w9ToX5slZ4uIdmD17hJ3c,Bryant Myers,11681730,83,"reggaeton,reggaeton flow,trap latino,urbano latino",4l7IpfEVv21t2gxYnrRPKA,Tuss,single,2024-07-12,1,0.795,0.605,6,-4.722,1,0.0809,0.304,0.0,0.108,0.624,96.017,4,2024-10-31,09:05:00
CL,Chile,LATAM,32,78,2esZG2XFtuoWWA9AfDvSxy,Gata Only,https://open.spotify.com/track/2esZG2XFtuoWWA9AfDvSxy,222000,True,7CvTknweLr9feJtRGrpDBy,FloyyMenor,1048311,84,reggaeton chileno,6MikZBKCtKfPM4439yzBRz,EL COMIENZO,album,2024-08-09,7,0.794,0.5,8,-8.454,0,0.049,0.438,3e-05,0.0905,0.659,99.985,4,2024-10-31,09:05:01
CL,Chile,LATAM,33,77,2kvpHbQHp9QmcG9WhyLwco,Daytona,https://open.spotify.com/track/2kvpHbQHp9QmcG9WhyLwco,173785,True,1Yj5Xey7kTwvZla8sqdsdE,Cris Mj,4093373,88,"mambo chileno,trap latino,urbano chileno,urbano latino",5v3JncpvWjEDrGDeHJw9TL,Partyson,album,2023-11-09,17,0.776,0.737,1,-5.52,0,0.0636,0.0979,6.46e-05,0.0693,0.547,97.011,4,2024-10-31,09:05:02
CL,Chile,LATAM,34,85,1fTjqf10accJCDYstPwwZ6,Ohnana,https://open.spotify.com/track/1fTjqf10accJCDYstPwwZ6,156577,False,3UTF2no3muGdiFXVujl94i,Kapo,262954,80,,3IdVqIfyLPqxPZusYgifLo,Ohnana,single,2024-06-06,1,0.775,0.581,1,-3.621,0,0.108,0.617,8.33e-06,0.0957,0.658,104.977,4,2024-10-31,09:05:02
CL,Chile,LATAM,35,74,604IC2o3T3bxPu6C7Pimd7,QUE LE DE,https://open.spotify.com/track/604IC2o3T3bxPu6C7Pimd7,165631,False,3dC19P4w1BbDuwCailjybv,Nes,18128,68,,2f9UrdMcXrlf6Sw9UOe2bx,QUE LE DE,single,2024-07-26,1,0.734,0.697,11,-5.376,1,0.0733,0.344,1.68e-06,0.146,0.822,97.007,4,2024-10-31,09:05:03
CL,Chile,LATAM,36,61,7eDECObfvicrHyWQuevmHf,¿Cómo Estás?,https://open.spotify.com/track/7eDECObfvicrHyWQuevmHf,201290,True,1SiLK8gdECx2iEm2SSj0Bl,Ak4:20,843657,65,"urbano chileno,urbano latino",6J920kwSmmoFyTvKRRrlY6,¿Cómo Estás?,single,2024-10-17,1,0.713,0.842,5,-4.196,0,0.0763,0.229,0.0,0.112,0.723,93.018,4,2024-10-31,09:05:04
CL,Chile,LATAM,37,52,0zIWfaIRtpt2pO9LK5vU33,RIKISHI (feat. DJ Acres),https://open.spotify.com/track/0zIWfaIRtpt2pO9LK5vU33,128707,True,5NenY2Jl9wwLRxf86go4Y8,Fran C,110362,66,reggaeton chileno,3qUczz3rOOcmAfmzgCq7SH,HOT,album,2024-10-17,14,0.864,0.679,10,-5.898,0,0.0997,0.11,0.0,0.204,0.903,102.003,4,2024-10-31,09:05:05
CL,Chile,LATAM,38,66,7JwdbqIpiuWvGbRryKSuBz,Es un Secreto,https://open.spotify.com/track/7JwdbqIpiuWvGbRryKSuBz,190560,False,2jSGzJw0ebJLu7OLVSOcBP,Plan B,5108225,81,"reggaeton,trap latino,urbano latino",0qmyud8qe8LqaVQ1YQ7S5G,House Of Pleasure,album,2010-07-20,15,0.841,0.783,6,-4.915,0,0.0432,0.106,2.49e-06,0.0528,0.514,94.989,4,2024-10-31,09:05:06
CL,Chile,LATAM,39,84,4bw8mcDUSRWfQo63ZTYRnU,Según Quién,https://open.spotify.com/track/4bw8mcDUSRWfQo63ZTYRnU,142334,True,1r4hJ1h58CWwUQe3MxPuau,Maluma,34815387,86,"latin pop,reggaeton,reggaeton colombiano,trap latino,urbano latino",3Fk8yQvPlCHgwR2pNhEIRA,Don Juan,album,2023-08-25,25,0.909,0.762,9,-3.974,1,0.0643,0.434,0.0,0.0856,0.843,101.987,3,2024-10-31,09:05:06
CL,Chile,LATAM,40,63,2gBLsoctq0gJn3dr3gl83x,Choka,https://open.spotify.com/track/2gBLsoctq0gJn3dr3gl83x,179086,True,5CAruGjgds3QlF5ICtEnnc,Jairo Vera,1336689,69,"mambo chileno,urbano chileno",3VN2NF0LHVaNzSgWqXSlKi,De Vuelta A La Calle,album,2024-08-29,14,0.788,0.781,9,-7.102,0,0.053,0.0739,0.0,0.123,0.905,100.014,4,2024-10-31,09:05:07
CL,Chile,LATAM,41,60,3ps5MDjfpA3wAbKMitNWgM,MIRALA,https://open.spotify.com/track/3ps5MDjfpA3wAbKMitNWgM,146633,True,3m5qlPf2OkihLz3dRYnkPA,Ovy On The Drums,484543,79,"colombian pop,reggaeton,reggaeton colombiano,trap latino,urbano latino",6Mceu7aQRzVzP9dx8tUd2T,MIRALA,single,2024-10-24,1,0.813,0.738,6,-1.681,1,0.123,0.058,2.82e-05,0.0843,0.801,87.989,4,2024-10-31,09:05:08
CL,Chile,LATAM,42,85,2gmd7lY3QSzLh0xIY4cRvi,SE ME OLVIDA,https://open.spotify.com/track/2gmd7lY3QSzLh0xIY4cRvi,225373,True,6B1hSmaLdOvChinK2Z7gfi,Maisak,42790,72,,00ESTj1vBUkIbaTHaXaXu3,SE ME OLVIDA,single,2024-08-23,1,0.786,0.707,7,-4.386,0,0.0635,0.0399,0.0,0.121,0.691,82.045,4,2024-10-31,09:05:09
CL,Chile,LATAM,43,85,505v13epFXodT9fVAJ6h8k,AMARGURA,https://open.spotify.com/track/505v13epFXodT9fVAJ6h8k,170480,True,790FomKkXshlbRYZFtlgla,KAROL G,51524480,91,"reggaeton,reggaeton colombiano,urbano latino",4kS7bSuU0Jm9LYMosFU2x5,MAÑANA SERÁ BONITO,album,2023-02-24,17,0.912,0.7,6,-3.331,0,0.068,0.163,0.0,0.174,0.535,106.981,4,2024-10-31,09:05:10
CL,Chile,LATAM,44,66,2nwa6nS5lXnsvwX48RWkbS,Que Te Vaya Bien,https://open.spotify.com/track/2nwa6nS5lXnsvwX48RWkbS,175694,False,22QaKKmBIH3QiotuG30W3o,Santaferia,1365786,64,cumbia chilena,1OrDwd1kFtbDwlyv6LQ3qB,Que Te Vaya Bien,single,2022-09-02,1,0.638,0.935,2,-2.631,1,0.0582,0.0878,0.0,0.19,0.871,150.067,4,2024-10-31,09:05:11
CL,Chile,LATAM,45,64,6Dj22jpOiUm5DMjjEdeImQ,BEIA (Jere Klein),https://open.spotify.com/track/6Dj22jpOiUm5DMjjEdeImQ,131650,False,5cRpSxsBSMfrPgDuXDsys1,Prod Millones,1415,50,,2vOMwwbgBe7vCGfV18lmUv,BEIA (Jere Klein),single,2024-07-14,1,0.689,0.543,0,-4.648,1,0.405,0.00229,0.0,0.135,0.859,99.776,4,2024-10-31,09:05:11
CL,Chile,LATAM,46,80,4dLLdfiniBhDP9dlJQIOi4,"Perdonarte, ¿Para Qué?",https://open.spotify.com/track/4dLLdfiniBhDP9dlJQIOi4,193933,False,0ZCO8oVkMj897cKgFH7fRW,Los Ángeles Azules,7806801,79,"gruperas inmortales,musica mexicana,nu-cumbia,ranchera,tropical",1fXZxmn9aUIo5Zjx8zQFol,"Perdonarte, ¿Para Qué?",single,2024-05-23,1,0.672,0.702,11,-4.662,0,0.0314,0.168,0.0,0.0445,0.615,90.039,4,2024-10-31,09:05:12
CL,Chile,LATAM,47,83,3tt9i3Hhzq84dPS8H7iSiJ,La Bachata,https://open.spotify.com/track/3tt9i3Hhzq84dPS8H7iSiJ,162637,False,0tmwSHipWxN12fsoLcFU3B,Manuel Turizo,14153672,84,"colombian pop,latin pop,reggaeton,reggaeton colombiano,trap latino,urbano latino",7ubO2LZJZFpyhiWMZkRwcH,2000,album,2023-03-17,15,0.835,0.679,7,-5.329,0,0.0364,0.583,1.98e-06,0.218,0.85,124.98,4,2024-10-31,09:05:13
CL,Chile,LATAM,48,70,4mnpgUTLYMs3XFpqTWxVyA,Gitana (feat. Bryartz),https://open.spotify.com/track/4mnpgUTLYMs3XFpqTWxVyA,221714,True,2XcZshqzPKm3iZcmt73R8D,Pablo Chill-E,1434588,72,"trap chileno,urbano chileno,urbano latino",1CCiPkCw8kCVIwXsNVQgJR,Los Gangsters Tambien Lloran,album,2024-03-29,8,0.77,0.712,6,-3.418,0,0.112,0.0405,0.0846,0.213,0.519,104.937,4,2024-10-31,09:05:14
CL,Chile,LATAM,49,67,3yLoXi85lSf04T3hL1EJI4,MUJER FINA,https://open.spotify.com/track/3yLoXi85lSf04T3hL1EJI4,146250,True,35oGZihZclGoTVuICPXRP9,Jere Klein,2261671,76,reggaeton chileno,4XVIEmQkAh94hMVod4yh3k,PROYECTO A-KLEIN,album,2024-05-30,7,0.842,0.689,10,-3.557,1,0.0965,0.032,0.0,0.0972,0.751,95.881,4,2024-10-31,09:05:15
CL,Chile,LATAM,50,70,6UNLWd8LUk9nNgmU6AcXct,CHINGON,https://open.spotify.com/track/6UNLWd8LUk9nNgmU6AcXct,134778,False,1PANUPmT5KUDGs3Xgkhw3T,Martinwhite,46039,60,urbano chileno,1G7CJQFdIdrwyI06JeinOe,CHINGON,single,2024-07-19,1,0.904,0.795,5,-3.086,1,0.203,0.2,0.0,0.122,0.589,130.077,4,2024-10-31,09:05:16
CO,Colombia,LATAM,1,81,13BDiikG6y5o5cQTK0HpW6,Soltera - W Sound 01,https://open.spotify.com/track/13BDiikG6y5o5cQTK0HpW6,142022,True,5uwa6tAMMfNbBFIHiI6NV4,W Sound,144167,68,,5UQC6N5rRND3GZKzysRdA4,Soltera (W Sound 01),single,2024-08-06,1,0.734,0.578,1,-4.147,1,0.295,0.155,0.000242,0.113,0.88,199.997,4,2024-10-31,09:05:17
CO,Colombia,LATAM,2,85,2btNsI4OvcVl7SAHQQDHFB,Mírame,https://open.spotify.com/track/2btNsI4OvcVl7SAHQQDHFB,157453,True,1TA5sGRlKUJXBN4ZyJuDIX,Blessd,5241710,82,"reggaeton,urbano latino",5oCAS6VzHoESewtXUGMqbz,Mírame,single,2024-04-17,1,0.717,0.656,7,-4.449,1,0.0797,0.141,2.96e-05,0.0661,0.695,175.956,4,2024-10-31,09:05:18
CO,Colombia,LATAM,3,69,2ALQyXMC26Vew7JX7ert9M,POLOS OPUESTOS REMIX - BLESSD VERSION,https://open.spotify.com/track/2ALQyXMC26Vew7JX7ert9M,216000,True,1TA5sGRlKUJXBN4ZyJuDIX,Blessd,5241710,82,"reggaeton,urbano latino",2o89OBJVbw4BdBeyVOGanN,POLOS OPUESTOS REMIX (BLESSD VERSION),single,2024-10-09,1,0.535,0.545,9,-7.98,0,0.2,0.39,0.0,0.0648,0.553,118.994,5,2024-10-31,09:05:18
CO,Colombia,LATAM,4,71,281YJmnThveWjsWVic9Ym6,Las Piponas (Remix),https://open.spotify.com/track/281YJmnThveWjsWVic9Ym6,244000,True,3i6lAgVHplDXb6zrjIeBeK,Kris R.,131846,66,trap colombiano,6FnnT3IOidLkfgQtrC2RJb,Las Piponas (Remix),single,2024-10-01,1,0.73,0.587,8,-4.978,1,0.083,0.0223,0.0,0.14,0.109,119.656,4,2024-10-31,09:05:19
CO,Colombia,LATAM,5,87,5QjmUqgpPQgXgg4606DqZF,UWAIE,https://open.spotify.com/track/5QjmUqgpPQgXgg4606DqZF,172427,False,3UTF2no3muGdiFXVujl94i,Kapo,262954,80,,5H7sO778w4hgr2v2600ajN,UWAIE,single,2024-08-15,1,0.705,0.783,9,-4.783,0,0.0403,0.138,0.0,0.0984,0.454,103.001,4,2024-10-31,09:05:20
CO,Colombia,LATAM,6,85,2gmd7lY3QSzLh0xIY4cRvi,SE ME OLVIDA,https://open.spotify.com/track/2gmd7lY3QSzLh0xIY4cRvi,225373,True,6B1hSmaLdOvChinK2Z7gfi,Maisak,42790,72,,00ESTj1vBUkIbaTHaXaXu3,SE ME OLVIDA,single,2024-08-23,1,0.786,0.707,7,-4.386,0,0.0635,0.0399,0.0,0.121,0.691,82.045,4,2024-10-31,09:05:21
CO,Colombia,LATAM,7,88,7bywjHOc0wSjGGbj04XbVi,LUNA,https://open.spotify.com/track/7bywjHOc0wSjGGbj04XbVi,196800,False,2LRoIwlKmHjgvigdNGBHNo,Feid,14446012,92,"colombian pop,pop reggaeton,reggaeton,reggaeton colombiano,trap latino,urbano latino",0lgs2Sa82lyX89nBUWyUy6,FERXXOCALIPSIS,album,2023-12-01,10,0.774,0.86,7,-2.888,0,0.13,0.131,0.0,0.116,0.446,100.019,4,2024-10-31,09:05:22
CO,Colombia,LATAM,8,73,57pj5sOWSCAqZm088LMcE4,Oe Bebé,https://open.spotify.com/track/57pj5sOWSCAqZm088LMcE4,186463,True,1TA5sGRlKUJXBN4ZyJuDIX,Blessd,5241710,82,"reggaeton,urbano latino",3L71xIS0NwOIMaM3OSWLPx,Oe Bebé,single,2024-06-05,1,0.751,0.739,9,-3.649,0,0.0789,0.133,0.0,0.141,0.795,94.065,4,2024-10-31,09:05:23
CO,Colombia,LATAM,9,81,08pbRBstuvH7ArRxeb8fwT,Hasta Aquí Llegué,https://open.spotify.com/track/08pbRBstuvH7ArRxeb8fwT,188887,False,1cUpGtXcSQsovNYEZOQgOG,Nanpa Básico,2698512,76,"colombian hip hop,mexican hip hop",7hYoXVqpRhN9ATvO8Kf3w5,Hasta Aquí Llegué,single,2024-07-18,1,0.641,0.657,11,-8.338,0,0.218,0.538,0.0,0.106,0.411,100.016,4,2024-10-31,09:05:23
CO,Colombia,LATAM,10,94,6WatFBLVB0x077xWeoVc2k,Si Antes Te Hubiera Conocido,https://open.spotify.com/track/6WatFBLVB0x077xWeoVc2k,195824,False,790FomKkXshlbRYZFtlgla,KAROL G,51524480,91,"reggaeton,reggaeton colombiano,urbano latino",5ylbxH7EqpsmHZCRuiYewS,Si Antes Te Hubiera Conocido,single,2024-06-21,1,0.924,0.668,11,-6.795,1,0.0469,0.446,0.000594,0.0678,0.787,128.027,4,2024-10-31,09:05:24
CO,Colombia,LATAM,11,91,1cOboCuWYI2osTOfolMRS6,Tu Boda,https://open.spotify.com/track/1cOboCuWYI2osTOfolMRS6,225880,True,3l9G1G9MxH6DaRhwLklaf5,Oscar Maydon,2956128,87,corrido,60cQzWfmdg4hyDXrpW6kOA,Tu Boda,single,2024-09-26,1,0.694,0.651,6,-6.968,1,0.0784,0.496,1.36e-05,0.0787,0.471,112.648,3,2024-10-31,09:05:25
CO,Colombia,LATAM,12,76,0qeIFEGRQqHoaJtLCl0U73,DEGENERE 👑 (feat. benny blanco),https://open.spotify.com/track/0qeIFEGRQqHoaJtLCl0U73,130880,True,7iK8PXO48WeuP03g8YR51W,Myke Towers,16972727,89,"reggaeton,trap latino,urbano latino",3pkIK8SI5mcUUjb9jNjx4H,LA PANTERA NEGRA (DELUXE),album,2024-10-17,30,0.744,0.709,6,-5.778,0,0.284,0.0501,0.0,0.0847,0.712,194.055,4,2024-10-31,09:05:26
CO,Colombia,LATAM,13,85,1fTjqf10accJCDYstPwwZ6,Ohnana,https://open.spotify.com/track/1fTjqf10accJCDYstPwwZ6,156577,False,3UTF2no3muGdiFXVujl94i,Kapo,262954,80,,3IdVqIfyLPqxPZusYgifLo,Ohnana,single,2024-06-06,1,0.775,0.581,1,-3.621,0,0.108,0.617,8.33e-06,0.0957,0.658,104.977,4,2024-10-31,09:05:27
CO,Colombia,LATAM,14,77,60u6hcpH5Qm1M3xESdNBrB,Frente al Mar,https://open.spotify.com/track/60u6hcpH5Qm1M3xESdNBrB,165178,False,7a0XAaPaK2aDSqa8p3QnC7,Beéle,845110,79,"reggaeton colombiano,trap latino,urbano latino",0Wf0E2diHQJRdkPR12BcXs,Frente al Mar,single,2024-09-26,1,0.75,0.682,10,-3.825,1,0.0945,0.168,1.28e-06,0.112,0.618,100.036,4,2024-10-31,09:05:28
CO,Colombia,LATAM,15,89,0Sr7ssScx54yxdM2ols7nW,Q U E V A S H A C E R H O Y ?,https://open.spotify.com/track/0Sr7ssScx54yxdM2ols7nW,224022,True,3E12tRURRvPfHz0hAMCFYc,Omar Courtz,376316,82,"trap boricua,trap latino,urbano latino",3C5uwdRE5QRoXSGPPxpDd4,PRIMERA MUSA,album,2024-09-20,17,0.56,0.681,6,-6.304,0,0.244,0.103,0.0,0.106,0.388,155.079,4,2024-10-31,09:05:28
CO,Colombia,LATAM,16,83,63pLfjK6FvcYJYMGwtHjd6,SORRY 4 THAT MUCH,https://open.spotify.com/track/63pLfjK6FvcYJYMGwtHjd6,207746,True,2LRoIwlKmHjgvigdNGBHNo,Feid,14446012,92,"colombian pop,pop reggaeton,reggaeton,reggaeton colombiano,trap latino,urbano latino",1kZGpaXOeB48TPT2JatjvC,SORRY 4 THAT MUCH,single,2024-06-07,1,0.819,0.675,7,-4.281,1,0.0727,0.0318,0.0,0.289,0.602,92.99,4,2024-10-31,09:05:29
CO,Colombia,LATAM,17,76,7chTH3GBjjAyagf0SPCZDL,SI SABE FERXXO,https://open.spotify.com/track/7chTH3GBjjAyagf0SPCZDL,152500,True,1TA5sGRlKUJXBN4ZyJuDIX,Blessd,5241710,82,"reggaeton,urbano latino",7ot6ebVthlYG3wXzLaZ5NF,SI SABE,album,2024-01-25,14,0.726,0.831,8,-2.035,0,0.12,0.0139,3.71e-06,0.0891,0.489,95.997,4,2024-10-31,09:05:30
CO,Colombia,LATAM,18,85,7iQXYTyuG13aoeHxGG28Nh,PERRO NEGRO,https://open.spotify.com/track/7iQXYTyuG13aoeHxGG28Nh,162767,True,4q3ewBCX7sLwd24euuV69X,Bad Bunny,86611333,95,"reggaeton,trap latino,urbano latino",4FftCsAcXXD1nFO9RFUNFO,nadie sabe lo que va a pasar mañana,album,2023-10-13,22,0.911,0.778,5,-2.248,1,0.262,0.0887,2.16e-05,0.179,0.345,96.057,4,2024-10-31,09:05:31
CO,Colombia,LATAM,19,86,3OJDtCdYs8QJnui708tEU3,Soltera,https://open.spotify.com/track/3OJDtCdYs8QJnui708tEU3,214642,False,0EmeFodog0BfCgMzAIvKQp,Shakira,35127033,88,"colombian pop,dance pop,latin pop,pop",0VRb8B2ls0GDEfmKiL8FWJ,Soltera,single,2024-09-25,1,0.841,0.752,2,-4.735,1,0.105,0.167,0.00046,0.949,0.67,100.076,4,2024-10-31,09:05:32
CO,Colombia,LATAM,20,69,3KwYiawBfqngH7eaUHQn2N,FDSR,https://open.spotify.com/track/3KwYiawBfqngH7eaUHQn2N,188181,False,7j6DKwmjbxvpQO8h914uEz,Ryan Castro,3126435,79,"reggaeton,trap colombiano,trap latino,urbano latino",7klplPJ1UEKbEsUtm5FK0z,FDSR,single,2024-10-10,1,0.798,0.656,0,-2.897,0,0.181,0.0163,9.39e-06,0.0917,0.658,175.926,4,2024-10-31,09:05:32
CO,Colombia,LATAM,21,82,5pVJ3IlnpIorU44oXizzG5,Orion,https://open.spotify.com/track/5pVJ3IlnpIorU44oXizzG5,240964,False,2NfSBtmWe7oPw1EmetJVso,Boza,623792,71,"panamanian pop,reggaeton,urbano latino",2FWRFIH8Agbw8JGG4hbdG6,Orion,single,2024-05-29,1,0.857,0.705,1,-4.775,1,0.183,0.322,0.00249,0.197,0.874,105.011,4,2024-10-31,09:05:33
CO,Colombia,LATAM,22,84,4bw8mcDUSRWfQo63ZTYRnU,Según Quién,https://open.spotify.com/track/4bw8mcDUSRWfQo63ZTYRnU,142334,True,1r4hJ1h58CWwUQe3MxPuau,Maluma,34815387,86,"latin pop,reggaeton,reggaeton colombiano,trap latino,urbano latino",3Fk8yQvPlCHgwR2pNhEIRA,Don Juan,album,2023-08-25,25,0.909,0.762,9,-3.974,1,0.0643,0.434,0.0,0.0856,0.843,101.987,3,2024-10-31,09:05:34
CO,Colombia,LATAM,23,76,2llFXBrftm6YJzBj3tpk0s,Doblexxó,https://open.spotify.com/track/2llFXBrftm6YJzBj3tpk0s,176720,True,1vyhD5VmyZ7KMfW5gqLgo5,J Balvin,37314594,88,"reggaeton,reggaeton colombiano,trap latino,urbano latino",1hUqwHvAVIEXMXqIrkHgPo,Rayo,album,2024-08-09,15,0.787,0.775,1,-4.607,0,0.0699,0.0373,0.0,0.116,0.826,99.008,4,2024-10-31,09:05:35
CO,Colombia,LATAM,24,83,6a9Z1jUms915w4O7N1PxjY,Santa,https://open.spotify.com/track/6a9Z1jUms915w4O7N1PxjY,193038,False,1fctva4kpRbg2k3v7kwRuS,Rvssian,2505121,76,"reggaeton,reggaeton flow,trap latino,urbano latino",3uzutRS5qX4ng5Skjh5S6W,Santa,single,2024-04-03,2,0.725,0.709,3,-5.017,0,0.129,0.321,0.000189,0.114,0.648,99.993,4,2024-10-31,09:05:36
CO,Colombia,LATAM,25,81,2CeKVsFFXG4QzA415QygGb,Feliz Cumpleaños Ferxxo,https://open.spotify.com/track/2CeKVsFFXG4QzA415QygGb,155960,False,2LRoIwlKmHjgvigdNGBHNo,Feid,14446012,92,"colombian pop,pop reggaeton,reggaeton,reggaeton colombiano,trap latino,urbano latino",7pijRxgRaBirPz6wDaJIp9,FELIZ CUMPLEAÑOS FERXXO TE PIRATEAMOS EL ÁLBUM,album,2022-09-14,15,0.865,0.573,5,-5.501,1,0.0678,0.0863,0.0,0.305,0.563,94.999,4,2024-10-31,09:05:37
CO,Colombia,LATAM,26,69,3DY25d8SrkLEI6Xugzf6tT,GODIVA,https://open.spotify.com/track/3DY25d8SrkLEI6Xugzf6tT,219358,True,3m5qlPf2OkihLz3dRYnkPA,Ovy On The Drums,484543,79,"colombian pop,reggaeton,reggaeton colombiano,trap latino,urbano latino",7vc6473A7yNq5PtNh6Zor9,GODIVA,single,2024-03-13,1,0.685,0.812,0,-2.414,1,0.057,0.201,0.0,0.086,0.739,173.978,4,2024-10-31,09:05:37
CO,Colombia,LATAM,27,100,2plbrEY59IikOBgBGLjaoe,Die With A Smile,https://open.spotify.com/track/2plbrEY59IikOBgBGLjaoe,251667,False,1HY2Jd0NmPuamShAr6KMms,Lady Gaga,32416547,92,"art pop,dance pop,pop",10FLjwfpbxLmW8c25Xyc2N,Die With A Smile,single,2024-08-16,1,0.521,0.592,6,-7.777,0,0.0304,0.308,0.0,0.122,0.535,157.969,3,2024-10-31,09:05:38
CO,Colombia,LATAM,28,85,505v13epFXodT9fVAJ6h8k,AMARGURA,https://open.spotify.com/track/505v13epFXodT9fVAJ6h8k,170480,True,790FomKkXshlbRYZFtlgla,KAROL G,51524480,91,"reggaeton,reggaeton colombiano,urbano latino",4kS7bSuU0Jm9LYMosFU2x5,MAÑANA SERÁ BONITO,album,2023-02-24,17,0.912,0.7,6,-3.331,0,0.068,0.163,0.0,0.174,0.535,106.981,4,2024-10-31,09:05:39
CO,Colombia,LATAM,29,65,3vpvKFigw8bNApZzuOleGe,Movimiento de Caderas,https://open.spotify.com/track/3vpvKFigw8bNApZzuOleGe,190000,False,2xmhyxkjpGNBeWXVMeVWHb,Rayo & Toby,484904,54,"reggaeton,reggaeton colombiano",5vGRW22g9I9zEE67PL1B5r,The SexyTrip,album,2023-12-26,10,0.72,0.578,9,-6.784,0,0.48,0.103,0.0,0.119,0.671,180.132,4,2024-10-31,09:05:40
CO,Colombia,LATAM,30,73,0W2pF7zyj9dwZVK1RoUyjh,WYA REMIX BLACK AND YELLOW (feat. iZaak & Pirlo),https://open.spotify.com/track/0W2pF7zyj9dwZVK1RoUyjh,390545,True,17SY5q1CMOZJBRuPcKWwPI,J Abdiel,149713,73,"trap latino,urbano latino",1FyZ8Mho4TRJ9oR0IrE23P,WYA REMIX BLACK AND YELLOW (feat. iZaak & Pirlo),single,2024-06-21,1,0.529,0.528,0,-6.704,0,0.0846,0.306,0.0,0.604,0.364,110.175,4,2024-10-31,09:05:41
CO,Colombia,LATAM,31,68,02AZnoKXGEeOrTI9xrtOsg,Sicaria,https://open.spotify.com/track/02AZnoKXGEeOrTI9xrtOsg,204649,True,6h9lS66Ib3dOiz3Gg6PpI1,MEL GRANDA,17975,55,,1q5gZnMxww9ZoQxC0MRtec,Sicaria,single,2024-03-14,1,0.849,0.748,9,-3.356,0,0.175,0.409,0.0,0.108,0.371,102.103,4,2024-10-31,09:05:42
CO,Colombia,LATAM,32,79,0rNqDh9zWWJVTLS4VfceHP,Brickell,https://open.spotify.com/track/0rNqDh9zWWJVTLS4VfceHP,180360,True,2LRoIwlKmHjgvigdNGBHNo,Feid,14446012,92,"colombian pop,pop reggaeton,reggaeton,reggaeton colombiano,trap latino,urbano latino",5WTsC6KDdxp9xVQrAMIU6c,MANIFESTING 20-05,single,2024-04-10,5,0.805,0.89,11,-1.502,0,0.0634,0.0704,0.0,0.121,0.489,93.037,4,2024-10-31,09:05:42
CO,Colombia,LATAM,33,69,3u2jlo9kygiIAq7SPVuw6S,Dile a Tu Amiga,https://open.spotify.com/track/3u2jlo9kygiIAq7SPVuw6S,214120,True,3jGlU8UMMo44I2xeLQ6FD3,Dalmata,1906294,64,"reggaeton,urbano latino",6q8dHB9YC18YbIqU2Q0j7X,Dile a Tu Amiga,single,2011-12-13,1,0.794,0.576,2,-12.111,1,0.0591,0.225,0.00381,0.0854,0.914,94.993,4,2024-10-31,09:05:43
CO,Colombia,LATAM,34,76,1pLCpA1RN8avJxSD3ZCwhj,Pa' Que La Pases Bien,https://open.spotify.com/track/1pLCpA1RN8avJxSD3ZCwhj,214120,False,4SsVbpTthjScTS7U2hmr1X,Arcángel,15532228,84,"latin hip hop,reggaeton,trap latino,urbano latino",5MLBEmgDNIltSfxvXesq9s,El Fenomeno,album,2008-12-08,21,0.897,0.755,9,-5.684,0,0.144,0.00758,0.000451,0.264,0.567,110.008,4,2024-10-31,09:05:44
CO,Colombia,LATAM,35,50,5rRYtMoEDY3HrvV13jcsom,Yo Te Quiero (feat. Chris Jonex),https://open.spotify.com/track/5rRYtMoEDY3HrvV13jcsom,195535,False,2P5WbTImnPSJQV4ZbQuQZ3,Bimbo el Oso Mañoso,5028,42,,30l1FG5sTXJH2ZLBeAkXWn,Yo Te Quiero (feat. Chris Jonex),single,2024-10-25,1,0.805,0.698,10,-7.078,0,0.13,0.349,4.4e-06,0.0743,0.769,112.026,4,2024-10-31,09:05:45
CO,Colombia,LATAM,36,72,05sO6FK8E9l2cfwnEUTjHq,CUAL ES ESA,https://open.spotify.com/track/05sO6FK8E9l2cfwnEUTjHq,172506,True,2LRoIwlKmHjgvigdNGBHNo,Feid,14446012,92,"colombian pop,pop reggaeton,reggaeton,reggaeton colombiano,trap latino,urbano latino",0lgs2Sa82lyX89nBUWyUy6,FERXXOCALIPSIS,album,2023-12-01,10,0.916,0.481,6,-4.483,0,0.194,0.0179,0.0,0.121,0.714,95.998,4,2024-10-31,09:05:46
CO,Colombia,LATAM,37,95,5vNRhkKd0yEAg8suGBpjeY,APT.,https://open.spotify.com/track/5vNRhkKd0yEAg8suGBpjeY,169917,False,3eVa5w3URK5duf6eyVDbu9,ROSÉ,7632823,82,k-pop,2IYQwwgxgOIn7t3iF6ufFD,APT.,single,2024-10-18,1,0.777,0.783,0,-4.477,0,0.26,0.0283,0.0,0.355,0.939,149.027,4,2024-10-31,09:05:47
CO,Colombia,LATAM,38,70,1AddbBdKFz8wdqatGVSsYS,Es un Secreto,https://open.spotify.com/track/3KZCP2StVGdWkOKyRZNWA4,192120,False,2jSGzJw0ebJLu7OLVSOcBP,Plan B,5108225,81,"reggaeton,trap latino,urbano latino",4s9iYsrtBIvkZn5AEbUbl0,House of Pleasure,album,2010-07-20,15,0.838,0.732,6,-6.266,0,0.0432,0.114,1.49e-06,0.0682,0.525,95.011,4,2024-10-31,09:05:47
CO,Colombia,LATAM,39,81,6DUdDIRgLqCGq1DwkNWQTN,Borro Cassette,https://open.spotify.com/track/6DUdDIRgLqCGq1DwkNWQTN,207306,False,1r4hJ1h58CWwUQe3MxPuau,Maluma,34815387,86,"latin pop,reggaeton,reggaeton colombiano,trap latino,urbano latino",3PomvFR694SrCSZzDWMWV7,"Pretty Boy, Dirty Boy",album,2015-10-30,16,0.73,0.701,5,-5.885,0,0.106,0.132,0.0,0.151,0.785,175.95,4,2024-10-31,09:05:48
CO,Colombia,LATAM,40,84,5RqSsdzTNPX1uzkmlHCFvK,QLONA,https://open.spotify.com/track/5RqSsdzTNPX1uzkmlHCFvK,172797,True,790FomKkXshlbRYZFtlgla,KAROL G,51524480,91,"reggaeton,reggaeton colombiano,urbano latino",0FqAaUEyKCyUNFE1uQPZ7i,MAÑANA SERÁ BONITO (BICHOTA SEASON),album,2023-08-10,9,0.841,0.738,7,-7.455,0,0.307,0.52,0.0,0.0892,0.484,169.918,4,2024-10-31,09:05:49
CO,Colombia,LATAM,41,83,3tt9i3Hhzq84dPS8H7iSiJ,La Bachata,https://open.spotify.com/track/3tt9i3Hhzq84dPS8H7iSiJ,162637,False,0tmwSHipWxN12fsoLcFU3B,Manuel Turizo,14153672,84,"colombian pop,latin pop,reggaeton,reggaeton colombiano,trap latino,urbano latino",7ubO2LZJZFpyhiWMZkRwcH,2000,album,2023-03-17,15,0.835,0.679,7,-5.329,0,0.0364,0.583,1.98e-06,0.218,0.85,124.98,4,2024-10-31,09:05:50
CO,Colombia,LATAM,42,66,5PDXWKryvv1SRcmSozUdTZ,TBC (KARMA),https://open.spotify.com/track/5PDXWKryvv1SRcmSozUdTZ,144466,False,1RBzGO6Nm3uyhUSxP7EDWO,KEVIN ROLDAN,5622117,72,"reggaeton,reggaeton colombiano,trap latino,urbano latino",7s0eWl6syb8IFCR2HQUCZG,TBC (KARMA),single,2024-10-03,1,0.677,0.695,4,-8.404,1,0.381,0.136,0.0,0.669,0.176,103.848,4,2024-10-31,09:05:51
CO,Colombia,LATAM,43,83,3fJHbMUnzceimOnNjp63fF,Primera Cita,https://open.spotify.com/track/3fJHbMUnzceimOnNjp63fF,186455,False,66ihevNkSYNzRAl44dx6jJ,Carin Leon,13445289,87,"corrido,musica mexicana,sad sierreno,sierreno",6TsExCpZJTDj7Fd0ez2knv,Colmillo De Leche,album,2023-05-19,18,0.536,0.396,10,-7.804,1,0.0687,0.604,6.97e-05,0.0969,0.491,157.846,3,2024-10-31,09:05:51
CO,Colombia,LATAM,44,77,2J9B63FawlTaPdg4eH5X03,Loco,https://open.spotify.com/track/2J9B63FawlTaPdg4eH5X03,204000,False,7a0XAaPaK2aDSqa8p3QnC7,Beéle,845110,79,"reggaeton colombiano,trap latino,urbano latino",1uFr2PCsnDVZ71AiJnZYrb,Loco,single,2019-08-08,1,0.82,0.565,6,-5.965,1,0.17,0.158,2.45e-05,0.0469,0.773,105.11,4,2024-10-31,09:05:52
CO,Colombia,LATAM,45,73,0EhmTBq33eARyOz3SIi4P2,En Otra Vida,https://open.spotify.com/track/0EhmTBq33eARyOz3SIi4P2,153609,False,4RWJOoYwgF978LOn8Fainp,Yami Safdie,278345,68,cantautora argentina,2YB2eziTKgn9bnRz7prmoP,En Otra Vida,single,2024-10-10,1,0.459,0.162,0,-11.634,1,0.0425,0.929,0.0,0.137,0.483,184.784,3,2024-10-31,09:05:53
CO,Colombia,LATAM,46,79,0T2pB7P1VdXPhLdQZ488uH,Normal,https://open.spotify.com/track/0T2pB7P1VdXPhLdQZ488uH,171880,True,2LRoIwlKmHjgvigdNGBHNo,Feid,14446012,92,"colombian pop,pop reggaeton,reggaeton,reggaeton colombiano,trap latino,urbano latino",7pijRxgRaBirPz6wDaJIp9,FELIZ CUMPLEAÑOS FERXXO TE PIRATEAMOS EL ÁLBUM,album,2022-09-14,15,0.709,0.56,4,-4.867,0,0.171,0.034,0.0,0.315,0.541,170.082,4,2024-10-31,09:05:54
CO,Colombia,LATAM,47,80,1hZsWUnLbqRw09jLAMQSsb,CLASSY 101,https://open.spotify.com/track/1hZsWUnLbqRw09jLAMQSsb,195586,True,2LRoIwlKmHjgvigdNGBHNo,Feid,14446012,92,"colombian pop,pop reggaeton,reggaeton,reggaeton colombiano,trap latino,urbano latino",0lgs2Sa82lyX89nBUWyUy6,FERXXOCALIPSIS,album,2023-12-01,10,0.858,0.665,11,-4.772,1,0.152,0.126,0.0,0.119,0.659,100.09,4,2024-10-31,09:05:55
CO,Colombia,LATAM,48,70,1JXcB149QtbcIpDUA6YZOB,Algo Que Se Quede,https://open.spotify.com/track/1JXcB149QtbcIpDUA6YZOB,220135,False,1zng9JZpblpk48IPceRWs8,Grupo Niche,3846606,70,"salsa,salsa colombiana,tropical",1uF0bcswgdJBg2aq2r1HPk,40,album,2020-05-29,9,0.751,0.722,2,-4.197,1,0.0506,0.457,0.0,0.178,0.788,140.043,4,2024-10-31,09:05:56
CO,Colombia,LATAM,49,78,27ze5t5tIDPlVits0KRbxT,El Perdedor,https://open.spotify.com/track/27ze5t5tIDPlVits0KRbxT,215213,False,1qto4hHid1P71emI6Fd8xi,Aventura,8946431,82,"bachata,bachata dominicana,latin hip hop,latin pop,tropical,urbano latino",03Sa02WIHEwH8lHfbipmrz,K.O.B. Live,album,2006-12-19,25,0.779,0.589,5,-10.645,1,0.0345,0.332,0.0,0.12,0.894,128.044,4,2024-10-31,09:05:56
CO,Colombia,LATAM,50,76,2mLTxNa0bwZX8eNBsuODLX,Una Vida Pasada,https://open.spotify.com/track/2mLTxNa0bwZX8eNBsuODLX,218500,False,28gNT5KBp7IjEOQoevXf9N,Camilo,19367125,81,"colombian pop,latin pop,latin viral pop,reggaeton colombiano,urbano latino",1IwCEfVYg8KlEankYmqeP7,cuatro,album,2024-05-23,12,0.768,0.679,7,-5.539,0,0.0411,0.656,3.66e-05,0.143,0.948,89.975,4,2024-10-31,09:05:57
MX,México,LATAM,1,91,1cOboCuWYI2osTOfolMRS6,Tu Boda,https://open.spotify.com/track/1cOboCuWYI2osTOfolMRS6,225880,True,3l9G1G9MxH6DaRhwLklaf5,Oscar Maydon,2956128,87,corrido,60cQzWfmdg4hyDXrpW6kOA,Tu Boda,single,2024-09-26,1,0.694,0.651,6,-6.968,1,0.0784,0.496,1.36e-05,0.0787,0.471,112.648,3,2024-10-31,09:05:58
MX,México,LATAM,2,89,6X6m4xmdFcz31p1h7Qg68c,EL LOKERON,https://open.spotify.com/track/6X6m4xmdFcz31p1h7Qg68c,145473,True,5eumcnUkdmGvkvcsx1WFNG,Tito Double P,2010314,90,corrido,27GWSFRITD8JJcSGMgEfTN,INCÓMODO,album,2024-08-22,21,0.724,0.689,7,-7.174,0,0.0524,0.573,6.77e-06,0.0922,0.936,120.208,3,2024-10-31,09:05:59
MX,México,LATAM,3,76,4OLT65TRsOx3Iv1TlCcQVb,Presidente,https://open.spotify.com/track/4OLT65TRsOx3Iv1TlCcQVb,181064,True,6Sbl0NT50roqWvy746MfVf,Gabito Ballesteros,3714628,84,"corrido,sierreno",0xyBpeAAr8E86J7GH1SNUR,Presidente,single,2024-10-21,1,0.732,0.827,11,-4.152,1,0.0585,0.123,0.0,0.117,0.584,105.145,1,2024-10-31,09:06:00
MX,México,LATAM,4,88,5lKFO0PrOC9jmOlPEdjHsL,DOS DÍAS,https://open.spotify.com/track/5lKFO0PrOC9jmOlPEdjHsL,153928,True,5eumcnUkdmGvkvcsx1WFNG,Tito Double P,2010314,90,corrido,27GWSFRITD8JJcSGMgEfTN,INCÓMODO,album,2024-08-22,21,0.745,0.513,1,-9.116,1,0.087,0.783,0.0,0.216,0.929,109.935,3,2024-10-31,09:06:01
MX,México,LATAM,5,87,6HrALJOMsfPCCbUo5cJCON,ESCAPATE,https://open.spotify.com/track/6HrALJOMsfPCCbUo5cJCON,144674,True,5eumcnUkdmGvkvcsx1WFNG,Tito Double P,2010314,90,corrido,27GWSFRITD8JJcSGMgEfTN,INCÓMODO,album,2024-08-22,21,0.818,0.447,5,-10.247,0,0.047,0.514,8.14e-05,0.187,0.693,120.09,1,2024-10-31,09:06:02
MX,México,LATAM,6,87,2aYZaN5SmkRDLsrrV8GkBQ,LA PATRULLA,https://open.spotify.com/track/2aYZaN5SmkRDLsrrV8GkBQ,130614,True,12GqGscKJx3aE4t07u7eVZ,Peso Pluma,16943912,93,"corridos tumbados,sad sierreno",5kvw1bAOvzJdNi4hdgfaNf,ÉXODO,album,2024-06-20,24,0.722,0.74,6,-7.22,0,0.063,0.68,3.27e-05,0.176,0.893,132.731,3,2024-10-31,09:06:02
MX,México,LATAM,7,84,2lAUq68F2bt7Kc218n9FPp,AY MAMÁ,https://open.spotify.com/track/2lAUq68F2bt7Kc218n9FPp,163031,True,5eumcnUkdmGvkvcsx1WFNG,Tito Double P,2010314,90,corrido,27GWSFRITD8JJcSGMgEfTN,INCÓMODO,album,2024-08-22,21,0.666,0.764,4,-6.297,0,0.116,0.366,0.0,0.347,0.729,148.853,4,2024-10-31,09:06:03
MX,México,LATAM,8,84,6RcAHyC5sAUIbPTkhOQwd8,Y LLORO,https://open.spotify.com/track/6RcAHyC5sAUIbPTkhOQwd8,179013,True,7Gi6gjaWy3DxyilpF1a8Is,Junior H,19950016,91,"corrido,corridos tumbados,musica mexicana,sad sierreno,sierreno",7Lv6VzSqIz1sAssK2JUskG,$AD BOYZ 4 LIFE II,album,2023-10-05,17,0.728,0.589,7,-7.115,1,0.0376,0.424,7.78e-06,0.166,0.767,77.475,4,2024-10-31,09:06:04
MX,México,LATAM,9,84,1cZHUhGz7xJ8c4szDipipd,Mejores Jordans,https://open.spotify.com/track/1cZHUhGz7xJ8c4szDipipd,234077,False,5YqI7p8zYsOpKJtjxYdOce,Victor Mendivil,430705,77,corrido,6gK267rs4q9swdpzj79Roz,Mejores Jordans,single,2024-07-30,1,0.669,0.583,1,-8.949,1,0.269,0.603,2.54e-06,0.1,0.271,115.221,4,2024-10-31,09:06:05
MX,México,LATAM,10,85,0BiDnJFB3TlRB6aji7jUz3,Rey Sin Reina,https://open.spotify.com/track/0BiDnJFB3TlRB6aji7jUz3,150523,False,1bfl0AU8SqmLkElptOprhC,Julión Álvarez y su Norteño Banda,6848895,84,"banda,musica mexicana,norteno,sad sierreno",38uizvY4xqOiAq750FDmW2,Atento Aviso ... Rey Sin Reina,single,2024-09-05,4,0.529,0.356,3,-6.612,1,0.0569,0.29,0.0,0.136,0.659,169.653,3,2024-10-31,09:06:06
MX,México,LATAM,11,84,4ZOkfHC38nxSeSqzGE5HFr,PIÉNSALO,https://open.spotify.com/track/4ZOkfHC38nxSeSqzGE5HFr,240669,True,7Gi6gjaWy3DxyilpF1a8Is,Junior H,19950016,91,"corrido,corridos tumbados,musica mexicana,sad sierreno,sierreno",7Lv6VzSqIz1sAssK2JUskG,$AD BOYZ 4 LIFE II,album,2023-10-05,17,0.716,0.536,2,-7.798,0,0.0328,0.452,0.0,0.208,0.359,97.541,3,2024-10-31,09:06:07
MX,México,LATAM,12,86,1C84d9abZVKWHT2YYpoean,Si No Quieres No,https://open.spotify.com/track/1C84d9abZVKWHT2YYpoean,147011,False,0pePYDrJGk8gqMRbXrLJC8,Luis R Conriquez,6564784,86,"corrido,sad sierreno,sierreno",6WkOBnYkj6y5iSr14uhUZF,Si No Quieres No,single,2024-03-10,1,0.786,0.786,4,-6.372,0,0.0512,0.445,2.12e-06,0.0947,0.611,100.123,1,2024-10-31,09:06:08
MX,México,LATAM,13,88,5AH31dDNgxCMGDdxubNNn4,NEL,https://open.spotify.com/track/5AH31dDNgxCMGDdxubNNn4,149073,True,0ys2OFYzWYB5hRDLCsBqxt,Fuerza Regida,12101808,90,"corrido,corridos tumbados,sad sierreno,sierreno",3iRQdNKyI5Pf78jWYI1tFv,PERO NO TE ENAMORES,album,2024-07-25,15,0.69,0.482,7,-6.335,0,0.2,0.523,0.0004,0.0728,0.356,100.029,4,2024-10-31,09:06:08
MX,México,LATAM,14,79,7qXptgpZGo8AFPhJCBVLFE,LINDA,https://open.spotify.com/track/7qXptgpZGo8AFPhJCBVLFE,224210,True,5eumcnUkdmGvkvcsx1WFNG,Tito Double P,2010314,90,corrido,27GWSFRITD8JJcSGMgEfTN,INCÓMODO,album,2024-08-22,21,0.911,0.761,6,-6.712,0,0.0507,0.135,3.48e-05,0.163,0.948,124.983,4,2024-10-31,09:06:09
MX,México,LATAM,15,81,7l3UuUZEqvxjhKYD2QBxOU,Vaquero - Remix,https://open.spotify.com/track/7l3UuUZEqvxjhKYD2QBxOU,300000,True,4yjm4SvYqC5FFuLbB6TyHr,Bellakath,1432114,75,"reggaeton mexicano,urbano latino",6BmfAaHoSJ7efARgJTLrAt,Vaquero (Remix),single,2024-08-08,1,0.752,0.91,4,-3.189,0,0.0541,0.481,0.0,0.0947,0.798,95.986,4,2024-10-31,09:06:10
MX,México,LATAM,16,81,7AysIqSEDiwP4CUsAXJwrk,PRIMO,https://open.spotify.com/track/7AysIqSEDiwP4CUsAXJwrk,164991,True,5eumcnUkdmGvkvcsx1WFNG,Tito Double P,2010314,90,corrido,27GWSFRITD8JJcSGMgEfTN,INCÓMODO,album,2024-08-22,21,0.661,0.808,3,-6.28,0,0.0347,0.355,0.0,0.131,0.7,144.886,3,2024-10-31,09:06:11
MX,México,LATAM,17,84,5LhI8m7n8xlQmNe3b7Rwis,Madonna,https://open.spotify.com/track/5LhI8m7n8xlQmNe3b7Rwis,187087,True,0elWFr7TW8piilVRYJUe4P,Natanael Cano,15928718,89,"corrido,corridos tumbados,musica mexicana,sad sierreno,sierreno",0QZVRL2HC24voXfxWmpHvd,Madonna,single,2024-03-08,1,0.732,0.873,0,-5.965,1,0.0321,0.0449,0.000803,0.347,0.662,128.029,3,2024-10-31,09:06:12
MX,México,LATAM,18,83,6KOnLTb1xLfKDAjMC43I76,Giza,https://open.spotify.com/track/6KOnLTb1xLfKDAjMC43I76,177580,False,0elWFr7TW8piilVRYJUe4P,Natanael Cano,15928718,89,"corrido,corridos tumbados,musica mexicana,sad sierreno,sierreno",59NGQmOz4yxHkgbrVdFHhy,Giza,single,2024-07-10,1,0.698,0.891,5,-5.003,0,0.0341,0.0942,0.0,0.133,0.696,124.054,3,2024-10-31,09:06:12
MX,México,LATAM,19,83,41EOhpn50qvd8iZSKw531W,LOS CUADROS,https://open.spotify.com/track/41EOhpn50qvd8iZSKw531W,160409,True,12GqGscKJx3aE4t07u7eVZ,Peso Pluma,16943912,93,"corridos tumbados,sad sierreno",1WIv1NHz49sR2TK9WKBUwz,LOS CUADROS,single,2024-08-08,1,0.782,0.539,11,-10.68,1,0.0716,0.319,0.0,0.0905,0.939,122.149,3,2024-10-31,09:06:13
MX,México,LATAM,20,81,02cRoSfWU3RJNFyU3o4lhV,SANTAL 33,https://open.spotify.com/track/02cRoSfWU3RJNFyU3o4lhV,190303,True,12GqGscKJx3aE4t07u7eVZ,Peso Pluma,16943912,93,"corridos tumbados,sad sierreno",5kvw1bAOvzJdNi4hdgfaNf,ÉXODO,album,2024-06-20,24,0.715,0.764,6,-6.064,0,0.0946,0.666,8.11e-06,0.148,0.735,125.095,3,2024-10-31,09:06:14
MX,México,LATAM,21,82,3IEvQ1CzszUJtTRLmmMJ2X,5-7,https://open.spotify.com/track/3IEvQ1CzszUJtTRLmmMJ2X,174500,False,5eumcnUkdmGvkvcsx1WFNG,Tito Double P,2010314,90,corrido,27GWSFRITD8JJcSGMgEfTN,INCÓMODO,album,2024-08-22,21,0.827,0.596,10,-8.36,1,0.039,0.379,0.0,0.138,0.964,111.997,3,2024-10-31,09:06:15
MX,México,LATAM,22,94,6WatFBLVB0x077xWeoVc2k,Si Antes Te Hubiera Conocido,https://open.spotify.com/track/6WatFBLVB0x077xWeoVc2k,195824,False,790FomKkXshlbRYZFtlgla,KAROL G,51524480,91,"reggaeton,reggaeton colombiano,urbano latino",5ylbxH7EqpsmHZCRuiYewS,Si Antes Te Hubiera Conocido,single,2024-06-21,1,0.924,0.668,11,-6.795,1,0.0469,0.446,0.000594,0.0678,0.787,128.027,4,2024-10-31,09:06:16
MX,México,LATAM,23,80,1uGUbgZuO1kD1JZ0UeFupN,Hecha Pa' Mí,https://open.spotify.com/track/1uGUbgZuO1kD1JZ0UeFupN,195845,False,6XkjpgcEsYab502Vr1bBeW,Grupo Frontera,5119540,86,musica chihuahuense,3Z9jjBDBjKUkf7CXPm5aSF,Hecha Pa' Mí,single,2024-10-03,1,0.742,0.832,8,-4.267,1,0.0325,0.0857,0.0,0.296,0.716,98.582,4,2024-10-31,09:06:17
MX,México,LATAM,24,82,5GTBdEjZe7zEDp1N0eCZE4,HOLLYWOOD,https://open.spotify.com/track/5GTBdEjZe7zEDp1N0eCZE4,284864,True,12GqGscKJx3aE4t07u7eVZ,Peso Pluma,16943912,93,"corridos tumbados,sad sierreno",5kvw1bAOvzJdNi4hdgfaNf,ÉXODO,album,2024-06-20,24,0.707,0.683,3,-7.598,0,0.191,0.7,5.88e-06,0.134,0.545,94.979,3,2024-10-31,09:06:17
MX,México,LATAM,25,83,6uIIdjYTxxpWOyWuVXrKQO,Que Onda,https://open.spotify.com/track/6uIIdjYTxxpWOyWuVXrKQO,191466,True,6dLuQ5qXxIuWc5urxfIiZR,Calle 24,1450162,76,"corrido,corridos tumbados,sad sierreno,sierreno",4x6cjOcVz44aiLSOHCLKPd,Que Onda,single,2023-08-30,1,0.808,0.944,10,-4.863,0,0.0408,0.183,1.11e-06,0.138,0.937,124.934,3,2024-10-31,09:06:18
MX,México,LATAM,26,79,2ss1LK5Kfnjo5EUaCbsgZM,No Son Doritos,https://open.spotify.com/track/2ss1LK5Kfnjo5EUaCbsgZM,160714,True,0NlNru2YcUz6RbnpYGQz26,Clave Especial,254913,74,corrido,22jEQPO95IC1zSs5dJx2qc,No Son Doritos,single,2024-08-23,1,0.783,0.834,3,-4.623,0,0.029,0.539,0.000212,0.0903,0.92,139.995,3,2024-10-31,09:06:19
MX,México,LATAM,27,100,2plbrEY59IikOBgBGLjaoe,Die With A Smile,https://open.spotify.com/track/2plbrEY59IikOBgBGLjaoe,251667,False,1HY2Jd0NmPuamShAr6KMms,Lady Gaga,32416547,92,"art pop,dance pop,pop",10FLjwfpbxLmW8c25Xyc2N,Die With A Smile,single,2024-08-16,1,0.521,0.592,6,-7.777,0,0.0304,0.308,0.0,0.122,0.535,157.969,3,2024-10-31,09:06:20
MX,México,LATAM,28,80,2CshODtf7iwe3pKlPmEWF5,TRES BOTELLAS,https://open.spotify.com/track/2CshODtf7iwe3pKlPmEWF5,162648,True,7Gi6gjaWy3DxyilpF1a8Is,Junior H,19950016,91,"corrido,corridos tumbados,musica mexicana,sad sierreno,sierreno",7Lv6VzSqIz1sAssK2JUskG,$AD BOYZ 4 LIFE II,album,2023-10-05,17,0.723,0.59,11,-7.688,0,0.0341,0.246,5.02e-05,0.201,0.587,97.481,4,2024-10-31,09:06:21
MX,México,LATAM,29,83,51qYdMBxt9mFbtZBzq1Yfi,Regalo De Dios,https://open.spotify.com/track/51qYdMBxt9mFbtZBzq1Yfi,185933,False,1bfl0AU8SqmLkElptOprhC,Julión Álvarez y su Norteño Banda,6848895,84,"banda,musica mexicana,norteno,sad sierreno",0JoUcdNtc8iAKHGFj7Ppf9,PRESENTE,album,2023-11-17,12,0.792,0.516,4,-6.097,0,0.027,0.197,0.0,0.0855,0.916,108.939,4,2024-10-31,09:06:22
MX,México,LATAM,30,63,7kofJygFUxxmag4EAYcCG3,El Final De Nuestra Historia,https://open.spotify.com/track/7kofJygFUxxmag4EAYcCG3,197280,False,5bSfBBCxY8QAk4Pifveisz,La Arrolladora Banda El Limón De Rene Camacho,7447788,82,"banda,musica mexicana,norteno",3aFP6ikpIxjW9FzTAktQ1t,Íconos 25 Éxitos,album,2012-01-01,25,0.736,0.499,10,-8.177,1,0.0341,0.487,0.0,0.23,0.957,114.984,4,2024-10-31,09:06:22
MX,México,LATAM,31,81,33Nj9AdncSmHbCN3QeSZTL,Volver Al Futuro,https://open.spotify.com/track/33Nj9AdncSmHbCN3QeSZTL,204102,False,3l9G1G9MxH6DaRhwLklaf5,Oscar Maydon,2956128,87,corrido,0d91zWX7A6i4iPLgJc9oy6,Volver Al Futuro,single,2024-05-30,1,0.753,0.662,1,-6.702,1,0.0361,0.128,0.0,0.105,0.638,116.916,3,2024-10-31,09:06:23
MX,México,LATAM,32,81,24teIhDYO2RocTA2v5dY0r,Extssy Model,https://open.spotify.com/track/24teIhDYO2RocTA2v5dY0r,240654,False,7Gi6gjaWy3DxyilpF1a8Is,Junior H,19950016,91,"corrido,corridos tumbados,musica mexicana,sad sierreno,sierreno",3ind4Ir3JMazCITxWQajDb,Mi Vida En Un Cigarro 2,album,2022-02-11,21,0.675,0.725,4,-4.766,0,0.0334,0.0839,0.0,0.334,0.469,92.513,3,2024-10-31,09:06:24
MX,México,LATAM,33,95,5vNRhkKd0yEAg8suGBpjeY,APT.,https://open.spotify.com/track/5vNRhkKd0yEAg8suGBpjeY,169917,False,3eVa5w3URK5duf6eyVDbu9,ROSÉ,7632823,82,k-pop,2IYQwwgxgOIn7t3iF6ufFD,APT.,single,2024-10-18,1,0.777,0.783,0,-4.477,0,0.26,0.0283,0.0,0.355,0.939,149.027,4,2024-10-31,09:06:25
MX,México,LATAM,34,77,1wsDxqEDpsvNCatbXHjOje,BLANCA ROSITA Y MARIA,https://open.spotify.com/track/1wsDxqEDpsvNCatbXHjOje,200658,True,5eumcnUkdmGvkvcsx1WFNG,Tito Double P,2010314,90,corrido,27GWSFRITD8JJcSGMgEfTN,INCÓMODO,album,2024-08-22,21,0.767,0.656,11,-6.804,0,0.0561,0.3,0.00235,0.139,0.684,129.99,3,2024-10-31,09:06:26
MX,México,LATAM,35,79,0JDrG1g5HXbfgGtRKT0ofH,Diamantes,https://open.spotify.com/track/0JDrG1g5HXbfgGtRKT0ofH,211352,False,0elWFr7TW8piilVRYJUe4P,Natanael Cano,15928718,89,"corrido,corridos tumbados,musica mexicana,sad sierreno,sierreno",4TATXEH2tnZVTqlyURoWUR,A Mis 20,album,2021-05-28,11,0.662,0.759,9,-5.475,1,0.0353,0.389,0.0,0.141,0.513,92.438,3,2024-10-31,09:06:26
MX,México,LATAM,36,81,587pEvJ7iJhNtcCf5YKEgE,Tal Vez Fui Yo,https://open.spotify.com/track/587pEvJ7iJhNtcCf5YKEgE,150365,False,04mzq9GH08zOBRdV2gzmXm,El Padrinito Toys,678832,73,corrido,69jwXCQWJp72tQCYlSkiNs,Tal Vez Fui Yo,single,2024-08-08,1,0.583,0.774,5,-5.326,1,0.0337,0.195,0.0,0.258,0.685,119.795,3,2024-10-31,09:06:27
MX,México,LATAM,37,89,0Sr7ssScx54yxdM2ols7nW,Q U E V A S H A C E R H O Y ?,https://open.spotify.com/track/0Sr7ssScx54yxdM2ols7nW,224022,True,3E12tRURRvPfHz0hAMCFYc,Omar Courtz,376316,82,"trap boricua,trap latino,urbano latino",3C5uwdRE5QRoXSGPPxpDd4,PRIMERA MUSA,album,2024-09-20,17,0.56,0.681,6,-6.304,0,0.244,0.103,0.0,0.106,0.388,155.079,4,2024-10-31,09:06:28
MX,México,LATAM,38,79,1sXr6moCwVxwKEgSPxhVvF,Apaga El Cel,https://open.spotify.com/track/1sXr6moCwVxwKEgSPxhVvF,170832,False,6dLuQ5qXxIuWc5urxfIiZR,Calle 24,1450162,76,"corrido,corridos tumbados,sad sierreno,sierreno",5Isy5T3w9NjggarK5RxrQZ,Apaga El Cel,single,2023-12-22,1,0.744,0.842,10,-6.576,0,0.0358,0.101,2.43e-06,0.148,0.814,125.258,3,2024-10-31,09:06:29
MX,México,LATAM,39,86,3OJDtCdYs8QJnui708tEU3,Soltera,https://open.spotify.com/track/3OJDtCdYs8QJnui708tEU3,214642,False,0EmeFodog0BfCgMzAIvKQp,Shakira,35127033,88,"colombian pop,dance pop,latin pop,pop",0VRb8B2ls0GDEfmKiL8FWJ,Soltera,single,2024-09-25,1,0.841,0.752,2,-4.735,1,0.105,0.167,0.00046,0.949,0.67,100.076,4,2024-10-31,09:06:30
MX,México,LATAM,40,83,3fJHbMUnzceimOnNjp63fF,Primera Cita,https://open.spotify.com/track/3fJHbMUnzceimOnNjp63fF,186455,False,66ihevNkSYNzRAl44dx6jJ,Carin Leon,13445289,87,"corrido,musica mexicana,sad sierreno,sierreno",6TsExCpZJTDj7Fd0ez2knv,Colmillo De Leche,album,2023-05-19,18,0.536,0.396,10,-7.804,1,0.0687,0.604,6.97e-05,0.0969,0.491,157.846,3,2024-10-31,09:06:31
MX,México,LATAM,41,84,4bw8mcDUSRWfQo63ZTYRnU,Según Quién,https://open.spotify.com/track/4bw8mcDUSRWfQo63ZTYRnU,142334,True,1r4hJ1h58CWwUQe3MxPuau,Maluma,34815387,86,"latin pop,reggaeton,reggaeton colombiano,trap latino,urbano latino",3Fk8yQvPlCHgwR2pNhEIRA,Don Juan,album,2023-08-25,25,0.909,0.762,9,-3.974,1,0.0643,0.434,0.0,0.0856,0.843,101.987,3,2024-10-31,09:06:31
MX,México,LATAM,42,80,29vIEdxgMT9H1fnBMecWjA,Lo Tienes Todo,https://open.spotify.com/track/29vIEdxgMT9H1fnBMecWjA,164386,False,1bfl0AU8SqmLkElptOprhC,Julión Álvarez y su Norteño Banda,6848895,84,"banda,musica mexicana,norteno,sad sierreno",0JoUcdNtc8iAKHGFj7Ppf9,PRESENTE,album,2023-11-17,12,0.702,0.836,8,-3.599,1,0.0658,0.204,0.0,0.0698,0.63,117.897,4,2024-10-31,09:06:32
MX,México,LATAM,43,74,7oJ3N7oVSwoa5sdpg6NCE6,Lo Que Hay X Aquí,https://open.spotify.com/track/7oJ3N7oVSwoa5sdpg6NCE6,158545,False,3p8PwzenE7ktd4BVFuQzMD,La Receta,423093,74,"corrido,musica sinaloense,sierreno",24VJ6GN4qzkMVqwNif5HeU,Corridos Pa Mis Compas Y Rolitas Pa Mi Ex,album,2024-08-22,17,0.69,0.502,0,-7.242,1,0.096,0.697,0.0,0.213,0.747,153.991,4,2024-10-31,09:06:33
MX,México,LATAM,44,80,3FqUPvubYeRCMsdJ02QyZR,TÚ NAME,https://open.spotify.com/track/3FqUPvubYeRCMsdJ02QyZR,152078,False,0ys2OFYzWYB5hRDLCsBqxt,Fuerza Regida,12101808,90,"corrido,corridos tumbados,sad sierreno,sierreno",5WPTc1Xa8REVDQ5YazhNgv,Dolido Pero No Arrepentido,single,2024-02-09,6,0.76,0.747,0,-5.083,0,0.0282,0.0675,2.73e-06,0.309,0.884,128.912,3,2024-10-31,09:06:34
MX,México,LATAM,45,74,2HSqF98IZ3OIGVUHHUwGdV,On D Gas,https://open.spotify.com/track/2HSqF98IZ3OIGVUHHUwGdV,201322,True,7yCGrS6Xh3UngvY6Ad5sMJ,LEGADO 7,2133412,68,"corrido,corridos tumbados,musica mexicana,norteno,sad sierreno",7DNy735fYZw62qx3CHTtJL,Pa Que Se Motiven,album,2024-08-23,15,0.786,0.888,5,-5.875,0,0.0916,0.248,0.0,0.16,0.852,108.876,3,2024-10-31,09:06:35
MX,México,LATAM,46,78,3HgvO4B5LLmdPOT2d8cSZd,Mónaco,https://open.spotify.com/track/3HgvO4B5LLmdPOT2d8cSZd,192313,False,7uQ1D2NNHs5cUL3CLKRbia,LAGOS,164601,67,pop venezolano,0t8H6Wc8P63LO0zj7kwZuj,Clásicos,album,2021-05-28,12,0.699,0.654,11,-6.264,1,0.0383,0.054,7.08e-06,0.095,0.319,100.037,4,2024-10-31,09:06:35
MX,México,LATAM,47,76,4ZplewvZRLFcfBa5uyBbhd,Belleza De Cantina,https://open.spotify.com/track/4ZplewvZRLFcfBa5uyBbhd,183946,False,0GpuSge5ffZ053NhXxgQkV,Cardenales De Nuevo León,2442470,75,"banda,musica mexicana,norteno",4knvBWQwoePhytbeXYTGc0,Por Las Damas,album,2002-01-01,10,0.755,0.596,9,-7.849,0,0.0402,0.282,0.0,0.0508,0.806,96.487,4,2024-10-31,09:06:36
MX,México,LATAM,48,77,179TZwPk0txEvjkraVTVKo,El Precio De La Soledad,https://open.spotify.com/track/179TZwPk0txEvjkraVTVKo,186360,False,5xYNmNkaWRqu3e5F4UXME8,Alfredo Olivas,9235497,81,"banda,corrido,musica mexicana,norteno,sad sierreno,sierreno",5t3QwyKSV5oww8T0eB26mB,Así Es Esto,album,2012-10-15,15,0.715,0.846,10,-3.665,1,0.18,0.129,2.57e-06,0.084,0.909,95.426,4,2024-10-31,09:06:37
MX,México,LATAM,49,81,0hkoQgoqic1qQtxPOudmrx,Amor,https://open.spotify.com/track/0hkoQgoqic1qQtxPOudmrx,202058,False,7hDt3OE2ubsKzO9rMYPXox,emmanuellcortess_,108404,67,,7I35dC3g7n1Uv7h1Yn7EXA,Memorias <3,album,2023-07-28,9,0.717,0.502,2,-6.329,1,0.0479,0.208,1.31e-05,0.12,0.424,180.01,4,2024-10-31,09:06:38
MX,México,LATAM,50,80,1jIirpaACmgb4nTYfywys4,BELANOVA,https://open.spotify.com/track/1jIirpaACmgb4nTYfywys4,164822,True,12GqGscKJx3aE4t07u7eVZ,Peso Pluma,16943912,93,"corridos tumbados,sad sierreno",5kvw1bAOvzJdNi4hdgfaNf,ÉXODO,album,2024-06-20,24,0.726,0.808,1,-5.845,1,0.064,0.556,5.4e-06,0.208,0.814,129.84,3,2024-10-31,09:06:39
PE,Perú,LATAM,1,100,2plbrEY59IikOBgBGLjaoe,Die With A Smile,https://open.spotify.com/track/2plbrEY59IikOBgBGLjaoe,251667,False,1HY2Jd0NmPuamShAr6KMms,Lady Gaga,32416547,92,"art pop,dance pop,pop",10FLjwfpbxLmW8c25Xyc2N,Die With A Smile,single,2024-08-16,1,0.521,0.592,6,-7.777,0,0.0304,0.308,0.0,0.122,0.535,157.969,3,2024-10-31,09:06:40
PE,Perú,LATAM,2,94,6WatFBLVB0x077xWeoVc2k,Si Antes Te Hubiera Conocido,https://open.spotify.com/track/6WatFBLVB0x077xWeoVc2k,195824,False,790FomKkXshlbRYZFtlgla,KAROL G,51524480,91,"reggaeton,reggaeton colombiano,urbano latino",5ylbxH7EqpsmHZCRuiYewS,Si Antes Te Hubiera Conocido,single,2024-06-21,1,0.924,0.668,11,-6.795,1,0.0469,0.446,0.000594,0.0678,0.787,128.027,4,2024-10-31,09:06:41
PE,Perú,LATAM,3,92,7tI8dRuH2Yc6RuoTjxo4dU,Who,https://open.spotify.com/track/7tI8dRuH2Yc6RuoTjxo4dU,170887,False,1oSPZhvZMIrWW5I41kPkkY,Jimin,9717033,88,k-pop,15XcLhiVMlSOipUddTNDnr,MUSE,album,2024-07-19,7,0.66,0.756,0,-3.743,0,0.032,0.00289,0.0,0.193,0.838,116.034,4,2024-10-31,09:06:41
PE,Perú,LATAM,4,89,0Sr7ssScx54yxdM2ols7nW,Q U E V A S H A C E R H O Y ?,https://open.spotify.com/track/0Sr7ssScx54yxdM2ols7nW,224022,True,3E12tRURRvPfHz0hAMCFYc,Omar Courtz,376316,82,"trap boricua,trap latino,urbano latino",3C5uwdRE5QRoXSGPPxpDd4,PRIMERA MUSA,album,2024-09-20,17,0.56,0.681,6,-6.304,0,0.244,0.103,0.0,0.106,0.388,155.079,4,2024-10-31,09:06:42
PE,Perú,LATAM,5,95,5vNRhkKd0yEAg8suGBpjeY,APT.,https://open.spotify.com/track/5vNRhkKd0yEAg8suGBpjeY,169917,False,3eVa5w3URK5duf6eyVDbu9,ROSÉ,7632823,82,k-pop,2IYQwwgxgOIn7t3iF6ufFD,APT.,single,2024-10-18,1,0.777,0.783,0,-4.477,0,0.26,0.0283,0.0,0.355,0.939,149.027,4,2024-10-31,09:06:43
PE,Perú,LATAM,6,88,7bywjHOc0wSjGGbj04XbVi,LUNA,https://open.spotify.com/track/7bywjHOc0wSjGGbj04XbVi,196800,False,2LRoIwlKmHjgvigdNGBHNo,Feid,14446012,92,"colombian pop,pop reggaeton,reggaeton,reggaeton colombiano,trap latino,urbano latino",0lgs2Sa82lyX89nBUWyUy6,FERXXOCALIPSIS,album,2023-12-01,10,0.774,0.86,7,-2.888,0,0.13,0.131,0.0,0.116,0.446,100.019,4,2024-10-31,09:06:44
PE,Perú,LATAM,7,64,0uK4qOvijuVKXgieyScZ04,TATTOO,https://open.spotify.com/track/0uK4qOvijuVKXgieyScZ04,214875,False,1WUEWZGTvX4AjC2y5PoSDd,La Única Tropical,548865,66,cumbia peruana,7Ht7cK6rfhcfTa78K0veYh,TATTOO,single,2024-10-08,1,0.655,0.775,0,-6.674,0,0.0295,0.0551,0.00398,0.353,0.959,130.006,4,2024-10-31,09:06:45
PE,Perú,LATAM,8,85,2btNsI4OvcVl7SAHQQDHFB,Mírame,https://open.spotify.com/track/2btNsI4OvcVl7SAHQQDHFB,157453,True,1TA5sGRlKUJXBN4ZyJuDIX,Blessd,5241710,82,"reggaeton,urbano latino",5oCAS6VzHoESewtXUGMqbz,Mírame,single,2024-04-17,1,0.717,0.656,7,-4.449,1,0.0797,0.141,2.96e-05,0.0661,0.695,175.956,4,2024-10-31,09:06:45
PE,Perú,LATAM,9,85,2gmd7lY3QSzLh0xIY4cRvi,SE ME OLVIDA,https://open.spotify.com/track/2gmd7lY3QSzLh0xIY4cRvi,225373,True,6B1hSmaLdOvChinK2Z7gfi,Maisak,42790,72,,00ESTj1vBUkIbaTHaXaXu3,SE ME OLVIDA,single,2024-08-23,1,0.786,0.707,7,-4.386,0,0.0635,0.0399,0.0,0.121,0.691,82.045,4,2024-10-31,09:06:46
PE,Perú,LATAM,10,87,5QjmUqgpPQgXgg4606DqZF,UWAIE,https://open.spotify.com/track/5QjmUqgpPQgXgg4606DqZF,172427,False,3UTF2no3muGdiFXVujl94i,Kapo,262954,80,,5H7sO778w4hgr2v2600ajN,UWAIE,single,2024-08-15,1,0.705,0.783,9,-4.783,0,0.0403,0.138,0.0,0.0984,0.454,103.001,4,2024-10-31,09:06:47
PE,Perú,LATAM,11,84,42wdz3j7gstgUuhoFLCXqd,PELIGROSA,https://open.spotify.com/track/42wdz3j7gstgUuhoFLCXqd,134930,True,7CvTknweLr9feJtRGrpDBy,FloyyMenor,1048311,84,reggaeton chileno,6MikZBKCtKfPM4439yzBRz,EL COMIENZO,album,2024-08-09,7,0.763,0.519,6,-7.426,0,0.0636,0.22,6.42e-06,0.0816,0.804,100.025,4,2024-10-31,09:06:48
PE,Perú,LATAM,12,66,5Qpe34hyuUgb83zeNk3q5u,Nos Duele Tanto,https://open.spotify.com/track/5Qpe34hyuUgb83zeNk3q5u,141115,False,2fuu7gBnfDhgJNt1Yr4ERu,Pascal,8311,52,pop peruano,2JZ4R0tmYJu7Wk7TuE4jX5,Nos Duele Tanto,single,2024-04-04,1,0.74,0.568,1,-9.91,1,0.0478,0.0559,0.0,0.252,0.406,129.95,4,2024-10-31,09:06:49
PE,Perú,LATAM,13,80,6kPCcIAGoTeRrh8qrmKa90,Piel,https://open.spotify.com/track/6kPCcIAGoTeRrh8qrmKa90,142041,True,5Y3MV9DZ0d87NnVm56qSY1,Tiago PZK,5397473,81,"trap argentino,trap latino,urbano latino",3s6jmSUxBLRxzKdevnFmJS,GOTTI A,album,2024-07-04,14,0.646,0.907,0,-1.617,1,0.0593,0.422,0.0,0.14,0.816,168.004,4,2024-10-31,09:06:49
PE,Perú,LATAM,14,83,6a9Z1jUms915w4O7N1PxjY,Santa,https://open.spotify.com/track/6a9Z1jUms915w4O7N1PxjY,193038,False,1fctva4kpRbg2k3v7kwRuS,Rvssian,2505121,76,"reggaeton,reggaeton flow,trap latino,urbano latino",3uzutRS5qX4ng5Skjh5S6W,Santa,single,2024-04-03,2,0.725,0.709,3,-5.017,0,0.129,0.321,0.000189,0.114,0.648,99.993,4,2024-10-31,09:06:50
PE,Perú,LATAM,15,86,3OJDtCdYs8QJnui708tEU3,Soltera,https://open.spotify.com/track/3OJDtCdYs8QJnui708tEU3,214642,False,0EmeFodog0BfCgMzAIvKQp,Shakira,35127033,88,"colombian pop,dance pop,latin pop,pop",0VRb8B2ls0GDEfmKiL8FWJ,Soltera,single,2024-09-25,1,0.841,0.752,2,-4.735,1,0.105,0.167,0.00046,0.949,0.67,100.076,4,2024-10-31,09:06:51
PE,Perú,LATAM,16,76,0qeIFEGRQqHoaJtLCl0U73,DEGENERE 👑 (feat. benny blanco),https://open.spotify.com/track/0qeIFEGRQqHoaJtLCl0U73,130880,True,7iK8PXO48WeuP03g8YR51W,Myke Towers,16972727,89,"reggaeton,trap latino,urbano latino",3pkIK8SI5mcUUjb9jNjx4H,LA PANTERA NEGRA (DELUXE),album,2024-10-17,30,0.744,0.709,6,-5.778,0,0.284,0.0501,0.0,0.0847,0.712,194.055,4,2024-10-31,09:06:52
PE,Perú,LATAM,17,83,63pLfjK6FvcYJYMGwtHjd6,SORRY 4 THAT MUCH,https://open.spotify.com/track/63pLfjK6FvcYJYMGwtHjd6,207746,True,2LRoIwlKmHjgvigdNGBHNo,Feid,14446012,92,"colombian pop,pop reggaeton,reggaeton,reggaeton colombiano,trap latino,urbano latino",1kZGpaXOeB48TPT2JatjvC,SORRY 4 THAT MUCH,single,2024-06-07,1,0.819,0.675,7,-4.281,1,0.0727,0.0318,0.0,0.289,0.602,92.99,4,2024-10-31,09:06:53
PE,Perú,LATAM,18,86,5Uptvz6j1sjDKxidAcnH2L,SI NO ES CONTIGO,https://open.spotify.com/track/5Uptvz6j1sjDKxidAcnH2L,156000,True,1Yj5Xey7kTwvZla8sqdsdE,Cris Mj,4093373,88,"mambo chileno,trap latino,urbano chileno,urbano latino",4ecjQGViGCD4snnZ3QJOEL,SI NO ES CONTIGO,single,2024-05-23,1,0.763,0.626,5,-5.637,0,0.0433,0.0859,0.225,0.205,0.78,100.02,4,2024-10-31,09:06:53
PE,Perú,LATAM,19,87,6PhRhocBXP4y7NpciGmzra,Después De La 1,https://open.spotify.com/track/6PhRhocBXP4y7NpciGmzra,177600,True,1Yj5Xey7kTwvZla8sqdsdE,Cris Mj,4093373,88,"mambo chileno,trap latino,urbano chileno,urbano latino",2lIzIH2mQQ0ItgkJKefQMp,MJ,single,2024-09-12,2,0.805,0.581,6,-5.091,0,0.0601,0.0303,0.0202,0.0933,0.528,99.973,4,2024-10-31,09:06:54
PE,Perú,LATAM,20,81,13BDiikG6y5o5cQTK0HpW6,Soltera - W Sound 01,https://open.spotify.com/track/13BDiikG6y5o5cQTK0HpW6,142022,True,5uwa6tAMMfNbBFIHiI6NV4,W Sound,144167,68,,5UQC6N5rRND3GZKzysRdA4,Soltera (W Sound 01),single,2024-08-06,1,0.734,0.578,1,-4.147,1,0.295,0.155,0.000242,0.113,0.88,199.997,4,2024-10-31,09:06:55
PE,Perú,LATAM,21,85,1fTjqf10accJCDYstPwwZ6,Ohnana,https://open.spotify.com/track/1fTjqf10accJCDYstPwwZ6,156577,False,3UTF2no3muGdiFXVujl94i,Kapo,262954,80,,3IdVqIfyLPqxPZusYgifLo,Ohnana,single,2024-06-06,1,0.775,0.581,1,-3.621,0,0.108,0.617,8.33e-06,0.0957,0.658,104.977,4,2024-10-31,09:06:56
PE,Perú,LATAM,22,91,1cOboCuWYI2osTOfolMRS6,Tu Boda,https://open.spotify.com/track/1cOboCuWYI2osTOfolMRS6,225880,True,3l9G1G9MxH6DaRhwLklaf5,Oscar Maydon,2956128,87,corrido,60cQzWfmdg4hyDXrpW6kOA,Tu Boda,single,2024-09-26,1,0.694,0.651,6,-6.968,1,0.0784,0.496,1.36e-05,0.0787,0.471,112.648,3,2024-10-31,09:06:56
PE,Perú,LATAM,23,84,1pymWRCuZfCd0zdiBJo0Hj,REAL GANGSTA LOVE,https://open.spotify.com/track/1pymWRCuZfCd0zdiBJo0Hj,145342,True,2x7PC78TmgqpEIjaGAZ0Oz,Trueno,7855727,80,"argentine hip hop,bases de freestyle,trap argentino,trap latino,urbano latino",3EWJoKrG9XnCjvAPzkQZ88,EL ÚLTIMO BAILE,album,2024-05-23,13,0.831,0.643,4,-4.659,0,0.0568,0.388,6.94e-05,0.374,0.57,97.013,4,2024-10-31,09:06:57
PE,Perú,LATAM,24,67,7sPqCI54XxKNaOoGooaeCp,PARTIDO EN DOS,https://open.spotify.com/track/7sPqCI54XxKNaOoGooaeCp,217250,False,1WUEWZGTvX4AjC2y5PoSDd,La Única Tropical,548865,66,cumbia peruana,3Lpl5qOMQqiO4mN9TNT6Fg,PARTIDO EN DOS,single,2024-02-24,1,0.677,0.872,7,-3.51,1,0.0297,0.056,0.000596,0.0912,0.896,125.975,4,2024-10-31,09:06:58
PE,Perú,LATAM,25,65,27G6SfSgrwATYIM7G23u7U,Si Esta Casa Hablara,https://open.spotify.com/track/27G6SfSgrwATYIM7G23u7U,224063,False,1WUEWZGTvX4AjC2y5PoSDd,La Única Tropical,548865,66,cumbia peruana,5iOAYIfJkHvXRmV3Q94skV,Sin Fronteras,album,2018-01-02,12,0.793,0.705,8,-3.633,1,0.0284,0.114,0.0,0.107,0.803,126.047,4,2024-10-31,09:06:59
PE,Perú,LATAM,26,82,5pVJ3IlnpIorU44oXizzG5,Orion,https://open.spotify.com/track/5pVJ3IlnpIorU44oXizzG5,240964,False,2NfSBtmWe7oPw1EmetJVso,Boza,623792,71,"panamanian pop,reggaeton,urbano latino",2FWRFIH8Agbw8JGG4hbdG6,Orion,single,2024-05-29,1,0.857,0.705,1,-4.775,1,0.183,0.322,0.00249,0.197,0.874,105.011,4,2024-10-31,09:07:00
PE,Perú,LATAM,27,81,6DUdDIRgLqCGq1DwkNWQTN,Borro Cassette,https://open.spotify.com/track/6DUdDIRgLqCGq1DwkNWQTN,207306,False,1r4hJ1h58CWwUQe3MxPuau,Maluma,34815387,86,"latin pop,reggaeton,reggaeton colombiano,trap latino,urbano latino",3PomvFR694SrCSZzDWMWV7,"Pretty Boy, Dirty Boy",album,2015-10-30,16,0.73,0.701,5,-5.885,0,0.106,0.132,0.0,0.151,0.785,175.95,4,2024-10-31,09:07:01
PE,Perú,LATAM,28,85,7iQXYTyuG13aoeHxGG28Nh,PERRO NEGRO,https://open.spotify.com/track/7iQXYTyuG13aoeHxGG28Nh,162767,True,4q3ewBCX7sLwd24euuV69X,Bad Bunny,86611333,95,"reggaeton,trap latino,urbano latino",4FftCsAcXXD1nFO9RFUNFO,nadie sabe lo que va a pasar mañana,album,2023-10-13,22,0.911,0.778,5,-2.248,1,0.262,0.0887,2.16e-05,0.179,0.345,96.057,4,2024-10-31,09:07:01
PE,Perú,LATAM,29,97,6dOtVTDdiauQNBQEDOtlAB,BIRDS OF A FEATHER,https://open.spotify.com/track/6dOtVTDdiauQNBQEDOtlAB,210373,False,6qqNVTkY8uBg9cP3Jd7DAH,Billie Eilish,101433183,96,"art pop,pop",7aJuG4TFXa2hmE4z1yxc3n,HIT ME HARD AND SOFT,album,2024-05-17,10,0.747,0.507,2,-10.171,1,0.0358,0.2,0.0608,0.117,0.438,104.978,4,2024-10-31,09:07:02
PE,Perú,LATAM,30,80,7MVIfkyzuUmQ716j8U7yGR,Rara Vez,https://open.spotify.com/track/7MVIfkyzuUmQ716j8U7yGR,128677,False,19HM5j0ULGSmEoRcrSe5x3,Milo j,4999451,83,"trap argentino,trap latino,urbano latino",26wRfIX4WqKLKHll9O3KnF,Rara Vez,single,2023-02-08,1,0.838,0.708,5,-4.668,0,0.166,0.176,0.0,0.343,0.96,119.984,4,2024-10-31,09:07:03
PE,Perú,LATAM,31,85,505v13epFXodT9fVAJ6h8k,AMARGURA,https://open.spotify.com/track/505v13epFXodT9fVAJ6h8k,170480,True,790FomKkXshlbRYZFtlgla,KAROL G,51524480,91,"reggaeton,reggaeton colombiano,urbano latino",4kS7bSuU0Jm9LYMosFU2x5,MAÑANA SERÁ BONITO,album,2023-02-24,17,0.912,0.7,6,-3.331,0,0.068,0.163,0.0,0.174,0.535,106.981,4,2024-10-31,09:07:04
PE,Perú,LATAM,32,84,4bw8mcDUSRWfQo63ZTYRnU,Según Quién,https://open.spotify.com/track/4bw8mcDUSRWfQo63ZTYRnU,142334,True,1r4hJ1h58CWwUQe3MxPuau,Maluma,34815387,86,"latin pop,reggaeton,reggaeton colombiano,trap latino,urbano latino",3Fk8yQvPlCHgwR2pNhEIRA,Don Juan,album,2023-08-25,25,0.909,0.762,9,-3.974,1,0.0643,0.434,0.0,0.0856,0.843,101.987,3,2024-10-31,09:07:05
PE,Perú,LATAM,33,81,2CeKVsFFXG4QzA415QygGb,Feliz Cumpleaños Ferxxo,https://open.spotify.com/track/2CeKVsFFXG4QzA415QygGb,155960,False,2LRoIwlKmHjgvigdNGBHNo,Feid,14446012,92,"colombian pop,pop reggaeton,reggaeton,reggaeton colombiano,trap latino,urbano latino",7pijRxgRaBirPz6wDaJIp9,FELIZ CUMPLEAÑOS FERXXO TE PIRATEAMOS EL ÁLBUM,album,2022-09-14,15,0.865,0.573,5,-5.501,1,0.0678,0.0863,0.0,0.305,0.563,94.999,4,2024-10-31,09:07:05
PE,Perú,LATAM,34,83,3tt9i3Hhzq84dPS8H7iSiJ,La Bachata,https://open.spotify.com/track/3tt9i3Hhzq84dPS8H7iSiJ,162637,False,0tmwSHipWxN12fsoLcFU3B,Manuel Turizo,14153672,84,"colombian pop,latin pop,reggaeton,reggaeton colombiano,trap latino,urbano latino",7ubO2LZJZFpyhiWMZkRwcH,2000,album,2023-03-17,15,0.835,0.679,7,-5.329,0,0.0364,0.583,1.98e-06,0.218,0.85,124.98,4,2024-10-31,09:07:06
PE,Perú,LATAM,35,77,059bcIhyc2SBwm6sw2AZzd,Te Vi,https://open.spotify.com/track/059bcIhyc2SBwm6sw2AZzd,231848,False,4bw2Am3p9ji3mYsXNXtQcd,Piso 21,9177659,76,"colombian pop,latin pop,reggaeton,reggaeton colombiano,trap latino,urbano latino",02XOoh8XrlCc466QkkjGk5,Te Vi,single,2018-12-14,1,0.877,0.777,1,-4.246,1,0.117,0.0446,3.46e-05,0.0863,0.706,102.02,4,2024-10-31,09:07:07
PE,Perú,LATAM,36,84,2Qcbspnftnon37jibwyvMU,I'll Be There,https://open.spotify.com/track/2Qcbspnftnon37jibwyvMU,181677,False,5vV3bFXnN6D6N3Nj4xRvaV,Jin,8379319,79,k-pop,6OdmwetSmFXZhBrNJFKvay,I'll Be There,single,2024-10-25,1,0.538,0.738,10,-2.412,1,0.0445,0.0351,0.0,0.0898,0.736,148.887,4,2024-10-31,09:07:08
PE,Perú,LATAM,37,70,1AddbBdKFz8wdqatGVSsYS,Es Un Secreto,https://open.spotify.com/track/1AddbBdKFz8wdqatGVSsYS,192053,False,2jSGzJw0ebJLu7OLVSOcBP,Plan B,5108225,81,"reggaeton,trap latino,urbano latino",14zQ8tAtR4VKcFjIvxop3l,Cipote Carnaval 2011,compilation,2011-06-20,19,0.838,0.732,6,-6.266,0,0.0432,0.114,1.49e-06,0.0682,0.525,95.011,4,2024-10-31,09:07:09
PE,Perú,LATAM,38,83,54zcJnb3tp9c5OVKREZ1Is,MI EX TENÍA RAZÓN,https://open.spotify.com/track/54zcJnb3tp9c5OVKREZ1Is,154374,False,790FomKkXshlbRYZFtlgla,KAROL G,51524480,91,"reggaeton,reggaeton colombiano,urbano latino",0FqAaUEyKCyUNFE1uQPZ7i,MAÑANA SERÁ BONITO (BICHOTA SEASON),album,2023-08-10,9,0.634,0.725,5,-4.945,0,0.0587,0.0776,0.0,0.211,0.795,159.845,4,2024-10-31,09:07:10
PE,Perú,LATAM,39,80,1hZsWUnLbqRw09jLAMQSsb,CLASSY 101,https://open.spotify.com/track/1hZsWUnLbqRw09jLAMQSsb,195586,True,2LRoIwlKmHjgvigdNGBHNo,Feid,14446012,92,"colombian pop,pop reggaeton,reggaeton,reggaeton colombiano,trap latino,urbano latino",0lgs2Sa82lyX89nBUWyUy6,FERXXOCALIPSIS,album,2023-12-01,10,0.858,0.665,11,-4.772,1,0.152,0.126,0.0,0.119,0.659,100.09,4,2024-10-31,09:07:10
PE,Perú,LATAM,40,83,7iUtQNMRB8ZkKC4AmEuCJC,LA FALDA,https://open.spotify.com/track/7iUtQNMRB8ZkKC4AmEuCJC,174229,True,7iK8PXO48WeuP03g8YR51W,Myke Towers,16972727,89,"reggaeton,trap latino,urbano latino",1ZVJTCW5rxpHKNgsNL91J2,LVEU: VIVE LA TUYA...NO LA MIA,album,2023-09-18,23,0.8,0.738,7,-4.26,1,0.0691,0.372,0.00877,0.19,0.267,103.008,4,2024-10-31,09:07:11
PE,Perú,LATAM,41,79,0rNqDh9zWWJVTLS4VfceHP,Brickell,https://open.spotify.com/track/0rNqDh9zWWJVTLS4VfceHP,180360,True,2LRoIwlKmHjgvigdNGBHNo,Feid,14446012,92,"colombian pop,pop reggaeton,reggaeton,reggaeton colombiano,trap latino,urbano latino",5WTsC6KDdxp9xVQrAMIU6c,MANIFESTING 20-05,single,2024-04-10,5,0.805,0.89,11,-1.502,0,0.0634,0.0704,0.0,0.121,0.489,93.037,4,2024-10-31,09:07:12
PE,Perú,LATAM,42,78,2esZG2XFtuoWWA9AfDvSxy,Gata Only,https://open.spotify.com/track/2esZG2XFtuoWWA9AfDvSxy,222000,True,7CvTknweLr9feJtRGrpDBy,FloyyMenor,1048311,84,reggaeton chileno,6MikZBKCtKfPM4439yzBRz,EL COMIENZO,album,2024-08-09,7,0.794,0.5,8,-8.454,0,0.049,0.438,3e-05,0.0905,0.659,99.985,4,2024-10-31,09:07:13
PE,Perú,LATAM,43,82,0fea68AdmYNygeTGI4RC18,LA CANCIÓN,https://open.spotify.com/track/0fea68AdmYNygeTGI4RC18,242573,False,1vyhD5VmyZ7KMfW5gqLgo5,J Balvin,37314594,88,"reggaeton,reggaeton colombiano,trap latino,urbano latino",6ylFfzx32ICw4L1A7YWNLN,OASIS,album,2019-06-28,8,0.756,0.646,7,-5.795,1,0.319,0.152,1.81e-05,0.108,0.429,176.088,4,2024-10-31,09:07:14
PE,Perú,LATAM,44,81,08pbRBstuvH7ArRxeb8fwT,Hasta Aquí Llegué,https://open.spotify.com/track/08pbRBstuvH7ArRxeb8fwT,188887,False,1cUpGtXcSQsovNYEZOQgOG,Nanpa Básico,2698512,76,"colombian hip hop,mexican hip hop",7hYoXVqpRhN9ATvO8Kf3w5,Hasta Aquí Llegué,single,2024-07-18,1,0.641,0.657,11,-8.338,0,0.218,0.538,0.0,0.106,0.411,100.016,4,2024-10-31,09:07:15
PE,Perú,LATAM,45,78,27ze5t5tIDPlVits0KRbxT,El Perdedor,https://open.spotify.com/track/27ze5t5tIDPlVits0KRbxT,215213,False,1qto4hHid1P71emI6Fd8xi,Aventura,8946431,82,"bachata,bachata dominicana,latin hip hop,latin pop,tropical,urbano latino",03Sa02WIHEwH8lHfbipmrz,K.O.B. Live,album,2006-12-19,25,0.779,0.589,5,-10.645,1,0.0345,0.332,0.0,0.12,0.894,128.044,4,2024-10-31,09:07:15
PE,Perú,LATAM,46,84,5RqSsdzTNPX1uzkmlHCFvK,QLONA,https://open.spotify.com/track/5RqSsdzTNPX1uzkmlHCFvK,172797,True,790FomKkXshlbRYZFtlgla,KAROL G,51524480,91,"reggaeton,reggaeton colombiano,urbano latino",0FqAaUEyKCyUNFE1uQPZ7i,MAÑANA SERÁ BONITO (BICHOTA SEASON),album,2023-08-10,9,0.841,0.738,7,-7.455,0,0.307,0.52,0.0,0.0892,0.484,169.918,4,2024-10-31,09:07:16
PE,Perú,LATAM,47,81,4YnmQG1fnJR9LnTZtix70T,WYA REMIX RED,https://open.spotify.com/track/4YnmQG1fnJR9LnTZtix70T,321741,True,17SY5q1CMOZJBRuPcKWwPI,J Abdiel,149713,73,"trap latino,urbano latino",4KparoC39Qn5NatBrMA7nN,WYA REMIX RED,single,2024-05-10,1,0.733,0.527,0,-5.985,0,0.0486,0.364,0.0,0.0999,0.371,110.045,4,2024-10-31,09:07:17
PE,Perú,LATAM,48,79,4MAv7MqIlcaTBHGiUXIWiw,SI NO ES CONTIGO - REMIX,https://open.spotify.com/track/4MAv7MqIlcaTBHGiUXIWiw,254500,True,1Yj5Xey7kTwvZla8sqdsdE,Cris Mj,4093373,88,"mambo chileno,trap latino,urbano chileno,urbano latino",6ilRhpB01gqO1lI9OtGmGj,SI NO ES CONTIGO (REMIX),single,2024-10-17,1,0.732,0.74,0,-4.281,1,0.0302,0.0452,9.8e-05,0.127,0.681,99.995,4,2024-10-31,09:07:18
PE,Perú,LATAM,49,62,29r4y4g1gM4INIk8anytuQ,Cual Adios,https://open.spotify.com/track/29r4y4g1gM4INIk8anytuQ,205665,False,1WUEWZGTvX4AjC2y5PoSDd,La Única Tropical,548865,66,cumbia peruana,5iOAYIfJkHvXRmV3Q94skV,Sin Fronteras,album,2018-01-02,12,0.641,0.731,5,-6.673,0,0.032,0.0779,0.00135,0.107,0.869,108.01,4,2024-10-31,09:07:18
PE,Perú,LATAM,50,81,6XbtvPmIpyCbjuT0e8cQtp,Columbia,https://open.spotify.com/track/6XbtvPmIpyCbjuT0e8cQtp,186000,False,52iwsT98xCoGgiGntTiR7K,Quevedo,5231649,82,"rap canario,trap latino,urbano latino",07kam1Dks7GIucbSelfvyX,Columbia,single,2023-07-07,1,0.668,0.712,5,-5.927,1,0.0381,0.369,2.13e-05,0.108,0.264,100.02,4,2024-10-31,09:07:19
UY,Uruguay,LATAM,1,75,0c82YIGpQ5dCaXpTNCk4sb,Alegría,https://open.spotify.com/track/0c82YIGpQ5dCaXpTNCk4sb,165054,False,5Y3MV9DZ0d87NnVm56qSY1,Tiago PZK,5397473,81,"trap argentino,trap latino,urbano latino",3s6jmSUxBLRxzKdevnFmJS,GOTTI A,album,2024-07-04,14,0.575,0.658,9,-2.34,0,0.101,0.0463,2.24e-05,0.0627,0.884,84.273,5,2024-10-31,09:07:21
UY,Uruguay,LATAM,2,74,7yrTny7FLWLbfIzsxoicWj,noviogangsta <3,https://open.spotify.com/track/7yrTny7FLWLbfIzsxoicWj,157209,True,0AqlFI0tz2DsEoJlKSIiT9,Emilia,3704541,81,pop argentino,0qLXwwUPYR7o3ZcVQFdKlQ,noviogangsta <3,single,2024-10-12,1,0.816,0.872,11,-4.27,0,0.0442,0.25,3.7e-06,0.254,0.94,128.924,4,2024-10-31,09:07:21
UY,Uruguay,LATAM,3,81,0SoBfYjQHvL6cuWHtPUYnq,Hoy,https://open.spotify.com/track/0SoBfYjQHvL6cuWHtPUYnq,198495,False,55ru5B05MMBunM1tvH7Di6,Valentino Merlo,218982,75,,4ENi7P1IV01E2jzbHZeKxn,Hoy,single,2024-05-22,1,0.451,0.711,11,-4.612,1,0.0426,0.24,0.0,0.154,0.661,176.161,4,2024-10-31,09:07:22
UY,Uruguay,LATAM,4,76,5AkLEnorFvb7WIJOGqKYVT,Si Un Día Estás Sola | CROSSOVER #7,https://open.spotify.com/track/5AkLEnorFvb7WIJOGqKYVT,164021,False,2OhUNb01gLwygOizYvTm0e,Big One,648401,75,trap argentino,2nEAqrVGMybdrkN3gP9NGF,Si Un Día Estás Sola | CROSSOVER #7,single,2024-09-03,1,0.63,0.507,1,-4.865,1,0.0647,0.0386,0.0,0.0666,0.744,183.896,4,2024-10-31,09:07:23
UY,Uruguay,LATAM,5,94,6WatFBLVB0x077xWeoVc2k,Si Antes Te Hubiera Conocido,https://open.spotify.com/track/6WatFBLVB0x077xWeoVc2k,195824,False,790FomKkXshlbRYZFtlgla,KAROL G,51524480,91,"reggaeton,reggaeton colombiano,urbano latino",5ylbxH7EqpsmHZCRuiYewS,Si Antes Te Hubiera Conocido,single,2024-06-21,1,0.924,0.668,11,-6.795,1,0.0469,0.446,0.000594,0.0678,0.787,128.027,4,2024-10-31,09:07:24
UY,Uruguay,LATAM,6,89,0Sr7ssScx54yxdM2ols7nW,Q U E V A S H A C E R H O Y ?,https://open.spotify.com/track/0Sr7ssScx54yxdM2ols7nW,224022,True,3E12tRURRvPfHz0hAMCFYc,Omar Courtz,376316,82,"trap boricua,trap latino,urbano latino",3C5uwdRE5QRoXSGPPxpDd4,PRIMERA MUSA,album,2024-09-20,17,0.56,0.681,6,-6.304,0,0.244,0.103,0.0,0.106,0.388,155.079,4,2024-10-31,09:07:24
UY,Uruguay,LATAM,7,73,5aZ8rf2aPfZrnRWLA7bByo,Pa´Que Te Acuerdes | CROSSOVER #8,https://open.spotify.com/track/5aZ8rf2aPfZrnRWLA7bByo,172800,True,2OhUNb01gLwygOizYvTm0e,Big One,648401,75,trap argentino,6Es6kN0L82XnLAaKV02ZoC,Pa´ Que Te Acuerdes | CROSSOVER #8,single,2024-10-02,2,0.801,0.677,9,-4.804,1,0.0522,0.0604,0.0,0.0717,0.52,100.017,4,2024-10-31,09:07:25
UY,Uruguay,LATAM,8,80,6kPCcIAGoTeRrh8qrmKa90,Piel,https://open.spotify.com/track/6kPCcIAGoTeRrh8qrmKa90,142041,True,5Y3MV9DZ0d87NnVm56qSY1,Tiago PZK,5397473,81,"trap argentino,trap latino,urbano latino",3s6jmSUxBLRxzKdevnFmJS,GOTTI A,album,2024-07-04,14,0.646,0.907,0,-1.617,1,0.0593,0.422,0.0,0.14,0.816,168.004,4,2024-10-31,09:07:26
UY,Uruguay,LATAM,9,66,7kysxhCfP7fFebn7iZU8Av,Party Prendio,https://open.spotify.com/track/7kysxhCfP7fFebn7iZU8Av,102592,True,11oaKJc8rsz6x8YPVjca4X,Engel Montaz,12545,69,,14Hne9pWpQnWu7SxVcapIT,Desire,album,2024-07-10,12,0.712,0.737,9,-5.833,0,0.29,0.256,0.0,0.182,0.501,168.137,4,2024-10-31,09:07:27
UY,Uruguay,LATAM,10,62,4h3i4yz7mkw1H9XG9VMkjQ,Vibrador,https://open.spotify.com/track/4h3i4yz7mkw1H9XG9VMkjQ,186666,True,11oaKJc8rsz6x8YPVjca4X,Engel Montaz,12545,69,,14Hne9pWpQnWu7SxVcapIT,Desire,album,2024-07-10,12,0.695,0.704,6,-4.788,0,0.267,0.118,0.00261,0.136,0.577,179.873,4,2024-10-31,09:07:28
UY,Uruguay,LATAM,11,56,0sf2srhosDzfozt7AfF1vO,Tan Nervioso,https://open.spotify.com/track/0sf2srhosDzfozt7AfF1vO,207692,False,5TeBsszZQTyqBX4eDHdtNx,LA NUEVA ESCUELA,68149,56,plena uruguaya,3JXr7EvKGQOReoiPpFZ4AJ,Tan Nervioso,single,2024-06-28,1,0.731,0.806,2,-4.169,1,0.0437,0.127,0.0,0.292,0.922,125.034,4,2024-10-31,09:07:29
UY,Uruguay,LATAM,12,79,0EVxchTHYIgx618OrpcrdQ,AGORA,https://open.spotify.com/track/0EVxchTHYIgx618OrpcrdQ,153564,False,1DxLCyH42yaHKGK3cl5bvG,Maria Becerra,7141864,82,"pop argentino,urbano latino",07QCnsWWoXTgLuU43VfB2u,AGORA,single,2024-09-12,1,0.686,0.871,4,-2.217,0,0.0926,0.254,0.000206,0.34,0.626,169.857,4,2024-10-31,09:07:29
UY,Uruguay,LATAM,13,80,4dLLdfiniBhDP9dlJQIOi4,"Perdonarte, ¿Para Qué?",https://open.spotify.com/track/4dLLdfiniBhDP9dlJQIOi4,193933,False,0ZCO8oVkMj897cKgFH7fRW,Los Ángeles Azules,7806801,79,"gruperas inmortales,musica mexicana,nu-cumbia,ranchera,tropical",1fXZxmn9aUIo5Zjx8zQFol,"Perdonarte, ¿Para Qué?",single,2024-05-23,1,0.672,0.702,11,-4.662,0,0.0314,0.168,0.0,0.0445,0.615,90.039,4,2024-10-31,09:07:30
UY,Uruguay,LATAM,14,84,42wdz3j7gstgUuhoFLCXqd,PELIGROSA,https://open.spotify.com/track/42wdz3j7gstgUuhoFLCXqd,134930,True,7CvTknweLr9feJtRGrpDBy,FloyyMenor,1048311,84,reggaeton chileno,6MikZBKCtKfPM4439yzBRz,EL COMIENZO,album,2024-08-09,7,0.763,0.519,6,-7.426,0,0.0636,0.22,6.42e-06,0.0816,0.804,100.025,4,2024-10-31,09:07:31
UY,Uruguay,LATAM,15,86,3OJDtCdYs8QJnui708tEU3,Soltera,https://open.spotify.com/track/3OJDtCdYs8QJnui708tEU3,214642,False,0EmeFodog0BfCgMzAIvKQp,Shakira,35127033,88,"colombian pop,dance pop,latin pop,pop",0VRb8B2ls0GDEfmKiL8FWJ,Soltera,single,2024-09-25,1,0.841,0.752,2,-4.735,1,0.105,0.167,0.00046,0.949,0.67,100.076,4,2024-10-31,09:07:32
UY,Uruguay,LATAM,16,87,5QjmUqgpPQgXgg4606DqZF,UWAIE,https://open.spotify.com/track/5QjmUqgpPQgXgg4606DqZF,172427,False,3UTF2no3muGdiFXVujl94i,Kapo,262954,80,,5H7sO778w4hgr2v2600ajN,UWAIE,single,2024-08-15,1,0.705,0.783,9,-4.783,0,0.0403,0.138,0.0,0.0984,0.454,103.001,4,2024-10-31,09:07:33
UY,Uruguay,LATAM,17,75,1db75lVrSgDFZI1gZh8JlV,Princesa,https://open.spotify.com/track/1db75lVrSgDFZI1gZh8JlV,166241,False,3vQ0GE3mI0dAaxIMYe5g7z,Paulo Londra,24088355,79,"argentine hip hop,trap argentino,trap latino,urbano latino",7rd2Pb6dBQvrzgbJU3ihpC,Princesa,single,2024-09-12,1,0.632,0.942,11,-2.665,1,0.0492,0.192,0.0,0.151,0.944,157.023,4,2024-10-31,09:07:34
UY,Uruguay,LATAM,18,76,0qeIFEGRQqHoaJtLCl0U73,DEGENERE 👑 (feat. benny blanco),https://open.spotify.com/track/0qeIFEGRQqHoaJtLCl0U73,130880,True,7iK8PXO48WeuP03g8YR51W,Myke Towers,16972727,89,"reggaeton,trap latino,urbano latino",3pkIK8SI5mcUUjb9jNjx4H,LA PANTERA NEGRA (DELUXE),album,2024-10-17,30,0.744,0.709,6,-5.778,0,0.284,0.0501,0.0,0.0847,0.712,194.055,4,2024-10-31,09:07:35
UY,Uruguay,LATAM,19,85,2btNsI4OvcVl7SAHQQDHFB,Mírame,https://open.spotify.com/track/2btNsI4OvcVl7SAHQQDHFB,157453,True,1TA5sGRlKUJXBN4ZyJuDIX,Blessd,5241710,82,"reggaeton,urbano latino",5oCAS6VzHoESewtXUGMqbz,Mírame,single,2024-04-17,1,0.717,0.656,7,-4.449,1,0.0797,0.141,2.96e-05,0.0661,0.695,175.956,4,2024-10-31,09:07:36
UY,Uruguay,LATAM,20,79,39Pc4a04VgCtcc7m0XKi9M,TAMBIÉN,https://open.spotify.com/track/39Pc4a04VgCtcc7m0XKi9M,139546,True,7iK8PXO48WeuP03g8YR51W,Myke Towers,16972727,89,"reggaeton,trap latino,urbano latino",6NmYJszy5BaEm1WF4tJL7Z,LA PANTERA NEGRA,album,2024-08-22,20,0.629,0.643,4,-6.908,1,0.205,0.291,0.0,0.106,0.928,119.944,4,2024-10-31,09:07:37
UY,Uruguay,LATAM,21,68,6ViJgiKfyqfs52x2pGhuPF,Despójate Vol.2,https://open.spotify.com/track/6ViJgiKfyqfs52x2pGhuPF,240435,False,04XdCDDrPnnqidaVBTOQjt,Hernan y La Champion's Liga,129940,59,"cuarteto,cumbia pop,cumbia villera",2rIGm59XDgX2eYwiOWtFgV,Despójate Vol.2,single,2024-10-03,1,0.67,0.717,1,-6.025,0,0.0435,0.0993,0.0,0.179,0.77,135.059,3,2024-10-31,09:07:38
UY,Uruguay,LATAM,22,76,5DSMm0BZXlSvqArsTX00Ge,DOCTOR,https://open.spotify.com/track/5DSMm0BZXlSvqArsTX00Ge,144148,False,4kcQWQDK0u9AftVSpdrAgk,Luck Ra,1797634,77,"trap argentino,trap triste",3Z9VnhuHM0BmsNUVPWMd7y,DOCTOR,single,2024-08-29,1,0.651,0.762,9,-2.969,1,0.0315,0.0834,0.0,0.0701,0.721,90.989,4,2024-10-31,09:07:38
UY,Uruguay,LATAM,23,54,1btMvaVE0HLbzuyvNaPgkh,La Corriente,https://open.spotify.com/track/1btMvaVE0HLbzuyvNaPgkh,198461,False,5TeBsszZQTyqBX4eDHdtNx,LA NUEVA ESCUELA,68149,56,plena uruguaya,2XyaFNG4Uc8lB9MdhHsvSr,La Corriente,single,2024-04-05,1,0.738,0.778,9,-4.491,0,0.0521,0.193,0.0,0.0761,0.805,113.005,4,2024-10-31,09:07:39
UY,Uruguay,LATAM,24,87,6PhRhocBXP4y7NpciGmzra,Después De La 1,https://open.spotify.com/track/6PhRhocBXP4y7NpciGmzra,177600,True,1Yj5Xey7kTwvZla8sqdsdE,Cris Mj,4093373,88,"mambo chileno,trap latino,urbano chileno,urbano latino",2lIzIH2mQQ0ItgkJKefQMp,MJ,single,2024-09-12,2,0.805,0.581,6,-5.091,0,0.0601,0.0303,0.0202,0.0933,0.528,99.973,4,2024-10-31,09:07:40
UY,Uruguay,LATAM,25,71,1TyBUtMxdmRfXhW3MmbxtQ,QUE ME FALTE TODO,https://open.spotify.com/track/1TyBUtMxdmRfXhW3MmbxtQ,165918,False,4kcQWQDK0u9AftVSpdrAgk,Luck Ra,1797634,77,"trap argentino,trap triste",3X0T1blaMiY2aev0wrbK1G,QUE NOS FALTE TODO,album,2024-02-02,11,0.731,0.855,3,-5.115,0,0.0516,0.0943,0.0,0.688,0.966,148.052,4,2024-10-31,09:07:41
UY,Uruguay,LATAM,26,72,2N0hVk2Ant8751xPZUjCV2,Loquita - Remix,https://open.spotify.com/track/2N0hVk2Ant8751xPZUjCV2,209846,False,2Jb9jVnCpWkXtoGznFJ6bF,ECKO,1318813,67,"argentine hip hop,trap argentino",0jhYJp2HjjXL4Qr30p8THp,Loquita (Remix),single,2024-05-15,1,0.724,0.742,7,-5.551,0,0.0593,0.208,0.0,0.283,0.785,90.038,4,2024-10-31,09:07:42
UY,Uruguay,LATAM,27,75,2RmtEc2ZNDCzAU3vH0AbKx,Ojos Verdes,https://open.spotify.com/track/2RmtEc2ZNDCzAU3vH0AbKx,142410,False,2UZIAOlrnyZmyzt1nuXr9y,Nicki Nicole,7711432,80,"argentine hip hop,r&b argentino,trap argentino,trap latino,urbano latino",4EeOwzI5OcHYrETtQqkmQk,Ojos Verdes,single,2024-04-24,1,0.582,0.834,4,-2.654,1,0.0394,0.224,2.67e-06,0.145,0.95,167.945,4,2024-10-31,09:07:42
UY,Uruguay,LATAM,28,88,7bywjHOc0wSjGGbj04XbVi,LUNA,https://open.spotify.com/track/7bywjHOc0wSjGGbj04XbVi,196800,False,2LRoIwlKmHjgvigdNGBHNo,Feid,14446012,92,"colombian pop,pop reggaeton,reggaeton,reggaeton colombiano,trap latino,urbano latino",0lgs2Sa82lyX89nBUWyUy6,FERXXOCALIPSIS,album,2023-12-01,10,0.774,0.86,7,-2.888,0,0.13,0.131,0.0,0.116,0.446,100.019,4,2024-10-31,09:07:43
UY,Uruguay,LATAM,29,83,6a9Z1jUms915w4O7N1PxjY,Santa,https://open.spotify.com/track/6a9Z1jUms915w4O7N1PxjY,193038,False,1fctva4kpRbg2k3v7kwRuS,Rvssian,2505121,76,"reggaeton,reggaeton flow,trap latino,urbano latino",3uzutRS5qX4ng5Skjh5S6W,Santa,single,2024-04-03,2,0.725,0.709,3,-5.017,0,0.129,0.321,0.000189,0.114,0.648,99.993,4,2024-10-31,09:07:44
UY,Uruguay,LATAM,30,52,0lY8BvO7CmINsGiG0gc8O2,Muevelo,https://open.spotify.com/track/0lY8BvO7CmINsGiG0gc8O2,180822,False,3Pohtvl5MO8eQpaZVOrhUS,La Deskarga,44414,50,plena uruguaya,0w4JnXtWCYWByt6ZJ3MMr4,Muevelo,single,2022-07-08,1,0.836,0.763,10,-3.474,1,0.0555,0.471,2.12e-06,0.0937,0.864,110.012,4,2024-10-31,09:07:45
UY,Uruguay,LATAM,31,72,2xbH0CuDbid800YW5nMPzR,SINVERGÜENZA - con Angela Torres,https://open.spotify.com/track/2xbH0CuDbid800YW5nMPzR,217490,False,2BTS8Np1YzPQuXjgdlqsBB,Emanero,473116,71,"argentine hip hop,rap conciencia,rap underground argentino",2j4yf0X00zieL424k90UVn,SINVERGÜENZA - con Angela Torres,single,2023-12-05,4,0.764,0.738,0,-4.774,1,0.0336,0.182,0.0,0.173,0.647,93.963,4,2024-10-31,09:07:46
UY,Uruguay,LATAM,32,80,3KeYEr9ogMBemsOfQIJmZp,Cuando Te Vi | CROSSOVER #5,https://open.spotify.com/track/3KeYEr9ogMBemsOfQIJmZp,218400,True,2OhUNb01gLwygOizYvTm0e,Big One,648401,75,trap argentino,4u5sL85dlRv7eIMJIozZl8,Cuando Te Vi | CROSSOVER #5,single,2024-06-27,1,0.81,0.767,6,-3.104,0,0.053,0.162,0.0,0.0957,0.654,99.996,4,2024-10-31,09:07:46
UY,Uruguay,LATAM,33,79,7eNwwoxDR8KVzNAuGvliAO,Kyoto,https://open.spotify.com/track/7eNwwoxDR8KVzNAuGvliAO,247840,True,3E12tRURRvPfHz0hAMCFYc,Omar Courtz,376316,82,"trap boricua,trap latino,urbano latino",6YOCVR0kA8mO2nWE8LINKa,Kyoto,single,2023-07-14,1,0.732,0.753,9,-4.269,0,0.0512,0.235,1.74e-05,0.568,0.405,94.978,4,2024-10-31,09:07:47
UY,Uruguay,LATAM,34,71,5rQSQlZXXjMcevPGoAfE1z,Un Besito Más,https://open.spotify.com/track/5rQSQlZXXjMcevPGoAfE1z,160750,False,3WMlRpW5JWuDI95TcEWt3r,Salastkbron,568725,68,pop argentino,6lrNHcXSOvN82VYYtL9wCs,Un Besito Más,single,2024-03-14,1,0.693,0.641,2,-5.775,0,0.0359,0.368,0.0,0.294,0.514,92.01,4,2024-10-31,09:07:48
UY,Uruguay,LATAM,35,74,2AFC9ad4nGauS1cgm7FCqU,UN SIGLO SIN TI,https://open.spotify.com/track/2AFC9ad4nGauS1cgm7FCqU,154800,False,4kcQWQDK0u9AftVSpdrAgk,Luck Ra,1797634,77,"trap argentino,trap triste",4SoT5hvuP9LLXZM2QuV2Pz,UN SIGLO SIN TI,single,2024-07-25,1,0.635,0.908,10,-5.332,1,0.0909,0.141,0.0,0.112,0.924,74.992,4,2024-10-31,09:07:49
UY,Uruguay,LATAM,36,75,3oNnzH6hmqIGIhJ1NcHlrh,CORAZÓN VACÍO,https://open.spotify.com/track/3oNnzH6hmqIGIhJ1NcHlrh,160535,False,1DxLCyH42yaHKGK3cl5bvG,Maria Becerra,7141864,82,"pop argentino,urbano latino",3YBQyY0Bj7bpxj0VHAse0P,CORAZÓN VACÍO,single,2023-06-22,1,0.681,0.792,1,-4.795,1,0.0587,0.334,2.05e-06,0.295,0.4,98.09,4,2024-10-31,09:07:50
UY,Uruguay,LATAM,37,67,4YntVuBqggRsASIbBoWT3F,Mil Preguntas,https://open.spotify.com/track/4YntVuBqggRsASIbBoWT3F,177375,False,4oZolC0sCwCAKqsNXfRlVS,The La Planta,451152,74,cumbia pop,5ougKjEm8bDDKJQSEsWSSR,Mil Preguntas,single,2024-03-07,1,0.555,0.555,5,-6.696,0,0.0726,0.2,0.0,0.1,0.774,99.809,3,2024-10-31,09:07:51
UY,Uruguay,LATAM,38,85,1fTjqf10accJCDYstPwwZ6,Ohnana,https://open.spotify.com/track/1fTjqf10accJCDYstPwwZ6,156577,False,3UTF2no3muGdiFXVujl94i,Kapo,262954,80,,3IdVqIfyLPqxPZusYgifLo,Ohnana,single,2024-06-06,1,0.775,0.581,1,-3.621,0,0.108,0.617,8.33e-06,0.0957,0.658,104.977,4,2024-10-31,09:07:51
UY,Uruguay,LATAM,39,52,48Pf7zioiN5Npe8EjDgoss,Que Dolor,https://open.spotify.com/track/48Pf7zioiN5Npe8EjDgoss,181745,False,5TeBsszZQTyqBX4eDHdtNx,LA NUEVA ESCUELA,68149,56,plena uruguaya,2fWmQAHo1dbqxz89LPV4Gj,Que Dolor,single,2023-02-01,1,0.61,0.855,7,-4.166,1,0.0548,0.129,0.0,0.0571,0.819,131.18,4,2024-10-31,09:07:52
UY,Uruguay,LATAM,40,52,673exMTKtkaNosGrNAikth,Tu y Yo,https://open.spotify.com/track/673exMTKtkaNosGrNAikth,127628,False,5TeBsszZQTyqBX4eDHdtNx,LA NUEVA ESCUELA,68149,56,plena uruguaya,0URwT6xBs5xcO7UhzWmkI6,Tu y Yo,single,2022-12-30,1,0.569,0.707,8,-4.005,1,0.079,0.106,0.0,0.0403,0.765,75.161,4,2024-10-31,09:07:53
UY,Uruguay,LATAM,41,85,2gmd7lY3QSzLh0xIY4cRvi,SE ME OLVIDA,https://open.spotify.com/track/2gmd7lY3QSzLh0xIY4cRvi,225373,True,6B1hSmaLdOvChinK2Z7gfi,Maisak,42790,72,,00ESTj1vBUkIbaTHaXaXu3,SE ME OLVIDA,single,2024-08-23,1,0.786,0.707,7,-4.386,0,0.0635,0.0399,0.0,0.121,0.691,82.045,4,2024-10-31,09:07:54
UY,Uruguay,LATAM,42,73,0Cs2ANiGsCOQLKnCrNJ6hA,La_Playlist.mpeg,https://open.spotify.com/track/0Cs2ANiGsCOQLKnCrNJ6hA,149571,False,0AqlFI0tz2DsEoJlKSIiT9,Emilia,3704541,81,pop argentino,4hrs3KFCvbn6OWadD2qio4,La_Playlist.mpeg,single,2024-06-20,1,0.753,0.836,5,-2.584,0,0.0568,0.0184,0.0,0.11,0.891,139.949,4,2024-10-31,09:07:55
UY,Uruguay,LATAM,43,68,6vRQqxOhUFd78p5tL8jXr7,La Morocha,https://open.spotify.com/track/6vRQqxOhUFd78p5tL8jXr7,134144,False,4kcQWQDK0u9AftVSpdrAgk,Luck Ra,1797634,77,"trap argentino,trap triste",3X0T1blaMiY2aev0wrbK1G,QUE NOS FALTE TODO,album,2024-02-02,11,0.756,0.769,7,-5.752,1,0.0342,0.0973,0.0,0.279,0.973,149.109,4,2024-10-31,09:07:55
UY,Uruguay,LATAM,44,74,6Es8Sk3xe1HiJ2MXCfHHwR,La_Original.mp3,https://open.spotify.com/track/6Es8Sk3xe1HiJ2MXCfHHwR,140625,False,0AqlFI0tz2DsEoJlKSIiT9,Emilia,3704541,81,pop argentino,2qo8j9yZIsx66yDuUho2jp,.mp3,album,2023-11-03,13,0.833,0.809,5,-2.751,0,0.0381,0.0836,0.0,0.112,0.905,128.055,4,2024-10-31,09:07:56
UY,Uruguay,LATAM,45,80,7MVIfkyzuUmQ716j8U7yGR,Rara Vez,https://open.spotify.com/track/7MVIfkyzuUmQ716j8U7yGR,128677,False,19HM5j0ULGSmEoRcrSe5x3,Milo j,4999451,83,"trap argentino,trap latino,urbano latino",26wRfIX4WqKLKHll9O3KnF,Rara Vez,single,2023-02-08,1,0.838,0.708,5,-4.668,0,0.166,0.176,0.0,0.343,0.96,119.984,4,2024-10-31,09:07:57
UY,Uruguay,LATAM,46,67,4sl3IoHskl2Kbdy27gZ4yn,Una Foto,https://open.spotify.com/track/4sl3IoHskl2Kbdy27gZ4yn,122500,False,2IKdK6PbitvCiXt1t2bPU6,Mesita,524888,67,rap uruguayo,68oJKya0ABvKQkx5Zx0KXi,Una Foto,single,2023-08-15,1,0.811,0.649,6,-5.089,1,0.111,0.343,0.0,0.121,0.756,96.076,4,2024-10-31,09:07:58
UY,Uruguay,LATAM,47,72,4jn3R3KF5hx2fCiXlj89yE,FLECHAZO EN EL CENTRO,https://open.spotify.com/track/4jn3R3KF5hx2fCiXlj89yE,185241,False,2qWK8K2Jfh67UqtwY8tCW6,YSY A,3315242,75,"argentine hip hop,trap argentino",4n6BNKtpmZOYUyfecMzzpZ,TU DUO FAVORITO,album,2023-09-06,10,0.753,0.644,5,-6.685,0,0.043,0.132,1.66e-06,0.104,0.457,104.947,4,2024-10-31,09:07:59
UY,Uruguay,LATAM,48,65,3SyKJIkKoA4RFMrdqYSTxj,El Pronóstico,https://open.spotify.com/track/3SyKJIkKoA4RFMrdqYSTxj,128793,False,1kyy6AW7C6Rr2jrYwz95Gi,Lira,44991,55,cumbia pop,1xYzvFY0GUHYbWx7uAYoTI,El Pronóstico,single,2024-08-01,1,0.703,0.497,6,-9.044,0,0.041,0.273,0.0,0.137,0.968,87.002,4,2024-10-31,09:08:00
UY,Uruguay,LATAM,49,69,7JKptWv4YXmievid0HajID,HOLA PERDIDA,https://open.spotify.com/track/7JKptWv4YXmievid0HajID,166536,False,4kcQWQDK0u9AftVSpdrAgk,Luck Ra,1797634,77,"trap argentino,trap triste",3X0T1blaMiY2aev0wrbK1G,QUE NOS FALTE TODO,album,2024-02-02,11,0.482,0.794,2,-5.86,0,0.0835,0.187,0.0,0.744,0.565,154.921,4,2024-10-31,09:08:00
UY,Uruguay,LATAM,50,84,1pymWRCuZfCd0zdiBJo0Hj,REAL GANGSTA LOVE,https://open.spotify.com/track/1pymWRCuZfCd0zdiBJo0Hj,145342,True,2x7PC78TmgqpEIjaGAZ0Oz,Trueno,7855727,80,"argentine hip hop,bases de freestyle,trap argentino,trap latino,urbano latino",3EWJoKrG9XnCjvAPzkQZ88,EL ÚLTIMO BAILE,album,2024-05-23,13,0.831,0.643,4,-4.659,0,0.0568,0.388,6.94e-05,0.374,0.57,97.013,4,2024-10-31,09:08:01
EC,Ecuador,LATAM,1,91,1cOboCuWYI2osTOfolMRS6,Tu Boda,https://open.spotify.com/track/1cOboCuWYI2osTOfolMRS6,225880,True,3l9G1G9MxH6DaRhwLklaf5,Oscar Maydon,2956128,87,corrido,60cQzWfmdg4hyDXrpW6kOA,Tu Boda,single,2024-09-26,1,0.694,0.651,6,-6.968,1,0.0784,0.496,1.36e-05,0.0787,0.471,112.648,3,2024-10-31,09:08:03
EC,Ecuador,LATAM,2,85,2btNsI4OvcVl7SAHQQDHFB,Mírame,https://open.spotify.com/track/2btNsI4OvcVl7SAHQQDHFB,157453,True,1TA5sGRlKUJXBN4ZyJuDIX,Blessd,5241710,82,"reggaeton,urbano latino",5oCAS6VzHoESewtXUGMqbz,Mírame,single,2024-04-17,1,0.717,0.656,7,-4.449,1,0.0797,0.141,2.96e-05,0.0661,0.695,175.956,4,2024-10-31,09:08:03
EC,Ecuador,LATAM,3,81,13BDiikG6y5o5cQTK0HpW6,Soltera - W Sound 01,https://open.spotify.com/track/13BDiikG6y5o5cQTK0HpW6,142022,True,5uwa6tAMMfNbBFIHiI6NV4,W Sound,144167,68,,5UQC6N5rRND3GZKzysRdA4,Soltera (W Sound 01),single,2024-08-06,1,0.734,0.578,1,-4.147,1,0.295,0.155,0.000242,0.113,0.88,199.997,4,2024-10-31,09:08:04
EC,Ecuador,LATAM,4,94,6WatFBLVB0x077xWeoVc2k,Si Antes Te Hubiera Conocido,https://open.spotify.com/track/6WatFBLVB0x077xWeoVc2k,195824,False,790FomKkXshlbRYZFtlgla,KAROL G,51524480,91,"reggaeton,reggaeton colombiano,urbano latino",5ylbxH7EqpsmHZCRuiYewS,Si Antes Te Hubiera Conocido,single,2024-06-21,1,0.924,0.668,11,-6.795,1,0.0469,0.446,0.000594,0.0678,0.787,128.027,4,2024-10-31,09:08:05
EC,Ecuador,LATAM,5,88,7bywjHOc0wSjGGbj04XbVi,LUNA,https://open.spotify.com/track/7bywjHOc0wSjGGbj04XbVi,196800,False,2LRoIwlKmHjgvigdNGBHNo,Feid,14446012,92,"colombian pop,pop reggaeton,reggaeton,reggaeton colombiano,trap latino,urbano latino",0lgs2Sa82lyX89nBUWyUy6,FERXXOCALIPSIS,album,2023-12-01,10,0.774,0.86,7,-2.888,0,0.13,0.131,0.0,0.116,0.446,100.019,4,2024-10-31,09:08:06
EC,Ecuador,LATAM,6,85,2gmd7lY3QSzLh0xIY4cRvi,SE ME OLVIDA,https://open.spotify.com/track/2gmd7lY3QSzLh0xIY4cRvi,225373,True,6B1hSmaLdOvChinK2Z7gfi,Maisak,42790,72,,00ESTj1vBUkIbaTHaXaXu3,SE ME OLVIDA,single,2024-08-23,1,0.786,0.707,7,-4.386,0,0.0635,0.0399,0.0,0.121,0.691,82.045,4,2024-10-31,09:08:07
EC,Ecuador,LATAM,7,76,0qeIFEGRQqHoaJtLCl0U73,DEGENERE 👑 (feat. benny blanco),https://open.spotify.com/track/0qeIFEGRQqHoaJtLCl0U73,130880,True,7iK8PXO48WeuP03g8YR51W,Myke Towers,16972727,89,"reggaeton,trap latino,urbano latino",3pkIK8SI5mcUUjb9jNjx4H,LA PANTERA NEGRA (DELUXE),album,2024-10-17,30,0.744,0.709,6,-5.778,0,0.284,0.0501,0.0,0.0847,0.712,194.055,4,2024-10-31,09:08:08
EC,Ecuador,LATAM,8,87,5QjmUqgpPQgXgg4606DqZF,UWAIE,https://open.spotify.com/track/5QjmUqgpPQgXgg4606DqZF,172427,False,3UTF2no3muGdiFXVujl94i,Kapo,262954,80,,5H7sO778w4hgr2v2600ajN,UWAIE,single,2024-08-15,1,0.705,0.783,9,-4.783,0,0.0403,0.138,0.0,0.0984,0.454,103.001,4,2024-10-31,09:08:08
EC,Ecuador,LATAM,9,89,0Sr7ssScx54yxdM2ols7nW,Q U E V A S H A C E R H O Y ?,https://open.spotify.com/track/0Sr7ssScx54yxdM2ols7nW,224022,True,3E12tRURRvPfHz0hAMCFYc,Omar Courtz,376316,82,"trap boricua,trap latino,urbano latino",3C5uwdRE5QRoXSGPPxpDd4,PRIMERA MUSA,album,2024-09-20,17,0.56,0.681,6,-6.304,0,0.244,0.103,0.0,0.106,0.388,155.079,4,2024-10-31,09:08:09
EC,Ecuador,LATAM,10,100,2plbrEY59IikOBgBGLjaoe,Die With A Smile,https://open.spotify.com/track/2plbrEY59IikOBgBGLjaoe,251667,False,1HY2Jd0NmPuamShAr6KMms,Lady Gaga,32416547,92,"art pop,dance pop,pop",10FLjwfpbxLmW8c25Xyc2N,Die With A Smile,single,2024-08-16,1,0.521,0.592,6,-7.777,0,0.0304,0.308,0.0,0.122,0.535,157.969,3,2024-10-31,09:08:10
EC,Ecuador,LATAM,11,83,63pLfjK6FvcYJYMGwtHjd6,SORRY 4 THAT MUCH,https://open.spotify.com/track/63pLfjK6FvcYJYMGwtHjd6,207746,True,2LRoIwlKmHjgvigdNGBHNo,Feid,14446012,92,"colombian pop,pop reggaeton,reggaeton,reggaeton colombiano,trap latino,urbano latino",1kZGpaXOeB48TPT2JatjvC,SORRY 4 THAT MUCH,single,2024-06-07,1,0.819,0.675,7,-4.281,1,0.0727,0.0318,0.0,0.289,0.602,92.99,4,2024-10-31,09:08:11
EC,Ecuador,LATAM,12,82,3KZCP2StVGdWkOKyRZNWA4,Es un Secreto,https://open.spotify.com/track/3KZCP2StVGdWkOKyRZNWA4,192120,False,2jSGzJw0ebJLu7OLVSOcBP,Plan B,5108225,81,"reggaeton,trap latino,urbano latino",4s9iYsrtBIvkZn5AEbUbl0,House of Pleasure,album,2010-07-20,15,0.841,0.774,6,-4.963,0,0.0421,0.117,2.66e-06,0.0674,0.494,95.006,4,2024-10-31,09:08:12
EC,Ecuador,LATAM,13,85,7iQXYTyuG13aoeHxGG28Nh,PERRO NEGRO,https://open.spotify.com/track/7iQXYTyuG13aoeHxGG28Nh,162767,True,4q3ewBCX7sLwd24euuV69X,Bad Bunny,86611333,95,"reggaeton,trap latino,urbano latino",4FftCsAcXXD1nFO9RFUNFO,nadie sabe lo que va a pasar mañana,album,2023-10-13,22,0.911,0.778,5,-2.248,1,0.262,0.0887,2.16e-05,0.179,0.345,96.057,4,2024-10-31,09:08:13
EC,Ecuador,LATAM,14,78,27ze5t5tIDPlVits0KRbxT,El Perdedor,https://open.spotify.com/track/27ze5t5tIDPlVits0KRbxT,215213,False,1qto4hHid1P71emI6Fd8xi,Aventura,8946431,82,"bachata,bachata dominicana,latin hip hop,latin pop,tropical,urbano latino",03Sa02WIHEwH8lHfbipmrz,K.O.B. Live,album,2006-12-19,25,0.779,0.589,5,-10.645,1,0.0345,0.332,0.0,0.12,0.894,128.044,4,2024-10-31,09:08:13
EC,Ecuador,LATAM,15,83,6a9Z1jUms915w4O7N1PxjY,Santa,https://open.spotify.com/track/6a9Z1jUms915w4O7N1PxjY,193038,False,1fctva4kpRbg2k3v7kwRuS,Rvssian,2505121,76,"reggaeton,reggaeton flow,trap latino,urbano latino",3uzutRS5qX4ng5Skjh5S6W,Santa,single,2024-04-03,2,0.725,0.709,3,-5.017,0,0.129,0.321,0.000189,0.114,0.648,99.993,4,2024-10-31,09:08:14
EC,Ecuador,LATAM,16,86,3OJDtCdYs8QJnui708tEU3,Soltera,https://open.spotify.com/track/3OJDtCdYs8QJnui708tEU3,214642,False,0EmeFodog0BfCgMzAIvKQp,Shakira,35127033,88,"colombian pop,dance pop,latin pop,pop",0VRb8B2ls0GDEfmKiL8FWJ,Soltera,single,2024-09-25,1,0.841,0.752,2,-4.735,1,0.105,0.167,0.00046,0.949,0.67,100.076,4,2024-10-31,09:08:15
EC,Ecuador,LATAM,17,80,6kPCcIAGoTeRrh8qrmKa90,Piel,https://open.spotify.com/track/6kPCcIAGoTeRrh8qrmKa90,142041,True,5Y3MV9DZ0d87NnVm56qSY1,Tiago PZK,5397473,81,"trap argentino,trap latino,urbano latino",3s6jmSUxBLRxzKdevnFmJS,GOTTI A,album,2024-07-04,14,0.646,0.907,0,-1.617,1,0.0593,0.422,0.0,0.14,0.816,168.004,4,2024-10-31,09:08:16
EC,Ecuador,LATAM,18,84,4bw8mcDUSRWfQo63ZTYRnU,Según Quién,https://open.spotify.com/track/4bw8mcDUSRWfQo63ZTYRnU,142334,True,1r4hJ1h58CWwUQe3MxPuau,Maluma,34815387,86,"latin pop,reggaeton,reggaeton colombiano,trap latino,urbano latino",3Fk8yQvPlCHgwR2pNhEIRA,Don Juan,album,2023-08-25,25,0.909,0.762,9,-3.974,1,0.0643,0.434,0.0,0.0856,0.843,101.987,3,2024-10-31,09:08:17
EC,Ecuador,LATAM,19,95,5vNRhkKd0yEAg8suGBpjeY,APT.,https://open.spotify.com/track/5vNRhkKd0yEAg8suGBpjeY,169917,False,3eVa5w3URK5duf6eyVDbu9,ROSÉ,7632823,82,k-pop,2IYQwwgxgOIn7t3iF6ufFD,APT.,single,2024-10-18,1,0.777,0.783,0,-4.477,0,0.26,0.0283,0.0,0.355,0.939,149.027,4,2024-10-31,09:08:17
EC,Ecuador,LATAM,20,85,1fTjqf10accJCDYstPwwZ6,Ohnana,https://open.spotify.com/track/1fTjqf10accJCDYstPwwZ6,156577,False,3UTF2no3muGdiFXVujl94i,Kapo,262954,80,,3IdVqIfyLPqxPZusYgifLo,Ohnana,single,2024-06-06,1,0.775,0.581,1,-3.621,0,0.108,0.617,8.33e-06,0.0957,0.658,104.977,4,2024-10-31,09:08:18
EC,Ecuador,LATAM,21,76,2llFXBrftm6YJzBj3tpk0s,Doblexxó,https://open.spotify.com/track/2llFXBrftm6YJzBj3tpk0s,176720,True,1vyhD5VmyZ7KMfW5gqLgo5,J Balvin,37314594,88,"reggaeton,reggaeton colombiano,trap latino,urbano latino",1hUqwHvAVIEXMXqIrkHgPo,Rayo,album,2024-08-09,15,0.787,0.775,1,-4.607,0,0.0699,0.0373,0.0,0.116,0.826,99.008,4,2024-10-31,09:08:19
EC,Ecuador,LATAM,22,82,5pVJ3IlnpIorU44oXizzG5,Orion,https://open.spotify.com/track/5pVJ3IlnpIorU44oXizzG5,240964,False,2NfSBtmWe7oPw1EmetJVso,Boza,623792,71,"panamanian pop,reggaeton,urbano latino",2FWRFIH8Agbw8JGG4hbdG6,Orion,single,2024-05-29,1,0.857,0.705,1,-4.775,1,0.183,0.322,0.00249,0.197,0.874,105.011,4,2024-10-31,09:08:20
EC,Ecuador,LATAM,23,84,42wdz3j7gstgUuhoFLCXqd,PELIGROSA,https://open.spotify.com/track/42wdz3j7gstgUuhoFLCXqd,134930,True,7CvTknweLr9feJtRGrpDBy,FloyyMenor,1048311,84,reggaeton chileno,6MikZBKCtKfPM4439yzBRz,EL COMIENZO,album,2024-08-09,7,0.763,0.519,6,-7.426,0,0.0636,0.22,6.42e-06,0.0816,0.804,100.025,4,2024-10-31,09:08:21
EC,Ecuador,LATAM,24,81,2CeKVsFFXG4QzA415QygGb,Feliz Cumpleaños Ferxxo,https://open.spotify.com/track/2CeKVsFFXG4QzA415QygGb,155960,False,2LRoIwlKmHjgvigdNGBHNo,Feid,14446012,92,"colombian pop,pop reggaeton,reggaeton,reggaeton colombiano,trap latino,urbano latino",7pijRxgRaBirPz6wDaJIp9,FELIZ CUMPLEAÑOS FERXXO TE PIRATEAMOS EL ÁLBUM,album,2022-09-14,15,0.865,0.573,5,-5.501,1,0.0678,0.0863,0.0,0.305,0.563,94.999,4,2024-10-31,09:08:22
EC,Ecuador,LATAM,25,79,0rNqDh9zWWJVTLS4VfceHP,Brickell,https://open.spotify.com/track/0rNqDh9zWWJVTLS4VfceHP,180360,True,2LRoIwlKmHjgvigdNGBHNo,Feid,14446012,92,"colombian pop,pop reggaeton,reggaeton,reggaeton colombiano,trap latino,urbano latino",5WTsC6KDdxp9xVQrAMIU6c,MANIFESTING 20-05,single,2024-04-10,5,0.805,0.89,11,-1.502,0,0.0634,0.0704,0.0,0.121,0.489,93.037,4,2024-10-31,09:08:22
EC,Ecuador,LATAM,26,73,0EhmTBq33eARyOz3SIi4P2,En Otra Vida,https://open.spotify.com/track/0EhmTBq33eARyOz3SIi4P2,153609,False,4RWJOoYwgF978LOn8Fainp,Yami Safdie,278345,68,cantautora argentina,2YB2eziTKgn9bnRz7prmoP,En Otra Vida,single,2024-10-10,1,0.459,0.162,0,-11.634,1,0.0425,0.929,0.0,0.137,0.483,184.784,3,2024-10-31,09:08:23
EC,Ecuador,LATAM,27,85,505v13epFXodT9fVAJ6h8k,AMARGURA,https://open.spotify.com/track/505v13epFXodT9fVAJ6h8k,170480,True,790FomKkXshlbRYZFtlgla,KAROL G,51524480,91,"reggaeton,reggaeton colombiano,urbano latino",4kS7bSuU0Jm9LYMosFU2x5,MAÑANA SERÁ BONITO,album,2023-02-24,17,0.912,0.7,6,-3.331,0,0.068,0.163,0.0,0.174,0.535,106.981,4,2024-10-31,09:08:24
EC,Ecuador,LATAM,28,83,3tt9i3Hhzq84dPS8H7iSiJ,La Bachata,https://open.spotify.com/track/3tt9i3Hhzq84dPS8H7iSiJ,162637,False,0tmwSHipWxN12fsoLcFU3B,Manuel Turizo,14153672,84,"colombian pop,latin pop,reggaeton,reggaeton colombiano,trap latino,urbano latino",7ubO2LZJZFpyhiWMZkRwcH,2000,album,2023-03-17,15,0.835,0.679,7,-5.329,0,0.0364,0.583,1.98e-06,0.218,0.85,124.98,4,2024-10-31,09:08:25
EC,Ecuador,LATAM,29,81,6DUdDIRgLqCGq1DwkNWQTN,Borro Cassette,https://open.spotify.com/track/6DUdDIRgLqCGq1DwkNWQTN,207306,False,1r4hJ1h58CWwUQe3MxPuau,Maluma,34815387,86,"latin pop,reggaeton,reggaeton colombiano,trap latino,urbano latino",3PomvFR694SrCSZzDWMWV7,"Pretty Boy, Dirty Boy",album,2015-10-30,16,0.73,0.701,5,-5.885,0,0.106,0.132,0.0,0.151,0.785,175.95,4,2024-10-31,09:08:26
EC,Ecuador,LATAM,30,81,08pbRBstuvH7ArRxeb8fwT,Hasta Aquí Llegué,https://open.spotify.com/track/08pbRBstuvH7ArRxeb8fwT,188887,False,1cUpGtXcSQsovNYEZOQgOG,Nanpa Básico,2698512,76,"colombian hip hop,mexican hip hop",7hYoXVqpRhN9ATvO8Kf3w5,Hasta Aquí Llegué,single,2024-07-18,1,0.641,0.657,11,-8.338,0,0.218,0.538,0.0,0.106,0.411,100.016,4,2024-10-31,09:08:26
EC,Ecuador,LATAM,31,78,2Bhmj4XK33InfhqKPxcJ1v,Dile al Amor,https://open.spotify.com/track/2Bhmj4XK33InfhqKPxcJ1v,229360,False,1qto4hHid1P71emI6Fd8xi,Aventura,8946431,82,"bachata,bachata dominicana,latin hip hop,latin pop,tropical,urbano latino",57tmzh0hsnWU8znnvEWJbe,The Last,album,2009-06-09,18,0.825,0.605,11,-9.71,1,0.0376,0.0764,0.0,0.314,0.944,124.005,4,2024-10-31,09:08:27
EC,Ecuador,LATAM,32,83,7iUtQNMRB8ZkKC4AmEuCJC,LA FALDA,https://open.spotify.com/track/7iUtQNMRB8ZkKC4AmEuCJC,174229,True,7iK8PXO48WeuP03g8YR51W,Myke Towers,16972727,89,"reggaeton,trap latino,urbano latino",1ZVJTCW5rxpHKNgsNL91J2,LVEU: VIVE LA TUYA...NO LA MIA,album,2023-09-18,23,0.8,0.738,7,-4.26,1,0.0691,0.372,0.00877,0.19,0.267,103.008,4,2024-10-31,09:08:28
EC,Ecuador,LATAM,33,86,5Uptvz6j1sjDKxidAcnH2L,SI NO ES CONTIGO,https://open.spotify.com/track/5Uptvz6j1sjDKxidAcnH2L,156000,True,1Yj5Xey7kTwvZla8sqdsdE,Cris Mj,4093373,88,"mambo chileno,trap latino,urbano chileno,urbano latino",4ecjQGViGCD4snnZ3QJOEL,SI NO ES CONTIGO,single,2024-05-23,1,0.763,0.626,5,-5.637,0,0.0433,0.0859,0.225,0.205,0.78,100.02,4,2024-10-31,09:08:29
EC,Ecuador,LATAM,34,79,0T2pB7P1VdXPhLdQZ488uH,Normal,https://open.spotify.com/track/0T2pB7P1VdXPhLdQZ488uH,171880,True,2LRoIwlKmHjgvigdNGBHNo,Feid,14446012,92,"colombian pop,pop reggaeton,reggaeton,reggaeton colombiano,trap latino,urbano latino",7pijRxgRaBirPz6wDaJIp9,FELIZ CUMPLEAÑOS FERXXO TE PIRATEAMOS EL ÁLBUM,album,2022-09-14,15,0.709,0.56,4,-4.867,0,0.171,0.034,0.0,0.315,0.541,170.082,4,2024-10-31,09:08:30
EC,Ecuador,LATAM,35,84,5RqSsdzTNPX1uzkmlHCFvK,QLONA,https://open.spotify.com/track/5RqSsdzTNPX1uzkmlHCFvK,172797,True,790FomKkXshlbRYZFtlgla,KAROL G,51524480,91,"reggaeton,reggaeton colombiano,urbano latino",0FqAaUEyKCyUNFE1uQPZ7i,MAÑANA SERÁ BONITO (BICHOTA SEASON),album,2023-08-10,9,0.841,0.738,7,-7.455,0,0.307,0.52,0.0,0.0892,0.484,169.918,4,2024-10-31,09:08:30
EC,Ecuador,LATAM,36,82,0fea68AdmYNygeTGI4RC18,LA CANCIÓN,https://open.spotify.com/track/0fea68AdmYNygeTGI4RC18,242573,False,1vyhD5VmyZ7KMfW5gqLgo5,J Balvin,37314594,88,"reggaeton,reggaeton colombiano,trap latino,urbano latino",6ylFfzx32ICw4L1A7YWNLN,OASIS,album,2019-06-28,8,0.756,0.646,7,-5.795,1,0.319,0.152,1.81e-05,0.108,0.429,176.088,4,2024-10-31,09:08:31
EC,Ecuador,LATAM,37,84,1pymWRCuZfCd0zdiBJo0Hj,REAL GANGSTA LOVE,https://open.spotify.com/track/1pymWRCuZfCd0zdiBJo0Hj,145342,True,2x7PC78TmgqpEIjaGAZ0Oz,Trueno,7855727,80,"argentine hip hop,bases de freestyle,trap argentino,trap latino,urbano latino",3EWJoKrG9XnCjvAPzkQZ88,EL ÚLTIMO BAILE,album,2024-05-23,13,0.831,0.643,4,-4.659,0,0.0568,0.388,6.94e-05,0.374,0.57,97.013,4,2024-10-31,09:08:32
EC,Ecuador,LATAM,38,80,1hZsWUnLbqRw09jLAMQSsb,CLASSY 101,https://open.spotify.com/track/1hZsWUnLbqRw09jLAMQSsb,195586,True,2LRoIwlKmHjgvigdNGBHNo,Feid,14446012,92,"colombian pop,pop reggaeton,reggaeton,reggaeton colombiano,trap latino,urbano latino",0lgs2Sa82lyX89nBUWyUy6,FERXXOCALIPSIS,album,2023-12-01,10,0.858,0.665,11,-4.772,1,0.152,0.126,0.0,0.119,0.659,100.09,4,2024-10-31,09:08:33
EC,Ecuador,LATAM,39,80,7MVIfkyzuUmQ716j8U7yGR,Rara Vez,https://open.spotify.com/track/7MVIfkyzuUmQ716j8U7yGR,128677,False,19HM5j0ULGSmEoRcrSe5x3,Milo j,4999451,83,"trap argentino,trap latino,urbano latino",26wRfIX4WqKLKHll9O3KnF,Rara Vez,single,2023-02-08,1,0.838,0.708,5,-4.668,0,0.166,0.176,0.0,0.343,0.96,119.984,4,2024-10-31,09:08:34
EC,Ecuador,LATAM,40,80,6I86RF3odBlcuZA9Vfjzeq,Eres Mía,https://open.spotify.com/track/6I86RF3odBlcuZA9Vfjzeq,250640,False,5lwmRuXgjX8xIwlnauTZIP,Romeo Santos,22880158,85,"bachata,latin hip hop,latin pop,trap latino,urbano latino",17HsiXfqKUPoTP6Y5ebs1L,"Fórmula, Vol. 2 (Deluxe Edition)",album,2014-02-25,19,0.843,0.729,6,-3.634,0,0.0374,0.401,1.2e-06,0.206,0.903,123.046,4,2024-10-31,09:08:35
EC,Ecuador,LATAM,41,68,06p2Ij0lXD45LODQDCov0u,Rosas,https://open.spotify.com/track/06p2Ij0lXD45LODQDCov0u,237026,False,4U7lXyKdSf1JbM1aXvsodC,La Oreja de Van Gogh,4095730,77,"latin arena pop,latin pop,mexican pop,spanish pop,spanish pop rock",0QM5DL8C9uOYI2hGKbLUq8,París,album,2004-05-10,12,0.783,0.693,9,-5.056,1,0.027,0.622,8.3e-06,0.109,0.528,106.991,4,2024-10-31,09:08:35
EC,Ecuador,LATAM,42,87,6PhRhocBXP4y7NpciGmzra,Después De La 1,https://open.spotify.com/track/6PhRhocBXP4y7NpciGmzra,177600,True,1Yj5Xey7kTwvZla8sqdsdE,Cris Mj,4093373,88,"mambo chileno,trap latino,urbano chileno,urbano latino",2lIzIH2mQQ0ItgkJKefQMp,MJ,single,2024-09-12,2,0.805,0.581,6,-5.091,0,0.0601,0.0303,0.0202,0.0933,0.528,99.973,4,2024-10-31,09:08:36
EC,Ecuador,LATAM,43,83,3fJHbMUnzceimOnNjp63fF,Primera Cita,https://open.spotify.com/track/3fJHbMUnzceimOnNjp63fF,186455,False,66ihevNkSYNzRAl44dx6jJ,Carin Leon,13445289,87,"corrido,musica mexicana,sad sierreno,sierreno",6TsExCpZJTDj7Fd0ez2knv,Colmillo De Leche,album,2023-05-19,18,0.536,0.396,10,-7.804,1,0.0687,0.604,6.97e-05,0.0969,0.491,157.846,3,2024-10-31,09:08:37
EC,Ecuador,LATAM,44,83,6uIIdjYTxxpWOyWuVXrKQO,Que Onda,https://open.spotify.com/track/6uIIdjYTxxpWOyWuVXrKQO,191466,True,6dLuQ5qXxIuWc5urxfIiZR,Calle 24,1450162,76,"corrido,corridos tumbados,sad sierreno,sierreno",4x6cjOcVz44aiLSOHCLKPd,Que Onda,single,2023-08-30,1,0.808,0.944,10,-4.863,0,0.0408,0.183,1.11e-06,0.138,0.937,124.934,3,2024-10-31,09:08:38
EC,Ecuador,LATAM,45,76,1pLCpA1RN8avJxSD3ZCwhj,Pa' Que La Pases Bien,https://open.spotify.com/track/1pLCpA1RN8avJxSD3ZCwhj,214120,False,4SsVbpTthjScTS7U2hmr1X,Arcángel,15532228,84,"latin hip hop,reggaeton,trap latino,urbano latino",5MLBEmgDNIltSfxvXesq9s,El Fenomeno,album,2008-12-08,21,0.897,0.755,9,-5.684,0,0.144,0.00758,0.000451,0.264,0.567,110.008,4,2024-10-31,09:08:39
EC,Ecuador,LATAM,46,80,5KbBVSj6AJZ5662fO8EYFh,El Merengue,https://open.spotify.com/track/5KbBVSj6AJZ5662fO8EYFh,189668,False,64KEffDW9EtZ1y2vBYgq8T,Marshmello,33856376,84,"brostep,edm,pop,progressive electro house",4KNN5lVMc1EREJFlbppJqH,Sugar Papi,album,2023-11-03,11,0.777,0.774,8,-3.079,0,0.0553,0.0895,0.000401,0.0909,0.661,123.982,4,2024-10-31,09:08:40
EC,Ecuador,LATAM,47,83,54zcJnb3tp9c5OVKREZ1Is,MI EX TENÍA RAZÓN,https://open.spotify.com/track/54zcJnb3tp9c5OVKREZ1Is,154374,False,790FomKkXshlbRYZFtlgla,KAROL G,51524480,91,"reggaeton,reggaeton colombiano,urbano latino",0FqAaUEyKCyUNFE1uQPZ7i,MAÑANA SERÁ BONITO (BICHOTA SEASON),album,2023-08-10,9,0.634,0.725,5,-4.945,0,0.0587,0.0776,0.0,0.211,0.795,159.845,4,2024-10-31,09:08:41
EC,Ecuador,LATAM,48,76,0HDHY6RSHHG2ZTE0cMT4GJ,Los Infieles,https://open.spotify.com/track/0HDHY6RSHHG2ZTE0cMT4GJ,257186,False,1qto4hHid1P71emI6Fd8xi,Aventura,8946431,82,"bachata,bachata dominicana,latin hip hop,latin pop,tropical,urbano latino",03Sa02WIHEwH8lHfbipmrz,K.O.B. Live,album,2006-12-19,25,0.745,0.716,9,-8.221,0,0.0411,0.202,0.0,0.059,0.817,132.932,4,2024-10-31,09:08:41
EC,Ecuador,LATAM,49,76,7chTH3GBjjAyagf0SPCZDL,SI SABE FERXXO,https://open.spotify.com/track/7chTH3GBjjAyagf0SPCZDL,152500,True,1TA5sGRlKUJXBN4ZyJuDIX,Blessd,5241710,82,"reggaeton,urbano latino",7ot6ebVthlYG3wXzLaZ5NF,SI SABE,album,2024-01-25,14,0.726,0.831,8,-2.035,0,0.12,0.0139,3.71e-06,0.0891,0.489,95.997,4,2024-10-31,09:08:42
EC,Ecuador,LATAM,50,78,1iRvhKiXRElIH2Uf4gd95P,Dueles,https://open.spotify.com/track/1iRvhKiXRElIH2Uf4gd95P,247640,False,1mX1TWKpNxDSAH16LgDfiR,Jesse & Joy,9107709,76,"latin arena pop,latin pop,mexican pop",6pmTwCb5SeTjV9wdnkbDo3,Un Besito Más,album,2015-12-04,13,0.531,0.834,2,-3.944,1,0.052,0.277,0.0,0.131,0.526,142.026,4,2024-10-31,09:08:43
ES,España,EUROPA,1,76,0qeIFEGRQqHoaJtLCl0U73,DEGENERE 👑 (feat. benny blanco),https://open.spotify.com/track/0qeIFEGRQqHoaJtLCl0U73,130880,True,7iK8PXO48WeuP03g8YR51W,Myke Towers,16972727,89,"reggaeton,trap latino,urbano latino",3pkIK8SI5mcUUjb9jNjx4H,LA PANTERA NEGRA (DELUXE),album,2024-10-17,30,0.744,0.709,6,-5.778,0,0.284,0.0501,0.0,0.0847,0.712,194.055,4,2024-10-31,09:08:44
ES,España,EUROPA,2,75,7lcbpfihslisNObKdHjyLo,IA,https://open.spotify.com/track/7lcbpfihslisNObKdHjyLo,171428,True,78F6Xkd46aMHkr4AP60TXY,Clarent,117800,68,trap latino,3DXj5cbdAXHzjG9Yy2rDn3,IA,single,2024-10-17,1,0.706,0.631,0,-5.812,0,0.0366,0.656,0.0,0.227,0.289,111.93,4,2024-10-31,09:08:45
ES,España,EUROPA,3,89,0Sr7ssScx54yxdM2ols7nW,Q U E V A S H A C E R H O Y ?,https://open.spotify.com/track/0Sr7ssScx54yxdM2ols7nW,224022,True,3E12tRURRvPfHz0hAMCFYc,Omar Courtz,376316,82,"trap boricua,trap latino,urbano latino",3C5uwdRE5QRoXSGPPxpDd4,PRIMERA MUSA,album,2024-09-20,17,0.56,0.681,6,-6.304,0,0.244,0.103,0.0,0.106,0.388,155.079,4,2024-10-31,09:08:46
ES,España,EUROPA,4,94,6WatFBLVB0x077xWeoVc2k,Si Antes Te Hubiera Conocido,https://open.spotify.com/track/6WatFBLVB0x077xWeoVc2k,195824,False,790FomKkXshlbRYZFtlgla,KAROL G,51524480,91,"reggaeton,reggaeton colombiano,urbano latino",5ylbxH7EqpsmHZCRuiYewS,Si Antes Te Hubiera Conocido,single,2024-06-21,1,0.924,0.668,11,-6.795,1,0.0469,0.446,0.000594,0.0678,0.787,128.027,4,2024-10-31,09:08:47
ES,España,EUROPA,5,77,0glj70T9fN3kyJzYmTKzy1,Duro De Verdad pt.2,https://open.spotify.com/track/0glj70T9fN3kyJzYmTKzy1,204303,False,2tmrdVbpFzIVIOcqxvErj2,Los Sufridos,5446,63,,3c8T88YKC08bsaZiuY2KoA,Duro De Verdad pt.2,single,2024-09-12,1,0.74,0.738,4,-6.495,0,0.0495,0.0756,0.0015,0.0557,0.908,158.026,4,2024-10-31,09:08:47
ES,España,EUROPA,6,77,6mnfGyPzbzSe8olYGM44pU,Luna llena,https://open.spotify.com/track/6mnfGyPzbzSe8olYGM44pU,169846,False,22dFwJoRBV51ue5TGnC7Dt,Beny Jr,1468107,77,"drill espanol,urbano espanol",6pisGd3CugRqlclq4yp308,Anti Social Cool Kid,album,2024-02-15,13,0.674,0.603,2,-5.401,1,0.248,0.621,2.18e-05,0.0949,0.741,62.344,4,2024-10-31,09:08:48
ES,España,EUROPA,7,79,39Pc4a04VgCtcc7m0XKi9M,TAMBIÉN,https://open.spotify.com/track/39Pc4a04VgCtcc7m0XKi9M,139546,True,7iK8PXO48WeuP03g8YR51W,Myke Towers,16972727,89,"reggaeton,trap latino,urbano latino",6NmYJszy5BaEm1WF4tJL7Z,LA PANTERA NEGRA,album,2024-08-22,20,0.629,0.643,4,-6.908,1,0.205,0.291,0.0,0.106,0.928,119.944,4,2024-10-31,09:08:49
ES,España,EUROPA,8,86,3OJDtCdYs8QJnui708tEU3,Soltera,https://open.spotify.com/track/3OJDtCdYs8QJnui708tEU3,214642,False,0EmeFodog0BfCgMzAIvKQp,Shakira,35127033,88,"colombian pop,dance pop,latin pop,pop",0VRb8B2ls0GDEfmKiL8FWJ,Soltera,single,2024-09-25,1,0.841,0.752,2,-4.735,1,0.105,0.167,0.00046,0.949,0.67,100.076,4,2024-10-31,09:08:50
ES,España,EUROPA,9,87,5QjmUqgpPQgXgg4606DqZF,UWAIE,https://open.spotify.com/track/5QjmUqgpPQgXgg4606DqZF,172427,False,3UTF2no3muGdiFXVujl94i,Kapo,262954,80,,5H7sO778w4hgr2v2600ajN,UWAIE,single,2024-08-15,1,0.705,0.783,9,-4.783,0,0.0403,0.138,0.0,0.0984,0.454,103.001,4,2024-10-31,09:08:51
ES,España,EUROPA,10,84,42wdz3j7gstgUuhoFLCXqd,PELIGROSA,https://open.spotify.com/track/42wdz3j7gstgUuhoFLCXqd,134930,True,7CvTknweLr9feJtRGrpDBy,FloyyMenor,1048311,84,reggaeton chileno,6MikZBKCtKfPM4439yzBRz,EL COMIENZO,album,2024-08-09,7,0.763,0.519,6,-7.426,0,0.0636,0.22,6.42e-06,0.0816,0.804,100.025,4,2024-10-31,09:08:51
ES,España,EUROPA,11,66,79j3Cl3AEAEhXK9cjjfd02,RAPAPA,https://open.spotify.com/track/79j3Cl3AEAEhXK9cjjfd02,120888,False,0FwnPHExlRRxEZPLAi5tmG,JC Reyes,968464,76,urbano espanol,2H4i0TPlQeyEU1eTNFRSI8,KM 33,single,2024-10-18,6,0.839,0.77,11,-5.156,0,0.0562,0.566,0.0474,0.0713,0.821,135.02,4,2024-10-31,09:08:52
ES,España,EUROPA,12,65,2mnehJ4xPqFe4cNi7BG2rc,STAR,https://open.spotify.com/track/2mnehJ4xPqFe4cNi7BG2rc,156000,False,0FwnPHExlRRxEZPLAi5tmG,JC Reyes,968464,76,urbano espanol,2H4i0TPlQeyEU1eTNFRSI8,KM 33,single,2024-10-18,6,0.685,0.615,2,-5.119,1,0.0661,0.358,0.0,0.45,0.0808,113.145,4,2024-10-31,09:08:53
ES,España,EUROPA,13,85,1fTjqf10accJCDYstPwwZ6,Ohnana,https://open.spotify.com/track/1fTjqf10accJCDYstPwwZ6,156577,False,3UTF2no3muGdiFXVujl94i,Kapo,262954,80,,3IdVqIfyLPqxPZusYgifLo,Ohnana,single,2024-06-06,1,0.775,0.581,1,-3.621,0,0.108,0.617,8.33e-06,0.0957,0.658,104.977,4,2024-10-31,09:08:54
ES,España,EUROPA,14,73,5ER5Fr1Cv7N3chJhAapt66,Celine (with Kidd Keo),https://open.spotify.com/track/5ER5Fr1Cv7N3chJhAapt66,176017,False,37S0GFsBW73uqxGXNFeADJ,Ghost Killer Track,37779,61,cloud rap francais,4Uew91PetBzYYnSg83m3HT,Celine (with Kidd Keo),single,2023-07-07,1,0.778,0.503,5,-7.772,0,0.218,0.415,0.0,0.108,0.517,146.125,4,2024-10-31,09:08:55
ES,España,EUROPA,15,53,3tMftGMXTPbQlmjh4FzXpZ,Me has invitado a bailar,https://open.spotify.com/track/3tMftGMXTPbQlmjh4FzXpZ,192906,False,0CVOcYvRcSvOXyuR4YGKaC,Dani Fernández,248514,68,spanish pop,4cAjvCWbcfaDhuiJxew1Sw,La Jauría,album,2024-10-25,12,0.665,0.544,10,-3.648,1,0.115,0.0129,0.0,0.0752,0.625,163.948,4,2024-10-31,09:08:55
ES,España,EUROPA,16,78,1emJPywtseFLmLCcPY92dW,Rapido (with Cris Mj),https://open.spotify.com/track/1emJPywtseFLmLCcPY92dW,146000,True,2YRyPiW98bpkARAS4B3OQP,Dei V,1387342,81,"trap latino,urbano latino",2i6InsyHZPR6NBFniDivF5,Quién es Dei V?,album,2024-06-14,16,0.719,0.799,2,-4.641,1,0.0454,0.0467,2.73e-06,0.155,0.597,95.021,4,2024-10-31,09:08:56
ES,España,EUROPA,17,76,456U68M8lIymkz56Zroxh8,Qué Pecao,https://open.spotify.com/track/456U68M8lIymkz56Zroxh8,230073,False,0tmwSHipWxN12fsoLcFU3B,Manuel Turizo,14153672,84,"colombian pop,latin pop,reggaeton,reggaeton colombiano,trap latino,urbano latino",753zWh3I26DZ8pCOfJFZfA,Qué Pecao,single,2024-10-03,1,0.837,0.621,4,-7.935,1,0.0474,0.513,5.67e-06,0.127,0.875,120.055,4,2024-10-31,09:08:57
ES,España,EUROPA,18,74,06JM1fuKPQOrSL6s9mzDvV,LA REINA,https://open.spotify.com/track/06JM1fuKPQOrSL6s9mzDvV,150000,False,3bvfu2KAve4lPHrhEFDZna,Lola Indigo,1361327,72,spanish pop,2Fy0cyNtT6mpTVWtAAyfh4,LA REINA,single,2024-06-13,1,0.721,0.731,11,-4.273,0,0.0909,0.0146,0.0,0.356,0.711,128.062,4,2024-10-31,09:08:58
ES,España,EUROPA,19,71,4rUuiCQ8mOiZjjXEOHfZyx,No Has Cambiado,https://open.spotify.com/track/4rUuiCQ8mOiZjjXEOHfZyx,276404,True,0GgyFUpOyzWDRDqx8FCTDN,Baby Rasta,2224268,72,"reggaeton,trap latino,urbano latino",6jQWlWu68A5o8VZuysv8zs,No Has Cambiado,single,2024-10-03,1,0.791,0.514,1,-7.508,0,0.154,0.555,9.41e-06,0.192,0.481,89.022,4,2024-10-31,09:08:59
ES,España,EUROPA,20,62,4eo11GQla5DlqMHQ76ym3l,FRIKI,https://open.spotify.com/track/4eo11GQla5DlqMHQ76ym3l,189066,True,4ixNZvQuuzCDxBsxO9zE6L,Gonzy,107249,69,urbano latino,4K4avZBw8VwDiTaukQ0snS,THE WORLD IS YOURS,album,2024-10-11,18,0.693,0.658,2,-5.258,0,0.101,0.058,0.0,0.174,0.623,159.98,4,2024-10-31,09:09:00
ES,España,EUROPA,21,83,6a9Z1jUms915w4O7N1PxjY,Santa,https://open.spotify.com/track/6a9Z1jUms915w4O7N1PxjY,193038,False,1fctva4kpRbg2k3v7kwRuS,Rvssian,2505121,76,"reggaeton,reggaeton flow,trap latino,urbano latino",3uzutRS5qX4ng5Skjh5S6W,Santa,single,2024-04-03,2,0.725,0.709,3,-5.017,0,0.129,0.321,0.000189,0.114,0.648,99.993,4,2024-10-31,09:09:00
ES,España,EUROPA,22,78,0w0e3Te2Rd4t8gGKi3sU6a,Vacile,https://open.spotify.com/track/0w0e3Te2Rd4t8gGKi3sU6a,140239,True,6TKygPpVT29oGUogu4J9Ec,Yan Block,184451,75,"trap boricua,trap latino,urbano latino",1h5pFnX1pTSIhDnouQsn4G,Vacile,single,2022-09-30,1,0.819,0.531,5,-14.178,0,0.421,0.897,0.0207,0.107,0.761,120.094,4,2024-10-31,09:09:01
ES,España,EUROPA,23,88,7bywjHOc0wSjGGbj04XbVi,LUNA,https://open.spotify.com/track/7bywjHOc0wSjGGbj04XbVi,196800,False,2LRoIwlKmHjgvigdNGBHNo,Feid,14446012,92,"colombian pop,pop reggaeton,reggaeton,reggaeton colombiano,trap latino,urbano latino",0lgs2Sa82lyX89nBUWyUy6,FERXXOCALIPSIS,album,2023-12-01,10,0.774,0.86,7,-2.888,0,0.13,0.131,0.0,0.116,0.446,100.019,4,2024-10-31,09:09:02
ES,España,EUROPA,24,67,6A3siPf4AgV5jfZua1zHgZ,Besitos BB 2.0,https://open.spotify.com/track/6A3siPf4AgV5jfZua1zHgZ,233693,True,18kNcg1LyApWH3qkXk1CCd,El Perla,48525,56,urbano espanol,7hgGSrkpHw7GzNdyUMZiN7,Besitos BB 2.0,single,2024-10-09,1,0.744,0.575,5,-6.024,1,0.078,0.121,0.0,0.105,0.442,111.068,4,2024-10-31,09:09:03
ES,España,EUROPA,25,72,0dLdTvslcZVsncSMyVvP7n,OTRA NOCHE (feat. Darell),https://open.spotify.com/track/0dLdTvslcZVsncSMyVvP7n,224120,True,7iK8PXO48WeuP03g8YR51W,Myke Towers,16972727,89,"reggaeton,trap latino,urbano latino",6NmYJszy5BaEm1WF4tJL7Z,LA PANTERA NEGRA,album,2024-08-22,20,0.793,0.753,8,-4.385,0,0.168,0.107,0.0,0.214,0.598,92.94,4,2024-10-31,09:09:04
ES,España,EUROPA,26,65,00EWeXw1RLUwCMw8pxtXAE,DIABLA,https://open.spotify.com/track/00EWeXw1RLUwCMw8pxtXAE,217945,True,30Ml7nTMkXYyb0UoLwtmCc,Los Diozes,31520,61,,3fSSAHjqml1DUmMNJk1OMW,HOTEL MALIGNO,album,2024-10-17,8,0.543,0.587,10,-7.709,0,0.497,0.786,0.0,0.626,0.723,174.075,4,2024-10-31,09:09:04
ES,España,EUROPA,27,75,3ng8tfwvzR4BBwa9yaMms6,BADGYAL,https://open.spotify.com/track/3ng8tfwvzR4BBwa9yaMms6,253962,True,2O8vbr4RYPpk6MRA4fio7u,SAIKO,1384591,78,"trap latino,urbano espanol,urbano latino",5z4aZJ5U7LqwRc2tXk98cc,SAKURA,album,2024-04-26,16,0.6,0.939,8,-1.359,1,0.046,0.114,0.0,0.244,0.709,95.027,4,2024-10-31,09:09:05
ES,España,EUROPA,28,83,3tt9i3Hhzq84dPS8H7iSiJ,La Bachata,https://open.spotify.com/track/3tt9i3Hhzq84dPS8H7iSiJ,162637,False,0tmwSHipWxN12fsoLcFU3B,Manuel Turizo,14153672,84,"colombian pop,latin pop,reggaeton,reggaeton colombiano,trap latino,urbano latino",7ubO2LZJZFpyhiWMZkRwcH,2000,album,2023-03-17,15,0.835,0.679,7,-5.329,0,0.0364,0.583,1.98e-06,0.218,0.85,124.98,4,2024-10-31,09:09:06
ES,España,EUROPA,29,74,4sykJxUsqdXZRqRv1J9fEQ,Goteras,https://open.spotify.com/track/4sykJxUsqdXZRqRv1J9fEQ,216450,False,3lY9Fxceu60W1rbon7PkuF,Omar Montes,825758,74,"flamenco urbano,urbano espanol",4mFVkQGAj9T2hyNoxHAcGw,Goteras,single,2024-06-27,1,0.633,0.815,6,-2.94,0,0.0635,0.406,0.0,0.16,0.353,95.953,4,2024-10-31,09:09:07
ES,España,EUROPA,30,75,6RqD0fpAaKEZvQd0QrTj7j,Lo Que Tiene,https://open.spotify.com/track/6RqD0fpAaKEZvQd0QrTj7j,259200,False,4az97MtWmBQ5Db3GfDh9j9,Morad,3587134,80,"drill espanol,urbano espanol",76q4YOHGrinD2vWSrbPzN4,Lo Que Tiene,single,2024-03-08,1,0.757,0.768,1,-5.13,1,0.0379,0.345,0.000406,0.129,0.384,100.056,4,2024-10-31,09:09:08
ES,España,EUROPA,31,60,5orb2qBX5ISKtsSy20v8SK,X'CLUSIVO - REMIX,https://open.spotify.com/track/5orb2qBX5ISKtsSy20v8SK,208133,True,4ixNZvQuuzCDxBsxO9zE6L,Gonzy,107249,69,urbano latino,4K4avZBw8VwDiTaukQ0snS,THE WORLD IS YOURS,album,2024-10-11,18,0.813,0.552,6,-6.328,1,0.0771,0.0708,0.0002,0.0542,0.773,146.952,4,2024-10-31,09:09:08
ES,España,EUROPA,32,75,0eeX8L0DWvGth1F6xVkvv7,ADIVINO,https://open.spotify.com/track/0eeX8L0DWvGth1F6xVkvv7,278644,True,7iK8PXO48WeuP03g8YR51W,Myke Towers,16972727,89,"reggaeton,trap latino,urbano latino",6NmYJszy5BaEm1WF4tJL7Z,LA PANTERA NEGRA,album,2024-08-22,20,0.786,0.854,10,-2.4,0,0.0741,0.169,2.39e-05,0.106,0.522,117.994,4,2024-10-31,09:09:09
ES,España,EUROPA,33,51,2znYZuZsjd52WgMkp6iVwL,Conexión,https://open.spotify.com/track/2znYZuZsjd52WgMkp6iVwL,188160,False,60ZOYUFnCYEeKYsxgvPxOS,Cano,484630,67,"flamenco urbano,rap espanol",47wk0lhqRt1MWuCxPfctcc,Triana,album,2024-10-24,10,0.737,0.866,8,-5.348,1,0.049,0.145,8.46e-05,0.133,0.576,124.948,4,2024-10-31,09:09:10
ES,España,EUROPA,34,87,6PhRhocBXP4y7NpciGmzra,Después De La 1,https://open.spotify.com/track/6PhRhocBXP4y7NpciGmzra,177600,True,1Yj5Xey7kTwvZla8sqdsdE,Cris Mj,4093373,88,"mambo chileno,trap latino,urbano chileno,urbano latino",2lIzIH2mQQ0ItgkJKefQMp,MJ,single,2024-09-12,2,0.805,0.581,6,-5.091,0,0.0601,0.0303,0.0202,0.0933,0.528,99.973,4,2024-10-31,09:09:11
ES,España,EUROPA,35,100,2plbrEY59IikOBgBGLjaoe,Die With A Smile,https://open.spotify.com/track/2plbrEY59IikOBgBGLjaoe,251667,False,1HY2Jd0NmPuamShAr6KMms,Lady Gaga,32416547,92,"art pop,dance pop,pop",10FLjwfpbxLmW8c25Xyc2N,Die With A Smile,single,2024-08-16,1,0.521,0.592,6,-7.777,0,0.0304,0.308,0.0,0.122,0.535,157.969,3,2024-10-31,09:09:12
ES,España,EUROPA,36,83,7iUtQNMRB8ZkKC4AmEuCJC,LA FALDA,https://open.spotify.com/track/7iUtQNMRB8ZkKC4AmEuCJC,174229,True,7iK8PXO48WeuP03g8YR51W,Myke Towers,16972727,89,"reggaeton,trap latino,urbano latino",1ZVJTCW5rxpHKNgsNL91J2,LVEU: VIVE LA TUYA...NO LA MIA,album,2023-09-18,23,0.8,0.738,7,-4.26,1,0.0691,0.372,0.00877,0.19,0.267,103.008,4,2024-10-31,09:09:12
ES,España,EUROPA,37,80,5KbBVSj6AJZ5662fO8EYFh,El Merengue,https://open.spotify.com/track/5KbBVSj6AJZ5662fO8EYFh,189668,False,64KEffDW9EtZ1y2vBYgq8T,Marshmello,33856376,84,"brostep,edm,pop,progressive electro house",4KNN5lVMc1EREJFlbppJqH,Sugar Papi,album,2023-11-03,11,0.777,0.774,8,-3.079,0,0.0553,0.0895,0.000401,0.0909,0.661,123.982,4,2024-10-31,09:09:13
ES,España,EUROPA,38,76,2mYlSgPvC5Np4mDg9DU5Mc,CARITA TRISTE,https://open.spotify.com/track/2mYlSgPvC5Np4mDg9DU5Mc,175296,False,6k8mwkKJKKjBILo7ypBspl,Ana Mena,954774,70,spanish pop,6TRRRmLdBwtELfN4EYeYSM,CARITA TRISTE,single,2024-08-30,1,0.681,0.793,2,-3.47,1,0.0382,0.102,0.0,0.0895,0.614,126.003,4,2024-10-31,09:09:14
ES,España,EUROPA,39,72,3BFh8rR6aMexy7ELu2UQy3,Manos Rotas,https://open.spotify.com/track/3BFh8rR6aMexy7ELu2UQy3,168594,False,4bJh7sMPcVRiqe5jlnsWQV,DELLAFUENTE,1054164,71,"flamenco urbano,urbano espanol",7KKBibFuDeAKYrB79gPcHu,Manos Rotas,single,2023-11-16,1,0.728,0.59,4,-5.787,0,0.204,0.386,0.0612,0.162,0.238,93.977,4,2024-10-31,09:09:15
ES,España,EUROPA,40,72,6xqQDwzjswlToEEHgvA3KM,1000COSAS,https://open.spotify.com/track/6xqQDwzjswlToEEHgvA3KM,239482,False,3bvfu2KAve4lPHrhEFDZna,Lola Indigo,1361327,72,spanish pop,0tsruTj7W1OO3QyOLdnoBj,1000COSAS,single,2024-03-07,1,0.697,0.74,6,-4.717,0,0.0397,0.0132,0.000155,0.117,0.331,131.938,4,2024-10-31,09:09:16
ES,España,EUROPA,41,84,1pymWRCuZfCd0zdiBJo0Hj,REAL GANGSTA LOVE,https://open.spotify.com/track/1pymWRCuZfCd0zdiBJo0Hj,145342,True,2x7PC78TmgqpEIjaGAZ0Oz,Trueno,7855727,80,"argentine hip hop,bases de freestyle,trap argentino,trap latino,urbano latino",3EWJoKrG9XnCjvAPzkQZ88,EL ÚLTIMO BAILE,album,2024-05-23,13,0.831,0.643,4,-4.659,0,0.0568,0.388,6.94e-05,0.374,0.57,97.013,4,2024-10-31,09:09:16
ES,España,EUROPA,42,85,2gmd7lY3QSzLh0xIY4cRvi,SE ME OLVIDA,https://open.spotify.com/track/2gmd7lY3QSzLh0xIY4cRvi,225373,True,6B1hSmaLdOvChinK2Z7gfi,Maisak,42790,72,,00ESTj1vBUkIbaTHaXaXu3,SE ME OLVIDA,single,2024-08-23,1,0.786,0.707,7,-4.386,0,0.0635,0.0399,0.0,0.121,0.691,82.045,4,2024-10-31,09:09:17
ES,España,EUROPA,43,95,5vNRhkKd0yEAg8suGBpjeY,APT.,https://open.spotify.com/track/5vNRhkKd0yEAg8suGBpjeY,169917,False,3eVa5w3URK5duf6eyVDbu9,ROSÉ,7632823,82,k-pop,2IYQwwgxgOIn7t3iF6ufFD,APT.,single,2024-10-18,1,0.777,0.783,0,-4.477,0,0.26,0.0283,0.0,0.355,0.939,149.027,4,2024-10-31,09:09:18
ES,España,EUROPA,44,62,6x38KcIs0tsw3ZzvBfLxOa,EROTICAAAAAAA,https://open.spotify.com/track/6x38KcIs0tsw3ZzvBfLxOa,169666,True,4ixNZvQuuzCDxBsxO9zE6L,Gonzy,107249,69,urbano latino,4K4avZBw8VwDiTaukQ0snS,THE WORLD IS YOURS,album,2024-10-11,18,0.702,0.604,8,-5.892,1,0.0381,0.121,0.0,0.123,0.132,93.033,4,2024-10-31,09:09:19
ES,España,EUROPA,45,72,6opCVD6WJNDyBAxvrzKLnH,Martini,https://open.spotify.com/track/6opCVD6WJNDyBAxvrzKLnH,164365,True,2YRyPiW98bpkARAS4B3OQP,Dei V,1387342,81,"trap latino,urbano latino",2i6InsyHZPR6NBFniDivF5,Quién es Dei V?,album,2024-06-14,16,0.576,0.663,6,-6.811,0,0.0823,0.63,3.37e-05,0.123,0.427,104.752,4,2024-10-31,09:09:20
ES,España,EUROPA,46,72,7pvqkMcGzRTWU0YpZoJj6U,La Rizos [Dime Si Le Comento a la Pura],https://open.spotify.com/track/7pvqkMcGzRTWU0YpZoJj6U,218119,False,4BnXLYKwUhFGUmYE5mPNox,Las 2K,3079,58,,1Kz5RhfbaMniwhbfJAiXzl,La Rizos [Dime Si Le Comento a la Pura],single,2024-06-17,1,0.788,0.78,10,-5.149,1,0.113,0.353,1.32e-06,0.101,0.905,105.026,4,2024-10-31,09:09:20
ES,España,EUROPA,47,72,49kkoKoXAnjNRlxot1ZnlW,YOTULOKO,https://open.spotify.com/track/49kkoKoXAnjNRlxot1ZnlW,213699,False,3lY9Fxceu60W1rbon7PkuF,Omar Montes,825758,74,"flamenco urbano,urbano espanol",3V37s4pn223tqV4S1roCNW,YOTULOKO,single,2024-07-11,1,0.807,0.729,1,-4.077,0,0.0683,0.0794,2.53e-06,0.039,0.666,97.02,4,2024-10-31,09:09:21
ES,España,EUROPA,48,81,4YnmQG1fnJR9LnTZtix70T,WYA REMIX RED,https://open.spotify.com/track/4YnmQG1fnJR9LnTZtix70T,321741,True,17SY5q1CMOZJBRuPcKWwPI,J Abdiel,149713,73,"trap latino,urbano latino",4KparoC39Qn5NatBrMA7nN,WYA REMIX RED,single,2024-05-10,1,0.733,0.527,0,-5.985,0,0.0486,0.364,0.0,0.0999,0.371,110.045,4,2024-10-31,09:09:22
ES,España,EUROPA,49,85,505v13epFXodT9fVAJ6h8k,AMARGURA,https://open.spotify.com/track/505v13epFXodT9fVAJ6h8k,170480,True,790FomKkXshlbRYZFtlgla,KAROL G,51524480,91,"reggaeton,reggaeton colombiano,urbano latino",4kS7bSuU0Jm9LYMosFU2x5,MAÑANA SERÁ BONITO,album,2023-02-24,17,0.912,0.7,6,-3.331,0,0.068,0.163,0.0,0.174,0.535,106.981,4,2024-10-31,09:09:23
ES,España,EUROPA,50,68,70JnnNNAxPjvZGPwjJfX47,El Fin del Mundo,https://open.spotify.com/track/70JnnNNAxPjvZGPwjJfX47,188093,False,5Q30fhTc0Sl0Q4C5dOjhhQ,La La Love You,148760,64,"spanish pop,tontipop",5RpGs1cIVJHLtn88LEdXjb,La la Love You Bonus,album,2020-12-11,18,0.602,0.866,4,-4.594,1,0.0471,0.000856,0.0,0.094,0.677,127.052,4,2024-10-31,09:09:24
PT,Portugal,EUROPA,1,100,2plbrEY59IikOBgBGLjaoe,Die With A Smile,https://open.spotify.com/track/2plbrEY59IikOBgBGLjaoe,251667,False,1HY2Jd0NmPuamShAr6KMms,Lady Gaga,32416547,92,"art pop,dance pop,pop",10FLjwfpbxLmW8c25Xyc2N,Die With A Smile,single,2024-08-16,1,0.521,0.592,6,-7.777,0,0.0304,0.308,0.0,0.122,0.535,157.969,3,2024-10-31,09:09:25
PT,Portugal,EUROPA,2,80,6s1kzj4EbhFLXbuAGJbhbn,Barbie,https://open.spotify.com/track/6s1kzj4EbhFLXbuAGJbhbn,192755,False,6aoGgTKGqtsjj48ymcNs4Z,MC Tuto,896068,80,funk consciente,6MNtIXqAF51SJfAyETEtjL,Barbie,single,2024-10-18,1,0.955,0.425,3,-8.242,0,0.43,0.711,0.0,0.101,0.716,127.032,4,2024-10-31,09:09:26
PT,Portugal,EUROPA,3,62,2jOOrtPppgKV7ELxy4KmpD,Sou Baiana,https://open.spotify.com/track/2jOOrtPppgKV7ELxy4KmpD,137000,False,58CkoIvSDda2jNRipPe4oT,Rubby,5093,48,,2DMwzpbbhllY9aqZvwGZSJ,Sou Baiana,single,2024-07-22,1,0.828,0.386,4,-16.795,0,0.0816,0.674,0.0313,0.0984,0.955,77.028,4,2024-10-31,09:09:26
PT,Portugal,EUROPA,4,97,6dOtVTDdiauQNBQEDOtlAB,BIRDS OF A FEATHER,https://open.spotify.com/track/6dOtVTDdiauQNBQEDOtlAB,210373,False,6qqNVTkY8uBg9cP3Jd7DAH,Billie Eilish,101433183,96,"art pop,pop",7aJuG4TFXa2hmE4z1yxc3n,HIT ME HARD AND SOFT,album,2024-05-17,10,0.747,0.507,2,-10.171,1,0.0358,0.2,0.0608,0.117,0.438,104.978,4,2024-10-31,09:09:27
PT,Portugal,EUROPA,5,55,53qdbojYem0XyIBnXxtp36,I Can't Do This,https://open.spotify.com/track/53qdbojYem0XyIBnXxtp36,141909,False,4V1JGaADDuIWiWsWFwoHVE,phvrien,522,41,,1IF7coVirqmpfJ1M0k5r5d,I Can't Do This,single,2024-10-19,3,0.693,0.79,1,-8.694,1,0.219,0.17,0.000263,0.106,0.415,126.046,4,2024-10-31,09:09:28
PT,Portugal,EUROPA,6,94,6WatFBLVB0x077xWeoVc2k,Si Antes Te Hubiera Conocido,https://open.spotify.com/track/6WatFBLVB0x077xWeoVc2k,195824,False,790FomKkXshlbRYZFtlgla,KAROL G,51524480,91,"reggaeton,reggaeton colombiano,urbano latino",5ylbxH7EqpsmHZCRuiYewS,Si Antes Te Hubiera Conocido,single,2024-06-21,1,0.924,0.668,11,-6.795,1,0.0469,0.446,0.000594,0.0678,0.787,128.027,4,2024-10-31,09:09:29
PT,Portugal,EUROPA,7,83,1QoyuMHNBe7lg3YW4Qtll4,St. Chroma (feat. Daniel Caesar),https://open.spotify.com/track/1QoyuMHNBe7lg3YW4Qtll4,197019,True,4V8LLVI7PbaPR0K2TGSxFF,"Tyler, The Creator",17261006,92,"hip hop,rap",0U28P0QVB1QRxpqp5IHOlH,CHROMAKOPIA,album,2024-10-28,14,0.576,0.884,0,-5.058,1,0.555,0.357,0.0,0.368,0.373,150.45,4,2024-10-31,09:09:30
PT,Portugal,EUROPA,8,95,5vNRhkKd0yEAg8suGBpjeY,APT.,https://open.spotify.com/track/5vNRhkKd0yEAg8suGBpjeY,169917,False,3eVa5w3URK5duf6eyVDbu9,ROSÉ,7632823,82,k-pop,2IYQwwgxgOIn7t3iF6ufFD,APT.,single,2024-10-18,1,0.777,0.783,0,-4.477,0,0.26,0.0283,0.0,0.355,0.939,149.027,4,2024-10-31,09:09:30
PT,Portugal,EUROPA,9,58,23PQOfRFXeQ6ZR4q7ZfM5r,O Teu Cheiro,https://open.spotify.com/track/23PQOfRFXeQ6ZR4q7ZfM5r,170290,False,3LZCMaZWwvhYyQeEfWgVdY,Bispo,329712,60,hip hop tuga,0Lu1PFWRcRF8hthAnklvlN,O Teu Cheiro,single,2024-10-11,1,0.55,0.293,2,-14.04,0,0.0624,0.873,0.00126,0.108,0.2,150.021,4,2024-10-31,09:09:31
PT,Portugal,EUROPA,10,62,1hdWqiFAy5hNRxyVpDy81P,Bênção,https://open.spotify.com/track/1hdWqiFAy5hNRxyVpDy81P,205934,False,0QoKkMC6uy7fUng96fab1I,Mizzy Miles,65960,54,hip hop tuga,0qh2Oll4rfSc8I3tO1fYv0,Bênção,single,2024-03-01,1,0.671,0.529,10,-7.15,0,0.0675,0.495,4.69e-05,0.209,0.322,90.055,4,2024-10-31,09:09:32
PT,Portugal,EUROPA,11,80,1YdtGoSYDvVQKoUqSDXX41,Noid,https://open.spotify.com/track/1YdtGoSYDvVQKoUqSDXX41,284363,True,4V8LLVI7PbaPR0K2TGSxFF,"Tyler, The Creator",17261006,92,"hip hop,rap",0U28P0QVB1QRxpqp5IHOlH,CHROMAKOPIA,album,2024-10-28,14,0.38,0.784,1,-6.004,1,0.299,0.523,0.000139,0.494,0.418,82.318,4,2024-10-31,09:09:33
PT,Portugal,EUROPA,12,94,5G2f63n7IPVPPjfNIGih7Q,Taste,https://open.spotify.com/track/5G2f63n7IPVPPjfNIGih7Q,157279,False,74KM79TiuVKeVCqs8QtB0B,Sabrina Carpenter,14260468,95,pop,3iPSVi54hsacKKl1xIR2eH,Short n' Sweet,album,2024-08-23,12,0.674,0.907,3,-4.086,1,0.064,0.101,0.0,0.297,0.721,112.964,4,2024-10-31,09:09:34
PT,Portugal,EUROPA,13,91,2262bWmqomIaJXwCRHr13j,Sailor Song,https://open.spotify.com/track/2262bWmqomIaJXwCRHr13j,211978,False,1iCnM8foFssWlPRLfAbIwo,Gigi Perez,424458,80,bedroom pop,68CN2LzY8MoxO2udy2C22e,Sailor Song,single,2024-07-26,1,0.494,0.413,11,-10.432,1,0.0254,0.682,6.72e-05,0.193,0.273,94.938,4,2024-10-31,09:09:34
PT,Portugal,EUROPA,14,81,0VaeksJaXy5R1nvcTMh3Xk,"Darling, I (feat. Teezo Touchdown)",https://open.spotify.com/track/0VaeksJaXy5R1nvcTMh3Xk,253834,True,4V8LLVI7PbaPR0K2TGSxFF,"Tyler, The Creator",17261006,92,"hip hop,rap",0U28P0QVB1QRxpqp5IHOlH,CHROMAKOPIA,album,2024-10-28,14,0.373,0.818,3,-3.19,0,0.102,0.36,0.0,0.434,0.361,97.571,4,2024-10-31,09:09:35
PT,Portugal,EUROPA,15,89,3xkHsmpQCBMytMJNiDf3Ii,Beautiful Things,https://open.spotify.com/track/3xkHsmpQCBMytMJNiDf3Ii,180304,False,22wbnEMDvgVIAGdFeek6ET,Benson Boone,3815769,86,singer-songwriter pop,168CdR21lfn0TTyw1Pkdcm,Fireworks & Rollerblades,album,2024-04-05,15,0.472,0.471,10,-5.692,1,0.0603,0.151,0.0,0.14,0.219,105.029,3,2024-10-31,09:09:36
PT,Portugal,EUROPA,16,81,5RePVWy39tLpHH0WwXgBsK,Rah Tah Tah,https://open.spotify.com/track/5RePVWy39tLpHH0WwXgBsK,165412,True,4V8LLVI7PbaPR0K2TGSxFF,"Tyler, The Creator",17261006,92,"hip hop,rap",0U28P0QVB1QRxpqp5IHOlH,CHROMAKOPIA,album,2024-10-28,14,0.661,0.878,1,-4.099,1,0.31,0.00289,0.0,0.381,0.514,82.557,4,2024-10-31,09:09:37
PT,Portugal,EUROPA,17,90,2PnlsTsOTLE5jnBnNe2K0A,The Emptiness Machine,https://open.spotify.com/track/2PnlsTsOTLE5jnBnNe2K0A,190427,True,6XyY86QOPPrYVGvF9ch6wz,Linkin Park,27326633,92,"alternative metal,nu metal,post-grunge,rap metal,rock",6W0Gabv5f3ugnckc6YgfJQ,The Emptiness Machine,single,2024-09-05,1,0.466,0.872,7,-3.344,1,0.0336,0.0156,0.0,0.121,0.806,184.115,4,2024-10-31,09:09:38
PT,Portugal,EUROPA,18,77,6RjSXi9cPGroetXeNsWFGL,MTG QUEM NÃO QUER SOU EU,https://open.spotify.com/track/6RjSXi9cPGroetXeNsWFGL,123692,False,0xj9MJx9r0wO2o4aqdergP,DJ TOPO,186020,72,"deboxe,funk mtg,rave funk",4sLNpzARYcLX5BIGLOvgNC,MTG QUEM NÃO QUER SOU EU,single,2024-05-10,1,0.492,0.427,9,-6.37,0,0.372,0.364,0.00482,0.53,0.443,80.492,5,2024-10-31,09:09:39
PT,Portugal,EUROPA,19,47,2y5mEYDDPoQCgz55sP3eUz,Amor De Ganga,https://open.spotify.com/track/2y5mEYDDPoQCgz55sP3eUz,206908,False,1jE8NLRTyT22UKfZ8AGRDm,Miguel Luz,29835,37,hip hop tuga,2RzgoRYV8G4b2caFS030UT,Amor De Ganga,single,2024-10-22,1,0.658,0.793,8,-9.526,1,0.0609,0.208,0.0,0.0797,0.454,156.974,4,2024-10-31,09:09:39
PT,Portugal,EUROPA,20,87,1BJJbSX6muJVF2AK7uH1x4,Move,https://open.spotify.com/track/1BJJbSX6muJVF2AK7uH1x4,177598,False,2loEsOijJ6XiGzWYFXMIRk,Adam Port,210883,77,melodic house,4M8ThNHbNjda2cPwL8XZHS,Move,single,2024-06-07,1,0.727,0.782,8,-8.529,0,0.042,0.0563,0.336,0.225,0.655,119.992,4,2024-10-31,09:09:40
PT,Portugal,EUROPA,21,60,6vBuEFImAx36hDYiYqBtkZ,Alô,https://open.spotify.com/track/6vBuEFImAx36hDYiYqBtkZ,211714,False,15p1isN7VcGsjeSq8s9YeP,Dillaz,346767,61,hip hop tuga,52B67tLSbAC5pS3GZc2Gnd,O Próprio,album,2024-02-16,16,0.569,0.56,9,-7.768,0,0.13,0.691,3.8e-05,0.293,0.754,139.716,4,2024-10-31,09:09:41
PT,Portugal,EUROPA,22,60,1cTamrfYAUHnoiMf2gpq55,Even,https://open.spotify.com/track/1cTamrfYAUHnoiMf2gpq55,187869,False,2swvbEAfN70ZFcQB4Y7MaS,Richie Campbell,294422,57,"hip hop tuga,portuguese pop,reggae tuga",4GeL7dcG2LxnYTsypnE9MJ,IT WILL HURT BOTH WAYS,single,2024-06-14,2,0.702,0.491,8,-8.767,0,0.304,0.81,0.0,0.136,0.507,99.931,4,2024-10-31,09:09:42
PT,Portugal,EUROPA,23,89,17phhZDn6oGtzMe56NuWvj,Lose Control,https://open.spotify.com/track/17phhZDn6oGtzMe56NuWvj,210688,False,33qOK5uJ8AR2xuQQAhHump,Teddy Swims,3267350,86,,7nacKlk586eLRBSIsrk9DB,I've Tried Everything But Therapy (Part 1),album,2023-09-15,10,0.561,0.604,9,-4.409,1,0.0337,0.199,1.9e-05,0.104,0.242,159.92,3,2024-10-31,09:09:43
PT,Portugal,EUROPA,24,88,2HRqTpkrJO5ggZyyK6NPWz,Espresso,https://open.spotify.com/track/2HRqTpkrJO5ggZyyK6NPWz,175459,True,74KM79TiuVKeVCqs8QtB0B,Sabrina Carpenter,14260468,95,pop,3iPSVi54hsacKKl1xIR2eH,Short n' Sweet,album,2024-08-23,12,0.699,0.776,0,-5.282,1,0.0293,0.131,5.36e-06,0.205,0.708,103.963,4,2024-10-31,09:09:43
PT,Portugal,EUROPA,25,84,5nPbKG04fhLkIAjcPFaZq7,I Adore You (feat. Daecolm),https://open.spotify.com/track/5nPbKG04fhLkIAjcPFaZq7,214000,False,5PlfkPxwCpRRWQJBxCa0By,HUGEL,349681,77,deep house,5MrdEMJrBnauBJsd1nYY00,I Adore You (feat. Daecolm),single,2024-07-19,1,0.704,0.787,11,-6.751,0,0.0462,0.00926,0.00538,0.159,0.31,119.996,4,2024-10-31,09:09:44
PT,Portugal,EUROPA,26,90,51rfRCiUSvxXlCSCfIztBy,"I Love You, I'm Sorry",https://open.spotify.com/track/51rfRCiUSvxXlCSCfIztBy,157146,True,4tuJ0bMpJh08umKkEXKUI5,Gracie Abrams,2864071,88,alt z,56bdWeO40o3WfAD2Lja4dl,The Secret of Us,album,2024-06-21,13,0.53,0.406,10,-7.507,1,0.033,0.656,0.0,0.133,0.338,115.94,3,2024-10-31,09:09:45
PT,Portugal,EUROPA,27,85,7ne4VBA60CxGM75vw0EYad,That’s So True,https://open.spotify.com/track/7ne4VBA60CxGM75vw0EYad,166300,True,4tuJ0bMpJh08umKkEXKUI5,Gracie Abrams,2864071,88,alt z,0hBRqPYPXhr1RkTDG3n4Mk,The Secret of Us (Deluxe),album,2024-10-18,20,0.554,0.808,1,-4.169,1,0.0368,0.214,0.0,0.159,0.372,108.548,4,2024-10-31,09:09:46
PT,Portugal,EUROPA,28,79,0bPP5cDG1ZnbAVCEa3ZbQ1,Só Fé,https://open.spotify.com/track/0bPP5cDG1ZnbAVCEa3ZbQ1,203337,False,1eIYP01ZLPKEExhcV6xFgt,Grelo,411317,72,,41ng9tBJsRNYqaqRDEtrbN,É o Grelo,album,2024-07-19,13,0.872,0.696,7,-8.565,0,0.0357,0.511,0.000386,0.195,0.62,138.004,4,2024-10-31,09:09:47
PT,Portugal,EUROPA,29,80,4ssHL7bSnOAE7HjiuLx6Co,Crack com Mussilon,https://open.spotify.com/track/4ssHL7bSnOAE7HjiuLx6Co,154418,True,5nP8x4uEFjAAmDzwOEc9b8,Matuê,11328816,82,"r&b brasileiro,rap cearense,trap brasileiro",5CP84pfi4AFe95UTACFWrk,333,album,2024-09-09,12,0.767,0.803,6,-2.833,0,0.116,0.173,0.0,0.14,0.462,128.979,4,2024-10-31,09:09:48
PT,Portugal,EUROPA,30,92,1Es7AUAhQvapIcoh3qMKDL,Timeless (with Playboi Carti),https://open.spotify.com/track/1Es7AUAhQvapIcoh3qMKDL,256000,True,1Xyo4u8uXC1ZmMpatF05PJ,The Weeknd,93543802,96,"canadian contemporary r&b,canadian pop,pop",2IRxVVqbSbqHJo8Zx50LYn,Timeless,single,2024-09-27,1,0.769,0.722,11,-5.485,0,0.0507,0.0584,2.56e-06,0.111,0.57,119.973,4,2024-10-31,09:09:48
PT,Portugal,EUROPA,31,72,4TnEIYOXZ9KBGHOIqG5Xs5,ESCADA DO PRÉDIO,https://open.spotify.com/track/4TnEIYOXZ9KBGHOIqG5Xs5,137272,True,5wbf52LA6kcaboHSN6NEF1,PEDRO SAMPAIO,2701298,74,"funk carioca,funk rj",28MLfO3QWZB7lKz73TDdvs,ASTRO,album,2024-09-04,15,0.886,0.534,5,-4.712,0,0.0481,0.557,0.0,0.13,0.78,131.966,4,2024-10-31,09:09:49
PT,Portugal,EUROPA,32,59,38adAyMqsOEwCdXETWCPPa,Faz Bem,https://open.spotify.com/track/38adAyMqsOEwCdXETWCPPa,183714,False,18jB1ZnaJSWmro1ExvqZo4,Bluay,6605,48,trap tuga,1TW06h2SedE0SrfFXK7QHo,Faz Bem,single,2024-01-19,1,0.76,0.787,7,-5.692,1,0.0835,0.155,0.00342,0.0918,0.25,97.993,4,2024-10-31,09:09:50
PT,Portugal,EUROPA,33,79,3Umj02ZNl4d356pS1D38mn,Hey Jane,https://open.spotify.com/track/3Umj02ZNl4d356pS1D38mn,240742,True,4V8LLVI7PbaPR0K2TGSxFF,"Tyler, The Creator",17261006,92,"hip hop,rap",0U28P0QVB1QRxpqp5IHOlH,CHROMAKOPIA,album,2024-10-28,14,0.495,0.784,10,-7.027,0,0.42,0.555,0.0,0.621,0.669,94.563,4,2024-10-31,09:09:51
PT,Portugal,EUROPA,34,92,3QaPy1KgI7nu9FJEQUgn6h,WILDFLOWER,https://open.spotify.com/track/3QaPy1KgI7nu9FJEQUgn6h,261466,False,6qqNVTkY8uBg9cP3Jd7DAH,Billie Eilish,101433183,96,"art pop,pop",7aJuG4TFXa2hmE4z1yxc3n,HIT ME HARD AND SOFT,album,2024-05-17,10,0.467,0.247,6,-12.002,0,0.0431,0.612,0.000271,0.17,0.126,148.101,4,2024-10-31,09:09:52
PT,Portugal,EUROPA,35,80,3tFed7YsjGnIfxeLEQwx3R,"Sticky (feat. GloRilla, Sexyy Red & Lil Wayne)",https://open.spotify.com/track/3tFed7YsjGnIfxeLEQwx3R,255915,True,4V8LLVI7PbaPR0K2TGSxFF,"Tyler, The Creator",17261006,92,"hip hop,rap",0U28P0QVB1QRxpqp5IHOlH,CHROMAKOPIA,album,2024-10-28,14,0.505,0.812,1,-3.986,1,0.461,0.285,0.0,0.444,0.664,80.09,4,2024-10-31,09:09:52
PT,Portugal,EUROPA,36,94,0WbMK4wrZ1wFSty9F7FCgu,"Good Luck, Babe!",https://open.spotify.com/track/0WbMK4wrZ1wFSty9F7FCgu,218423,False,7GlBOeep6PqTfFi59PTUUN,Chappell Roan,3686982,89,indie pop,1WAjjRMfZjEXtB0lQrAw6Q,"Good Luck, Babe!",single,2024-04-05,1,0.7,0.582,11,-5.96,0,0.0356,0.0502,0.0,0.0881,0.785,116.712,4,2024-10-31,09:09:53
PT,Portugal,EUROPA,37,59,0fPOFtS7ZylYKcC9b64cSj,Tata,https://open.spotify.com/track/0fPOFtS7ZylYKcC9b64cSj,159751,False,7crp1tZcefnjT5RuL6WZQ0,Slow J,235266,59,hip hop tuga,0GcsYtidlr4azVnuTjD3KI,Afro Fado,album,2023-11-24,14,0.571,0.718,5,-4.836,1,0.425,0.771,0.0298,0.104,0.491,92.023,4,2024-10-31,09:09:54
PT,Portugal,EUROPA,38,79,2aYHxnMF2umAavtgBvmkY1,Thought I Was Dead (feat. ScHoolboy Q & Santigold),https://open.spotify.com/track/2aYHxnMF2umAavtgBvmkY1,207272,True,4V8LLVI7PbaPR0K2TGSxFF,"Tyler, The Creator",17261006,92,"hip hop,rap",0U28P0QVB1QRxpqp5IHOlH,CHROMAKOPIA,album,2024-10-28,14,0.77,0.859,10,-3.382,0,0.275,0.362,0.0,0.673,0.64,129.77,4,2024-10-31,09:09:55
PT,Portugal,EUROPA,39,84,19XpFsce28aByvCC4g89tJ,Too Sweet,https://open.spotify.com/track/19XpFsce28aByvCC4g89tJ,251424,False,2FXC3k01G6Gw61bmprjgqS,Hozier,7987986,86,"irish singer-songwriter,modern rock,pop,pov: indie",48qd9sU3xqYJbKaxHCciJL,Unreal Unearth: Unaired,album,2024-08-19,23,0.74,0.643,10,-5.446,1,0.0413,0.041,0.00229,0.0407,0.96,117.025,4,2024-10-31,09:09:56
PT,Portugal,EUROPA,40,73,0w7vodPWFEcuEYvWpbNbOu,Rainha da Finesse,https://open.spotify.com/track/0w7vodPWFEcuEYvWpbNbOu,166153,True,3MrDVzg7ZXaYMyQmbDInr7,WIU,2444782,76,trap brasileiro,4xemDx7QFi5hUSETm5auUv,Vagabundo de Luxo,album,2024-07-10,13,0.792,0.847,3,-2.114,0,0.0586,0.551,0.0,0.175,0.647,129.922,4,2024-10-31,09:09:56
PT,Portugal,EUROPA,41,79,3EJfFRgtbIYzBQdlc6PO9V,Vai Lá - Ao Vivo em Goiânia,https://open.spotify.com/track/3EJfFRgtbIYzBQdlc6PO9V,140438,False,59jlthNnbmim5l9tmNA7se,Maiara & Maraisa,13851973,78,"sertanejo,sertanejo pop,sertanejo universitario",0Ml8TeA47M35e2WqV4JrCm,iMEMsidão EP 01 (Ao Vivo em Goiânia),single,2024-09-26,6,0.63,0.835,6,-4.079,0,0.129,0.237,0.0,0.291,0.895,175.918,4,2024-10-31,09:09:57
PT,Portugal,EUROPA,42,78,6ie0uyyvOKTTuIFBMPiNIl,Judge Judy,https://open.spotify.com/track/6ie0uyyvOKTTuIFBMPiNIl,269622,True,4V8LLVI7PbaPR0K2TGSxFF,"Tyler, The Creator",17261006,92,"hip hop,rap",0U28P0QVB1QRxpqp5IHOlH,CHROMAKOPIA,album,2024-10-28,14,0.622,0.661,1,-5.906,1,0.0826,0.297,0.000135,0.165,0.362,76.331,4,2024-10-31,09:09:58
PT,Portugal,EUROPA,43,55,0ZEQ6vnAHTARAgpxFF8NLS,Amar De Cor,https://open.spotify.com/track/0ZEQ6vnAHTARAgpxFF8NLS,165424,False,2Rjx4IV5w0P4JOv17xCWMS,Van Zee,138704,61,"hip hop tuga,musica madeirense",4chPUBJXFpxBagtuD5l0rq,do.mar,album,2023-12-01,21,0.686,0.488,4,-5.364,0,0.0458,0.367,0.391,0.0831,0.233,119.58,5,2024-10-31,09:09:59
PT,Portugal,EUROPA,44,56,2GXRtFY3WNis04B2L1d7ua,Alma Nua,https://open.spotify.com/track/2GXRtFY3WNis04B2L1d7ua,205637,True,2Rjx4IV5w0P4JOv17xCWMS,Van Zee,138704,61,"hip hop tuga,musica madeirense",4chPUBJXFpxBagtuD5l0rq,do.mar,album,2023-12-01,21,0.741,0.401,8,-5.749,0,0.283,0.811,3.13e-06,0.106,0.622,75.974,4,2024-10-31,09:10:00
PT,Portugal,EUROPA,45,78,3GdwjAsCsoE79ObhsJFyYb,I Killed You,https://open.spotify.com/track/3GdwjAsCsoE79ObhsJFyYb,168420,True,4V8LLVI7PbaPR0K2TGSxFF,"Tyler, The Creator",17261006,92,"hip hop,rap",0U28P0QVB1QRxpqp5IHOlH,CHROMAKOPIA,album,2024-10-28,14,0.749,0.896,2,-4.909,1,0.219,0.356,0.00075,0.267,0.447,97.121,4,2024-10-31,09:10:00
PT,Portugal,EUROPA,46,75,5DrDpWyvharQkhsloNTN9W,Clack Bum,https://open.spotify.com/track/5DrDpWyvharQkhsloNTN9W,141230,True,0n57jUvvtDjkdrnbV7kOvB,Mc J Mito,286869,66,funk mtg,5u1yWj74PxP12ZqVUcn78H,Clack Bum,single,2024-06-28,1,0.85,0.291,6,-8.595,0,0.224,0.693,6.63e-06,0.211,0.725,86.593,3,2024-10-31,09:10:01
PT,Portugal,EUROPA,47,78,4BSR9I4ExlCJdXJo2GpBD5,Take Your Mask Off (feat. Daniel Caesar & LaToiya Williams),https://open.spotify.com/track/4BSR9I4ExlCJdXJo2GpBD5,253909,True,4V8LLVI7PbaPR0K2TGSxFF,"Tyler, The Creator",17261006,92,"hip hop,rap",0U28P0QVB1QRxpqp5IHOlH,CHROMAKOPIA,album,2024-10-28,14,0.503,0.658,6,-5.823,0,0.154,0.46,0.0,0.382,0.515,121.784,5,2024-10-31,09:10:02
PT,Portugal,EUROPA,48,36,0itv2Wy3TruEEZy4dRsu32,Interestelar,https://open.spotify.com/track/0itv2Wy3TruEEZy4dRsu32,188593,False,39HJXjH5hKcCzaU0g6mv8G,Plutonio,565302,60,hip hop tuga,02PsewjrcAwfmprEsadxBa,Interestelar,single,2024-10-29,1,0.463,0.629,6,-6.678,0,0.337,0.481,1.26e-06,0.146,0.245,64.828,3,2024-10-31,09:10:03
PT,Portugal,EUROPA,49,87,2tHwzyyOLoWSFqYNjeVMzj,Please Please Please,https://open.spotify.com/track/2tHwzyyOLoWSFqYNjeVMzj,186365,True,74KM79TiuVKeVCqs8QtB0B,Sabrina Carpenter,14260468,95,pop,3iPSVi54hsacKKl1xIR2eH,Short n' Sweet,album,2024-08-23,12,0.675,0.586,9,-6.086,1,0.0531,0.257,0.0,0.104,0.621,107.015,4,2024-10-31,09:10:04
PT,Portugal,EUROPA,50,72,7ldcYtMOjtX1eFVEYzj2kJ,Sagrado Profano,https://open.spotify.com/track/7ldcYtMOjtX1eFVEYzj2kJ,196601,False,4PzYKhC14sTJNEr0dzoo0d,Luísa Sonza,6120178,76,"funk carioca,pop nacional",39nlfd4MoNcVGgvx64Opnt,Escândalo Íntimo,album,2024-05-28,24,0.665,0.717,8,-5.554,1,0.249,0.497,0.0,0.0998,0.638,129.882,4,2024-10-31,09:10:05
FR,Francia,EUROPA,1,79,1Mzg6bu3hkCwJKEf7v49MN,CARTIER SANTOS,https://open.spotify.com/track/1Mzg6bu3hkCwJKEf7v49MN,183813,True,0LKAV3zJ8a8AIGnyc5OvfB,SDM,1333635,81,"french hip hop,pop urbaine,r&b francais",22NwdsP47PnWsA58u3z7S9,A LA VIE A LA MORT,album,2024-09-26,14,0.489,0.586,9,-7.218,0,0.327,0.0837,0.0,0.162,0.0892,89.493,4,2024-10-31,09:10:06
FR,Francia,EUROPA,2,79,5jX61gvbNenSDMldQrbtsU,POUR ELLE,https://open.spotify.com/track/5jX61gvbNenSDMldQrbtsU,179034,True,0LKAV3zJ8a8AIGnyc5OvfB,SDM,1333635,81,"french hip hop,pop urbaine,r&b francais",22NwdsP47PnWsA58u3z7S9,A LA VIE A LA MORT,album,2024-09-26,14,0.586,0.666,11,-7.59,0,0.0714,0.12,1.21e-06,0.12,0.366,99.889,4,2024-10-31,09:10:07
FR,Francia,EUROPA,3,76,7ifFhxRIvYbe4IuzIkY2Qi,Ca parle mal,https://open.spotify.com/track/7ifFhxRIvYbe4IuzIkY2Qi,176248,True,3hWQDRr1PqwvnHeiZlucBq,Bouss,90323,72,,5liaAwKXqnLAhpBconEDR6,Depuis le temps (Part. 2),album,2024-06-21,25,0.77,0.426,1,-8.242,1,0.513,0.436,0.0,0.0994,0.26,93.881,4,2024-10-31,09:10:07
FR,Francia,EUROPA,4,71,0yyFAbTlOk7DFhh6RSug9S,SOIS PAS TIMIDE,https://open.spotify.com/track/0yyFAbTlOk7DFhh6RSug9S,165978,False,0GOx72r5AAEKRGQFn3xqXK,GIMS,5017132,80,"french hip hop,pop urbaine,r&b francais,rap conscient",55DUcp4pTvwD4VzUnWaXfw,LE NORD SE SOUVIENT,album,2024-09-13,7,0.917,0.658,1,-7.253,1,0.0933,0.0896,9.78e-06,0.0733,0.795,127.936,4,2024-10-31,09:10:08
FR,Francia,EUROPA,5,76,2tT8SYE7NnNDKbBsHWPIDY,Monaco,https://open.spotify.com/track/2tT8SYE7NnNDKbBsHWPIDY,141314,True,07h4CCFmlXkwx0g4PL5Uuh,Guy2Bezbar,505666,67,"french hip hop,pop urbaine,rap francais",66RMOoAVg0WDEs9hmv48ZT,Monaco,single,2024-07-11,1,0.703,0.7,11,-6.185,0,0.0763,0.105,0.0,0.105,0.637,123.059,4,2024-10-31,09:10:09
FR,Francia,EUROPA,6,69,4mNttG8qiVh4BKrMUrUhCI,Minimum ça,https://open.spotify.com/track/4mNttG8qiVh4BKrMUrUhCI,149811,False,0C1YfsZSxVHgL0Z8bngOTM,Dr. Yaro,13896,59,,60rg9NAmtNCkIcculZeX5n,Minimum ça,single,2024-08-09,1,0.748,0.733,3,-3.688,0,0.0587,0.665,0.0,0.0733,0.967,115.016,4,2024-10-31,09:10:10
FR,Francia,EUROPA,7,70,5NWpquAje6NyvxD57oXNu6,SPIDER,https://open.spotify.com/track/5NWpquAje6NyvxD57oXNu6,188818,False,0GOx72r5AAEKRGQFn3xqXK,GIMS,5017132,80,"french hip hop,pop urbaine,r&b francais,rap conscient",55DUcp4pTvwD4VzUnWaXfw,LE NORD SE SOUVIENT,album,2024-09-13,7,0.823,0.691,9,-7.322,0,0.197,0.0774,1.73e-06,0.1,0.707,119.96,4,2024-10-31,09:10:11
FR,Francia,EUROPA,8,76,6IcsbETuviVu6UTiBTcxY4,Imagine,https://open.spotify.com/track/6IcsbETuviVu6UTiBTcxY4,165775,False,2t0frJEIdex2PTwuLlGxDD,Carbonne,160789,65,,3jI55EoABEJ0qbxHJ7OvQ6,Imagine,single,2024-05-03,1,0.788,0.627,0,-9.072,0,0.0751,0.693,0.0,0.232,0.909,118.093,4,2024-10-31,09:10:12
FR,Francia,EUROPA,9,70,6C0SXfD7rR46MpWK5VJSEw,MANON B,https://open.spotify.com/track/6C0SXfD7rR46MpWK5VJSEw,169846,True,3vUMXQ9kPnZAQkMkZZ7Hfh,Tiakola,2407204,79,"french hip hop,pop urbaine",7bwHY8zkw9nqxxw1WIQ7Qa,BDLM VOL.1,album,2024-09-20,17,0.872,0.708,10,-7.472,1,0.176,0.336,0.0,0.0998,0.308,130.081,4,2024-10-31,09:10:12
FR,Francia,EUROPA,10,61,6hKkzk8UlVUj9ioPCyeH1O,Sous la lune,https://open.spotify.com/track/6hKkzk8UlVUj9ioPCyeH1O,171000,True,3IW7ScrzXmPvZhB27hmfgy,Jul,10483008,82,"french hip hop,pop urbaine,rap marseille",2GLuHlc49dJKY8yzxUZb8p,Rien 100 Rien,album,2019-06-28,25,0.939,0.812,2,-6.053,0,0.0751,0.456,0.00028,0.0718,0.891,119.993,4,2024-10-31,09:10:13
FR,Francia,EUROPA,11,61,5Cs4kQRpfYgcBMFsvezdbZ,Coco,https://open.spotify.com/track/5Cs4kQRpfYgcBMFsvezdbZ,148656,True,6Te49r3A6f5BiIgBRxH7FH,Ninho,10421387,81,"french hip hop,pop urbaine",1xqzmgR6M6YqCKS7htHEiJ,GOAT,album,2024-10-25,15,0.78,0.772,4,-5.821,0,0.239,0.211,0.0,0.106,0.687,110.914,4,2024-10-31,09:10:14
FR,Francia,EUROPA,12,100,2plbrEY59IikOBgBGLjaoe,Die With A Smile,https://open.spotify.com/track/2plbrEY59IikOBgBGLjaoe,251667,False,1HY2Jd0NmPuamShAr6KMms,Lady Gaga,32416547,92,"art pop,dance pop,pop",10FLjwfpbxLmW8c25Xyc2N,Die With A Smile,single,2024-08-16,1,0.521,0.592,6,-7.777,0,0.0304,0.308,0.0,0.122,0.535,157.969,3,2024-10-31,09:10:15
FR,Francia,EUROPA,13,64,5SLs7GOdSvWhbxxJkTqf2u,Collabo,https://open.spotify.com/track/5SLs7GOdSvWhbxxJkTqf2u,174153,True,6Te49r3A6f5BiIgBRxH7FH,Ninho,10421387,81,"french hip hop,pop urbaine",1xqzmgR6M6YqCKS7htHEiJ,GOAT,album,2024-10-25,15,0.815,0.497,5,-8.224,0,0.147,0.489,0.0,0.0533,0.52,136.938,4,2024-10-31,09:10:16
FR,Francia,EUROPA,14,74,1HQQbaepsGB5uyTAGmSZxj,CRF - Nouvelle École,https://open.spotify.com/track/1HQQbaepsGB5uyTAGmSZxj,129153,False,4v3iE7RK6SOyplsSQxZsjc,Yorssy,127209,66,,0hT60Uhrzopbw39A49tYs6,Nouvelle École | Saison 3 | Partie 1 (Série Netflix),single,2024-07-05,5,0.629,0.51,10,-8.682,0,0.0992,0.0579,0.0,0.311,0.404,120.89,4,2024-10-31,09:10:16
FR,Francia,EUROPA,15,72,6JCjcuo4VKAP4bHhbHj6fe,PONA NINI,https://open.spotify.com/track/6JCjcuo4VKAP4bHhbHj6fe,246978,True,3vUMXQ9kPnZAQkMkZZ7Hfh,Tiakola,2407204,79,"french hip hop,pop urbaine",7bwHY8zkw9nqxxw1WIQ7Qa,BDLM VOL.1,album,2024-09-20,17,0.772,0.569,6,-7.006,0,0.062,0.235,0.0,0.117,0.525,115.03,4,2024-10-31,09:10:17
FR,Francia,EUROPA,16,68,2miptNhVu6KAZk5aaSUB3Y,La famine,https://open.spotify.com/track/2miptNhVu6KAZk5aaSUB3Y,189569,True,3YBJLs7RqR0aPGBgU27nDh,Werenoi,1510775,79,"french hip hop,pop urbaine",3Q0XRPlQJrYTPpbGz5LSvA,Pyramide 2,album,2024-10-18,31,0.785,0.657,10,-7.151,0,0.227,0.267,2.01e-05,0.121,0.328,132.317,4,2024-10-31,09:10:18
FR,Francia,EUROPA,17,72,2ynH9ETEo4OgLxNLJrcMKP,I'M SORRY,https://open.spotify.com/track/2ynH9ETEo4OgLxNLJrcMKP,152571,True,78iJ2FMbYAFY3djO4PbWZi,La Mano 1.9,113086,68,,2h3yOY17ak9LUJs57SPdn6,I'M SORRY,single,2024-09-25,1,0.723,0.712,3,-5.375,0,0.192,0.0859,0.0,0.0878,0.413,140.09,4,2024-10-31,09:10:19
FR,Francia,EUROPA,18,66,4kmGM0IbzDPr2rT1nehI1r,Malya,https://open.spotify.com/track/4kmGM0IbzDPr2rT1nehI1r,192182,True,1AFQg3CpeciNbd120XZDmi,AMK,68200,65,,4HAWT9gg8vtNDnbi9kzb02,15,album,2022-05-27,15,0.8,0.462,2,-9.53,1,0.209,0.344,0.0,0.13,0.509,95.048,4,2024-10-31,09:10:19
FR,Francia,EUROPA,19,72,71vWRlfHefIMtoDnUPtXcf,Vanilla,https://open.spotify.com/track/71vWRlfHefIMtoDnUPtXcf,187810,True,3Cz37xnWAOtQEa5jfrTUbL,VEN1,114747,66,,7CEAbEtewQUsHHRbGsuIvL,Vanilla,single,2024-08-30,1,0.717,0.626,10,-4.373,0,0.0777,0.81,0.0,0.103,0.723,138.032,4,2024-10-31,09:10:20
FR,Francia,EUROPA,20,60,3Byu179ofnuChb4zF1fMhu,Pétunias,https://open.spotify.com/track/3Byu179ofnuChb4zF1fMhu,210247,True,3YBJLs7RqR0aPGBgU27nDh,Werenoi,1510775,79,"french hip hop,pop urbaine",1g5NH7uMyGKDHL9DxMDLdS,Pyramide,album,2024-02-16,18,0.722,0.545,11,-6.346,0,0.0343,0.429,0.0,0.101,0.374,121.048,4,2024-10-31,09:10:21
FR,Francia,EUROPA,21,65,0gyfvkV9v7FrgiSp1mGelq,Jungle,https://open.spotify.com/track/0gyfvkV9v7FrgiSp1mGelq,181460,True,6Te49r3A6f5BiIgBRxH7FH,Ninho,10421387,81,"french hip hop,pop urbaine",1xqzmgR6M6YqCKS7htHEiJ,GOAT,album,2024-10-25,15,0.748,0.682,4,-7.137,0,0.299,0.464,0.0,0.496,0.701,146.097,4,2024-10-31,09:10:22
FR,Francia,EUROPA,22,73,2PYMw8P6kuCHqhltz47XMr,Bah Ouais - Nouvelle École,https://open.spotify.com/track/2PYMw8P6kuCHqhltz47XMr,201951,False,2YRHC9O0GHvyHY38yFP434,Dadi,112651,63,,44DbOJw5YJTV9iBM1vsh7F,Nouvelle École | Saison 3 | La Finale (Série Netflix),single,2024-07-22,3,0.836,0.591,6,-7.162,1,0.0809,0.389,0.0,0.161,0.461,128.034,4,2024-10-31,09:10:23
FR,Francia,EUROPA,23,74,6jElwivDtkQUv9QFGrdN26,Boucan (feat. Franglish),https://open.spotify.com/track/6jElwivDtkQUv9QFGrdN26,171216,True,7x3eTVPlBiPjXHn3qotY86,KeBlack,1467906,69,"french hip hop,pop urbaine,r&b francais",6SHZjDJD8769qn7l5kGp4r,Boucan (feat. Franglish),single,2024-04-25,1,0.709,0.736,1,-6.297,1,0.186,0.534,0.0,0.678,0.659,127.851,4,2024-10-31,09:10:23
FR,Francia,EUROPA,24,64,7dzuYJwwtNnfcptmbD58aJ,4 Kampé,https://open.spotify.com/track/7dzuYJwwtNnfcptmbD58aJ,214971,False,26zgIfFyTCImkHAp5gwKW8,Joé Dwèt Filé,695815,63,r&b francais,7ns1gjXstFSrBTFe81id88,4 Kampé,single,2024-10-25,1,0.498,0.734,3,-7.257,0,0.289,0.673,0.0,0.0793,0.821,183.798,4,2024-10-31,09:10:24
FR,Francia,EUROPA,25,72,1edPU5OOn4YCWn9lR0nesC,Passe ton chemin,https://open.spotify.com/track/1edPU5OOn4YCWn9lR0nesC,169256,False,2GlEiSHYEKlq9cUYDa9oZb,Lynda,758458,63,r&b francais,4oZy6v3nyTXCE2pX4Vv8m0,Passe ton chemin,single,2024-06-14,1,0.876,0.593,4,-4.169,0,0.388,0.112,0.0,0.0774,0.484,128.017,4,2024-10-31,09:10:25
FR,Francia,EUROPA,26,87,5496lks6V3fh1mZAB6IAap,Alibi (with Pabllo Vittar & Yseult),https://open.spotify.com/track/5496lks6V3fh1mZAB6IAap,161655,False,5MraexJKZDrQYzS98kNwie,Sevdaliza,721310,77,"alternative r&b,persian electronic",2m0euKZUDcoyEXHIS5MFCq,Alibi (with Pabllo Vittar & Yseult),single,2024-06-28,1,0.741,0.754,11,-5.412,0,0.0327,0.00526,8.21e-06,0.125,0.717,126.98,4,2024-10-31,09:10:26
FR,Francia,EUROPA,27,71,6P3HLPsc5pWu3sZYxL0S9N,Recommence-moi,https://open.spotify.com/track/6P3HLPsc5pWu3sZYxL0S9N,196334,False,5Vf6gyVzfo8TnzrPRBg3qo,SANTA,121339,62,french pop,30M4RbTzpc2lH3OdSwJTgu,RECOMMENCE-MOI,album,2024-05-24,11,0.74,0.803,7,-4.003,1,0.0428,0.146,2.27e-06,0.0435,0.24,106.974,4,2024-10-31,09:10:27
FR,Francia,EUROPA,28,73,3PyRt7gpih7EPvV0fMWEom,Hakayet,https://open.spotify.com/track/3PyRt7gpih7EPvV0fMWEom,158208,True,3Cz37xnWAOtQEa5jfrTUbL,VEN1,114747,66,,2p3ns7RThAsCEkBf6Py5cO,Hakayet,single,2023-11-20,1,0.775,0.554,3,-8.449,0,0.0508,0.673,8.46e-06,0.11,0.377,138.997,4,2024-10-31,09:10:28
FR,Francia,EUROPA,29,95,5vNRhkKd0yEAg8suGBpjeY,APT.,https://open.spotify.com/track/5vNRhkKd0yEAg8suGBpjeY,169917,False,3eVa5w3URK5duf6eyVDbu9,ROSÉ,7632823,82,k-pop,2IYQwwgxgOIn7t3iF6ufFD,APT.,single,2024-10-18,1,0.777,0.783,0,-4.477,0,0.26,0.0283,0.0,0.355,0.939,149.027,4,2024-10-31,09:10:28
FR,Francia,EUROPA,30,65,0EDAdelJuVt815AlBn4HCF,Boucherie,https://open.spotify.com/track/0EDAdelJuVt815AlBn4HCF,205045,True,6Te49r3A6f5BiIgBRxH7FH,Ninho,10421387,81,"french hip hop,pop urbaine",1xqzmgR6M6YqCKS7htHEiJ,GOAT,album,2024-10-25,15,0.809,0.651,2,-5.863,1,0.379,0.303,0.0,0.095,0.545,135.021,4,2024-10-31,09:10:29
FR,Francia,EUROPA,31,97,6dOtVTDdiauQNBQEDOtlAB,BIRDS OF A FEATHER,https://open.spotify.com/track/6dOtVTDdiauQNBQEDOtlAB,210373,False,6qqNVTkY8uBg9cP3Jd7DAH,Billie Eilish,101433183,96,"art pop,pop",7aJuG4TFXa2hmE4z1yxc3n,HIT ME HARD AND SOFT,album,2024-05-17,10,0.747,0.507,2,-10.171,1,0.0358,0.2,0.0608,0.117,0.438,104.978,4,2024-10-31,09:10:30
FR,Francia,EUROPA,32,94,6WatFBLVB0x077xWeoVc2k,Si Antes Te Hubiera Conocido,https://open.spotify.com/track/6WatFBLVB0x077xWeoVc2k,195824,False,790FomKkXshlbRYZFtlgla,KAROL G,51524480,91,"reggaeton,reggaeton colombiano,urbano latino",5ylbxH7EqpsmHZCRuiYewS,Si Antes Te Hubiera Conocido,single,2024-06-21,1,0.924,0.668,11,-6.795,1,0.0469,0.446,0.000594,0.0678,0.787,128.027,4,2024-10-31,09:10:31
FR,Francia,EUROPA,33,73,3KZN01EuBoqh04jyGXpnxr,Aucune attache,https://open.spotify.com/track/3KZN01EuBoqh04jyGXpnxr,161977,False,7x3eTVPlBiPjXHn3qotY86,KeBlack,1467906,69,"french hip hop,pop urbaine,r&b francais",2u9Mg8knLxFwiEsALkFslI,Aucune attache,single,2024-02-02,1,0.828,0.706,2,-6.493,0,0.278,0.44,0.000255,0.161,0.585,92.983,3,2024-10-31,09:10:31
FR,Francia,EUROPA,34,71,1IPHJxo4Y20Rki9beIP1bN,TOKA,https://open.spotify.com/track/1IPHJxo4Y20Rki9beIP1bN,175901,True,0LKAV3zJ8a8AIGnyc5OvfB,SDM,1333635,81,"french hip hop,pop urbaine,r&b francais",22NwdsP47PnWsA58u3z7S9,A LA VIE A LA MORT,album,2024-09-26,14,0.738,0.858,5,-5.818,0,0.044,0.0922,5.74e-06,0.107,0.645,108.03,3,2024-10-31,09:10:32
FR,Francia,EUROPA,35,74,2KejCKgm7l3uefW9cFt8cH,Nightcall,https://open.spotify.com/track/2KejCKgm7l3uefW9cFt8cH,179306,False,0UF7XLthtbSF2Eur7559oV,Kavinsky,965313,67,filter house,05OLq8nG4L5WYZXTfXVYM7,Nightcall,single,2024-09-20,1,0.567,0.785,9,-5.512,0,0.0256,0.000175,0.00353,0.396,0.312,97.017,4,2024-10-31,09:10:33
FR,Francia,EUROPA,36,71,2PWJx5FwMrMVEaTjwYait1,FLASHBACK,https://open.spotify.com/track/2PWJx5FwMrMVEaTjwYait1,176120,True,20JMfmzDb5cjHxEoMXXMyY,Favé,698025,67,"drill francais,pop urbaine,rap francais",33Hs5QPrPlpiDEWKhNfX2S,IL LE FALLAIT,album,2023-10-13,15,0.762,0.564,6,-6.934,0,0.088,0.39,0.0,0.0654,0.744,141.938,4,2024-10-31,09:10:34
FR,Francia,EUROPA,37,69,15vGti1ooNZFlDUdlLukX6,Dolce Camara,https://open.spotify.com/track/15vGti1ooNZFlDUdlLukX6,178401,True,58wXmynHaAWI5hwlPZP3qL,Booba,3149766,73,"french hip hop,old school rap francais,pop urbaine,rap conscient",5nAPqNlNOBzQjLv3JK5zxM,AD VITAM ÆTERNAM,album,2024-02-08,10,0.785,0.692,1,-5.756,0,0.339,0.406,0.0,0.0559,0.649,112.035,4,2024-10-31,09:10:35
FR,Francia,EUROPA,38,63,4ikvK0etm3r2KgL9w32xMz,Ghetto Star,https://open.spotify.com/track/4ikvK0etm3r2KgL9w32xMz,168629,True,6Te49r3A6f5BiIgBRxH7FH,Ninho,10421387,81,"french hip hop,pop urbaine",1xqzmgR6M6YqCKS7htHEiJ,GOAT,album,2024-10-25,15,0.772,0.826,8,-4.694,1,0.455,0.181,0.0,0.124,0.806,139.934,4,2024-10-31,09:10:36
FR,Francia,EUROPA,39,55,2U4VauYsjUlDadH1bx0PBb,No lo sé,https://open.spotify.com/track/2U4VauYsjUlDadH1bx0PBb,165813,True,7DUTsWY3RBd64vh8UtgtYA,Lacrim,2593375,72,"arabic hip hop,french hip hop,pop urbaine",0PiKFwhGs9zPnojBJAIcc4,VENI VIDI VICI,album,2024-07-05,22,0.771,0.715,4,-7.083,0,0.132,0.311,0.000356,0.303,0.4,125.048,4,2024-10-31,09:10:36
FR,Francia,EUROPA,40,65,2lftd3hyoAZ0DdxwyUqBw5,Où aller,https://open.spotify.com/track/7jyKYXZGo4S8IQy3SrEyhD,235746,False,0GOx72r5AAEKRGQFn3xqXK,GIMS,5017132,80,"french hip hop,pop urbaine,r&b francais,rap conscient",1M6fzuQYFey2QmayH1Mb13,Ceinture noire,album,2018-03-23,40,0.676,0.776,5,-5.413,0,0.0486,0.741,3.73e-06,0.096,0.844,104.006,4,2024-10-31,09:10:37
FR,Francia,EUROPA,41,73,3KmGOpeFaltoCpzRAyrZJg,J’crois qu’ils ont pas compris,https://open.spotify.com/track/3KmGOpeFaltoCpzRAyrZJg,130000,True,6HCBnyTBSLdb3TFn2ayulY,Leto,1171217,69,"french hip hop,pop urbaine,rap francais",05YqDGZ0w5GCfvLb7TMoKT,Capitaine fait de l'art,album,2024-07-19,12,0.904,0.651,0,-6.881,0,0.219,0.117,3.76e-06,0.0806,0.791,119.966,4,2024-10-31,09:10:38
FR,Francia,EUROPA,42,72,7wOgZ1otoKYDvKyQKP1sNZ,Laboratoire,https://open.spotify.com/track/7wOgZ1otoKYDvKyQKP1sNZ,162840,True,3YBJLs7RqR0aPGBgU27nDh,Werenoi,1510775,79,"french hip hop,pop urbaine",7kUEtGrWj083U6ppOmGAeQ,Carré,album,2023-03-09,18,0.801,0.604,5,-6.525,0,0.21,0.463,0.00378,0.111,0.534,125.008,4,2024-10-31,09:10:39
FR,Francia,EUROPA,43,78,2esZG2XFtuoWWA9AfDvSxy,Gata Only,https://open.spotify.com/track/2esZG2XFtuoWWA9AfDvSxy,222000,True,7CvTknweLr9feJtRGrpDBy,FloyyMenor,1048311,84,reggaeton chileno,6MikZBKCtKfPM4439yzBRz,EL COMIENZO,album,2024-08-09,7,0.794,0.5,8,-8.454,0,0.049,0.438,3e-05,0.0905,0.659,99.985,4,2024-10-31,09:10:40
FR,Francia,EUROPA,44,63,7oLwILcYNPTNbmb4mJOGCE,Guitare,https://open.spotify.com/track/7oLwILcYNPTNbmb4mJOGCE,188326,True,6Te49r3A6f5BiIgBRxH7FH,Ninho,10421387,81,"french hip hop,pop urbaine",1xqzmgR6M6YqCKS7htHEiJ,GOAT,album,2024-10-25,15,0.624,0.733,2,-5.38,0,0.354,0.14,0.0,0.127,0.623,100.918,3,2024-10-31,09:10:41
FR,Francia,EUROPA,45,66,4OMLC6CWEqwCvfv289QNlw,C63,https://open.spotify.com/track/4OMLC6CWEqwCvfv289QNlw,209000,True,3YBJLs7RqR0aPGBgU27nDh,Werenoi,1510775,79,"french hip hop,pop urbaine",3Q0XRPlQJrYTPpbGz5LSvA,Pyramide 2,album,2024-10-18,31,0.643,0.706,7,-5.533,0,0.297,0.399,0.0,0.118,0.579,179.877,3,2024-10-31,09:10:41
FR,Francia,EUROPA,46,63,5emqWk3rC2dm20H2W4DI3e,Malsain,https://open.spotify.com/track/5emqWk3rC2dm20H2W4DI3e,207008,True,6Te49r3A6f5BiIgBRxH7FH,Ninho,10421387,81,"french hip hop,pop urbaine",1xqzmgR6M6YqCKS7htHEiJ,GOAT,album,2024-10-25,15,0.851,0.584,3,-8.106,0,0.313,0.523,1.17e-06,0.108,0.568,124.087,4,2024-10-31,09:10:42
FR,Francia,EUROPA,47,62,0rWKdhSlW2U0EBj2lxqlar,Waribana,https://open.spotify.com/track/0rWKdhSlW2U0EBj2lxqlar,174415,True,6Te49r3A6f5BiIgBRxH7FH,Ninho,10421387,81,"french hip hop,pop urbaine",1xqzmgR6M6YqCKS7htHEiJ,GOAT,album,2024-10-25,15,0.557,0.689,8,-6.903,1,0.402,0.0861,0.0,0.116,0.681,124.877,4,2024-10-31,09:10:43
FR,Francia,EUROPA,48,70,7EMzOyDT87Uq9Hi08Mxe31,Wayeh,https://open.spotify.com/track/7EMzOyDT87Uq9Hi08Mxe31,148786,False,6q87j1F6EtUxjlvkJNknFp,THEODORT,184154,61,,2JQGzY8aNTwefM5JBoL5M7,Imad,album,2024-05-24,15,0.766,0.677,8,-6.434,0,0.0384,0.152,0.00214,0.203,0.55,104.981,4,2024-10-31,09:10:44
FR,Francia,EUROPA,49,88,2HRqTpkrJO5ggZyyK6NPWz,Espresso,https://open.spotify.com/track/2HRqTpkrJO5ggZyyK6NPWz,175459,True,74KM79TiuVKeVCqs8QtB0B,Sabrina Carpenter,14260468,95,pop,3iPSVi54hsacKKl1xIR2eH,Short n' Sweet,album,2024-08-23,12,0.699,0.776,0,-5.282,1,0.0293,0.131,5.36e-06,0.205,0.708,103.963,4,2024-10-31,09:10:44
FR,Francia,EUROPA,50,71,0saCzF4CuH4ru3PrGDM2UV,METALLICA,https://open.spotify.com/track/0saCzF4CuH4ru3PrGDM2UV,201912,True,0LKAV3zJ8a8AIGnyc5OvfB,SDM,1333635,81,"french hip hop,pop urbaine,r&b francais",22NwdsP47PnWsA58u3z7S9,A LA VIE A LA MORT,album,2024-09-26,14,0.691,0.691,5,-7.313,0,0.0624,0.138,0.0,0.229,0.632,119.998,4,2024-10-31,09:10:45
IT,Italia,EUROPA,1,59,5nFyfjGy6AMZqkW0OMUWJJ,Per due come noi,https://open.spotify.com/track/5nFyfjGy6AMZqkW0OMUWJJ,212853,False,25u1DN0MwQVSav4XoJS7hl,Olly,94847,71,"italian pop,pop virale italiano,rap genovese",4QpLnSupGsuYYJYYoj29Q7,TUTTA VITA,album,2024-10-25,12,0.584,0.616,10,-6.663,1,0.0764,0.462,0.0,0.0916,0.49,97.035,4,2024-10-31,09:10:46
IT,Italia,EUROPA,2,71,3yFgWoossjlaJ919XDCG4C,MI PIACCIONO LE ARMI,https://open.spotify.com/track/3yFgWoossjlaJ919XDCG4C,129655,True,2PEMswqQspTSsAltdeF5kO,Simba La Rue,759100,75,"drill italiana,italian hip hop",5fPfDmHygWKgDwknMkKoVo,ESCI DAL TUNNEL,album,2024-10-18,26,0.603,0.6,1,-5.875,1,0.26,0.00539,0.0,0.089,0.707,86.168,4,2024-10-31,09:10:47
IT,Italia,EUROPA,3,60,1QcmAp6Ev2HuYxKujUwnw0,il filo rosso,https://open.spotify.com/track/1QcmAp6Ev2HuYxKujUwnw0,187403,False,7GacyaFUp0qkEJglERX9N7,Alfa,792630,66,pop virale italiano,1aiCFo4xwwYp9J7qHOy1Mb,Non so chi ha creato il mondo ma so che era innamorato,album,2024-02-16,11,0.496,0.65,4,-6.109,1,0.0558,0.0846,0.0,0.424,0.542,169.918,3,2024-10-31,09:10:48
IT,Italia,EUROPA,4,65,5t0pLWfUeP5fYVxKaMB2MD,Donna,https://open.spotify.com/track/5t0pLWfUeP5fYVxKaMB2MD,179072,True,0EUR8jz8L936AEbV2Spkca,Kid Yugi,418122,77,italian hip hop,0yugiV59QadnQxtXExqjXb,Donna,single,2024-10-24,1,0.739,0.639,11,-6.821,0,0.294,0.225,0.0,0.101,0.685,80.988,4,2024-10-31,09:10:49
IT,Italia,EUROPA,5,64,7heTgNdtbRD4n0Vg8rGYXo,HEETS (feat. Geolier),https://open.spotify.com/track/7heTgNdtbRD4n0Vg8rGYXo,177545,False,3yGA8yyowtKVXgNIXguMfz,Lele Blade,384449,65,"italian hip hop,rap napoletano",6JWyzXSxNZzmJzBBAviLcR,CON I MIEI OCCHI,album,2024-10-25,16,0.717,0.672,0,-4.521,0,0.124,0.17,6.06e-06,0.126,0.456,110.097,4,2024-10-31,09:10:50
IT,Italia,EUROPA,6,76,7sj9VfVtmcEZBDbRAsVXWY,TT LE GIRLZ (feat. Niky Savage),https://open.spotify.com/track/7sj9VfVtmcEZBDbRAsVXWY,144210,True,7K80yOTC0Id95gRaOxDG5u,ANNA,1115593,77,"italian hip hop,italian pop",4KakTQXezMez5owYFuGAF2,VERA BADDIE,album,2024-06-27,18,0.84,0.677,5,-6.065,1,0.104,0.171,0.0,0.0951,0.603,114.013,4,2024-10-31,09:10:50
IT,Italia,EUROPA,7,72,1tse93p9ApWJtMGYRxCKNm,Ora che non ho più te,https://open.spotify.com/track/1tse93p9ApWJtMGYRxCKNm,303032,False,396Jr76018oUMR6QBnqT8T,Cesare Cremonini,1208176,68,"italian adult pop,italian pop",0GjC6blqcboQAQExPBF4kf,Ora che non ho più te,single,2024-09-23,1,0.736,0.587,5,-6.99,1,0.0353,0.195,0.0,0.0939,0.485,118.014,4,2024-10-31,09:10:51
IT,Italia,EUROPA,8,71,6OCnAtM8oa0JymErlTYXxG,1 MOMENTO (feat. ANNA),https://open.spotify.com/track/6OCnAtM8oa0JymErlTYXxG,176838,True,2pzFTbri7ew8mW2CbYpCNq,Astro,59718,60,italian hip hop,3MgibgQ9ES2OCG073TNXuG,ASTRO,album,2024-10-04,17,0.468,0.584,5,-7.343,1,0.108,0.25,0.0,0.271,0.296,90.327,4,2024-10-31,09:10:52
IT,Italia,EUROPA,9,72,4iD0Ohz6dx6ii0zTglaBMn,BUIO DAVANTI,https://open.spotify.com/track/4iD0Ohz6dx6ii0zTglaBMn,189642,True,0jdNdfi4vAuVi7a6cPDFBM,Lazza,2319130,80,"italian hip hop,italian pop,rap genovese,trap italiana",0wYy8LTZuhiAyvchPppHPj,LOCURA,album,2024-09-19,18,0.699,0.752,6,-5.777,0,0.0538,0.0406,0.0,0.13,0.331,125.969,4,2024-10-31,09:10:53
IT,Italia,EUROPA,10,94,6WatFBLVB0x077xWeoVc2k,Si Antes Te Hubiera Conocido,https://open.spotify.com/track/6WatFBLVB0x077xWeoVc2k,195824,False,790FomKkXshlbRYZFtlgla,KAROL G,51524480,91,"reggaeton,reggaeton colombiano,urbano latino",5ylbxH7EqpsmHZCRuiYewS,Si Antes Te Hubiera Conocido,single,2024-06-21,1,0.924,0.668,11,-6.795,1,0.0469,0.446,0.000594,0.0678,0.787,128.027,4,2024-10-31,09:10:54
IT,Italia,EUROPA,11,56,1ej2NcW0CHnscPp1RZpr1V,Devastante,https://open.spotify.com/track/1ej2NcW0CHnscPp1RZpr1V,190122,False,25u1DN0MwQVSav4XoJS7hl,Olly,94847,71,"italian pop,pop virale italiano,rap genovese",4QpLnSupGsuYYJYYoj29Q7,TUTTA VITA,album,2024-10-25,12,0.668,0.549,3,-8.024,1,0.12,0.599,0.0,0.149,0.386,115.958,4,2024-10-31,09:10:55
IT,Italia,EUROPA,12,73,1nLGeFQuY7PFxrou3ezEvP,Rossetto e caffè,https://open.spotify.com/track/1nLGeFQuY7PFxrou3ezEvP,192989,False,7cdIY4mDfM1dbjgl7s2fGR,Sal Da Vinci,81174,61,canzone napoletana,0emUWUzKXXzwcJdStSQdIM,Rossetto e caffè,single,2024-06-14,1,0.63,0.792,5,-6.72,0,0.0432,0.0356,0.0,0.117,0.357,96.013,4,2024-10-31,09:10:55
IT,Italia,EUROPA,13,72,0mEyPi2ya8h8632gp9XmmQ,"Entro nel posto (feat. Tony Boy, Kid Yugi & Capo Plaza)",https://open.spotify.com/track/0mEyPi2ya8h8632gp9XmmQ,179545,True,2E6AK3UPEGCvjnzuygCh2h,Night Skinny,252663,76,"italian hip hop,rap siciliano,trap italiana",4gjJj6UCG1hitjAk1CdgDc,Containers,album,2024-10-10,18,0.793,0.654,7,-6.148,1,0.0821,0.232,0.0,0.189,0.23,98.999,4,2024-10-31,09:10:56
IT,Italia,EUROPA,14,70,2gI2IA7QGtzKZKuahon3W1,Amore Disperato,https://open.spotify.com/track/2gI2IA7QGtzKZKuahon3W1,188918,False,0lI3rF4hi4op6UxqlLHPzv,Achille Lauro,971441,65,"italian adult pop,italian hip hop,italian pop",7s4bIAU9FK0rMuTFec2924,Amore Disperato,single,2024-09-20,1,0.459,0.548,7,-7.113,0,0.0342,0.15,0.0,0.299,0.389,75.061,4,2024-10-31,09:10:57
IT,Italia,EUROPA,15,73,1IkzT4wzFJRbFOmKOSqTen,EPISODIO D'AMORE,https://open.spotify.com/track/1IkzT4wzFJRbFOmKOSqTen,196613,False,27LlKWxS3KXW7RRAxN5S8s,Geolier,2642151,79,"italian hip hop,italian pop,rap napoletano,trap italiana",1bdXMUERNI9dwREDryk6C7,DIO LO SA,album,2024-06-07,21,0.439,0.6,9,-8.157,0,0.298,0.397,0.0,0.18,0.649,81.889,4,2024-10-31,09:10:58
IT,Italia,EUROPA,16,70,1CJNj8Qnpoz6lyil9EgqfE,SPENDERE (feat. Simba La Rue),https://open.spotify.com/track/1CJNj8Qnpoz6lyil9EgqfE,124675,True,2pzFTbri7ew8mW2CbYpCNq,Astro,59718,60,italian hip hop,3MgibgQ9ES2OCG073TNXuG,ASTRO,album,2024-10-04,17,0.747,0.587,9,-5.279,1,0.0462,0.00886,0.002,0.0822,0.332,153.983,4,2024-10-31,09:10:59
IT,Italia,EUROPA,17,74,2ceJa7d62wQ3eRBK589ALG,Gotham (feat. Kid Yugi),https://open.spotify.com/track/2ceJa7d62wQ3eRBK589ALG,207346,False,2K5nCggbhSZ00YCYP5qkZS,Shiva,2332331,78,"italian hip hop,italian pop,trap italiana",1moDP6neOAWuwU9YylMeOL,Milano Angels,album,2024-09-06,18,0.558,0.809,5,-3.474,0,0.374,0.155,0.0,0.348,0.764,95.601,4,2024-10-31,09:10:59
IT,Italia,EUROPA,18,73,5lTTuESHokJHpSsEvvSR64,Romantico Ma Muori,https://open.spotify.com/track/5lTTuESHokJHpSsEvvSR64,166330,False,6RdcIWVKYYzNzjQRd3oyHS,Pinguini Tattici Nucleari,1968014,70,"bergamo indie,italian indie pop,italian pop,milan indie",0js12ciEGYY4tTcCLKgwwY,Romantico Ma Muori,single,2024-09-13,1,0.675,0.652,9,-5.853,1,0.0634,0.354,0.0,0.285,0.776,81.95,4,2024-10-31,09:11:00
IT,Italia,EUROPA,19,62,75Y6WgUldQN8mipAVLy8KJ,Quei ricordi là,https://open.spotify.com/track/75Y6WgUldQN8mipAVLy8KJ,180856,False,25u1DN0MwQVSav4XoJS7hl,Olly,94847,71,"italian pop,pop virale italiano,rap genovese",4QpLnSupGsuYYJYYoj29Q7,TUTTA VITA,album,2024-10-25,12,0.547,0.701,7,-7.09,1,0.106,0.365,0.0,0.208,0.453,81.988,4,2024-10-31,09:11:01
IT,Italia,EUROPA,20,75,4CNfC20TImtjdwN3dG0uCF,CANZONE D'ODIO (feat. Lil Baby),https://open.spotify.com/track/4CNfC20TImtjdwN3dG0uCF,162969,True,0jdNdfi4vAuVi7a6cPDFBM,Lazza,2319130,80,"italian hip hop,italian pop,rap genovese,trap italiana",0wYy8LTZuhiAyvchPppHPj,LOCURA,album,2024-09-19,18,0.697,0.735,10,-4.16,0,0.0497,0.172,0.0,0.099,0.403,99.827,3,2024-10-31,09:11:02
IT,Italia,EUROPA,21,60,4X4R6qsIicxIQIFbnDcJLO,Scarabocchi,https://open.spotify.com/track/4X4R6qsIicxIQIFbnDcJLO,180137,False,25u1DN0MwQVSav4XoJS7hl,Olly,94847,71,"italian pop,pop virale italiano,rap genovese",4QpLnSupGsuYYJYYoj29Q7,TUTTA VITA,album,2024-10-25,12,0.369,0.505,5,-8.783,1,0.129,0.51,0.0,0.154,0.569,179.501,3,2024-10-31,09:11:03
IT,Italia,EUROPA,22,60,5HWWpSsNnlc2Kyh5QLrq1W,RAGNI,https://open.spotify.com/track/5HWWpSsNnlc2Kyh5QLrq1W,210677,False,35V1WomiedCJeGfupcPm7s,Tananai,510790,69,"italian adult pop,italian pop",5Lxs0AM3WPdKzWxYhrYYgv,CALMOCOBRA,album,2024-10-17,12,0.454,0.534,1,-5.852,1,0.0425,0.484,0.0,0.291,0.361,176.934,3,2024-10-31,09:11:03
IT,Italia,EUROPA,23,69,19DHPlTC2gx1j4jrFzNbwL,30ºC,https://open.spotify.com/track/19DHPlTC2gx1j4jrFzNbwL,142615,True,7K80yOTC0Id95gRaOxDG5u,ANNA,1115593,77,"italian hip hop,italian pop",4KakTQXezMez5owYFuGAF2,VERA BADDIE,album,2024-06-27,18,0.718,0.732,11,-5.661,0,0.0479,0.0396,0.0,0.174,0.662,129.905,4,2024-10-31,09:11:04
IT,Italia,EUROPA,24,70,5JgTIfS7FfSE9tuebzX8HC,Tessera sanitaria (feat. Nerissima Serpe & Papa V),https://open.spotify.com/track/5JgTIfS7FfSE9tuebzX8HC,204668,True,2E6AK3UPEGCvjnzuygCh2h,Night Skinny,252663,76,"italian hip hop,rap siciliano,trap italiana",4gjJj6UCG1hitjAk1CdgDc,Containers,album,2024-10-10,18,0.513,0.822,1,-4.51,1,0.383,0.14,0.0,0.11,0.768,165.946,4,2024-10-31,09:11:05
IT,Italia,EUROPA,25,100,2plbrEY59IikOBgBGLjaoe,Die With A Smile,https://open.spotify.com/track/2plbrEY59IikOBgBGLjaoe,251667,False,1HY2Jd0NmPuamShAr6KMms,Lady Gaga,32416547,92,"art pop,dance pop,pop",10FLjwfpbxLmW8c25Xyc2N,Die With A Smile,single,2024-08-16,1,0.521,0.592,6,-7.777,0,0.0304,0.308,0.0,0.122,0.535,157.969,3,2024-10-31,09:11:06
IT,Italia,EUROPA,26,58,1yZIX0bRGjVH6CqyUW8Dkw,STORIE BREVI,https://open.spotify.com/track/1yZIX0bRGjVH6CqyUW8Dkw,175153,False,35V1WomiedCJeGfupcPm7s,Tananai,510790,69,"italian adult pop,italian pop",5Lxs0AM3WPdKzWxYhrYYgv,CALMOCOBRA,album,2024-10-17,12,0.833,0.671,7,-4.993,0,0.109,0.0638,0.0,0.102,0.934,129.991,4,2024-10-31,09:11:07
IT,Italia,EUROPA,27,67,1GVDt0vn0wJ1QemPfMEWTU,Niente Panico,https://open.spotify.com/track/1GVDt0vn0wJ1QemPfMEWTU,181373,False,3egWSWp7Y4FyCKIyvXbw7L,Ghali,3196883,71,"italian hip hop,italian pop,milan indie",1zjDLM4aRsRa4Z1TwkXr0d,Niente Panico,single,2024-10-11,1,0.654,0.766,1,-7.101,0,0.0413,0.539,0.0,0.107,0.454,92.016,4,2024-10-31,09:11:07
IT,Italia,EUROPA,28,71,3EJSUFQGUaTm4Km2Zri1Zp,HO VOGLIA DI TE,https://open.spotify.com/track/3EJSUFQGUaTm4Km2Zri1Zp,188785,False,4rj3KWaLAnuxgtMMkypZhf,JVLI,10202,71,italian pop,46WmEktGt3rjxtsOqXIWXj,HO VOGLIA DI TE,single,2024-06-14,1,0.639,0.882,11,-5.25,1,0.237,0.242,0.0,0.182,0.797,139.843,4,2024-10-31,09:11:08
IT,Italia,EUROPA,29,71,3zjwZqLebYTDvRS2RJH5Be,HELLO KITTY (feat. Sillyelly),https://open.spotify.com/track/3zjwZqLebYTDvRS2RJH5Be,149091,True,7K80yOTC0Id95gRaOxDG5u,ANNA,1115593,77,"italian hip hop,italian pop",4KakTQXezMez5owYFuGAF2,VERA BADDIE,album,2024-06-27,18,0.863,0.899,8,-1.884,1,0.0787,0.106,0.0,0.415,0.965,140.063,4,2024-10-31,09:11:09
IT,Italia,EUROPA,30,67,2ljA7TjCL9U0UO7P9alF0B,SESSO E SAMBA (feat. Gaia),https://open.spotify.com/track/2ljA7TjCL9U0UO7P9alF0B,167263,True,6CKch2otN4SPznHf9ms5JF,Tony Effe,852152,74,"italian hip hop,italian pop,trap italiana",3IGuXyMxlXEZJOvBwMu13c,ICON,album,2024-05-22,19,0.741,0.881,8,-3.498,1,0.0827,0.085,7.7e-06,0.493,0.111,107.984,4,2024-10-31,09:11:10
IT,Italia,EUROPA,31,63,5Tte5M4saQ25z2ZI83wgYU,NUN È OVER,https://open.spotify.com/track/5Tte5M4saQ25z2ZI83wgYU,117230,False,5Otk4eRecMMbC5YR4Iliou,Le-one,28097,59,,6eXM8mWrnuUOfgYlDXnGeV,NUN È OVER,single,2024-10-11,1,0.712,0.688,6,-6.398,0,0.265,0.429,0.0,0.285,0.682,129.849,4,2024-10-31,09:11:11
IT,Italia,EUROPA,32,71,5LDmD4cFF0C8BCf3tVvyBW,Beatrice (feat. Annalisa),https://open.spotify.com/track/5LDmD4cFF0C8BCf3tVvyBW,183500,False,1AgAVqo74e2q4FVvg0xpT7,Tedua,1851328,76,"indie liguria,italian hip hop,italian pop,rap genovese,trap italiana",21A98jXqZkeJNNv8fcFTaD,La Divina Commedia (Deluxe),album,2024-05-24,24,0.721,0.799,1,-8.016,1,0.106,0.25,6.78e-06,0.117,0.564,89.94,4,2024-10-31,09:11:12
IT,Italia,EUROPA,33,71,7kS2AVRk5Yj6BTj8PyJFfC,Paprika,https://open.spotify.com/track/7kS2AVRk5Yj6BTj8PyJFfC,148571,False,3egWSWp7Y4FyCKIyvXbw7L,Ghali,3196883,71,"italian hip hop,italian pop,milan indie",2y3nSOKzHqCC6CDk4juId6,Paprika,single,2024-05-10,1,0.819,0.828,7,-3.492,1,0.0626,0.12,1.55e-05,0.119,0.793,105.061,4,2024-10-31,09:11:12
IT,Italia,EUROPA,34,58,0U2mw5WWH5LmeqHl59uWUh,VRP,https://open.spotify.com/track/0U2mw5WWH5LmeqHl59uWUh,148148,True,2PEMswqQspTSsAltdeF5kO,Simba La Rue,759100,75,"drill italiana,italian hip hop",5fPfDmHygWKgDwknMkKoVo,ESCI DAL TUNNEL,album,2024-10-18,26,0.76,0.696,2,-4.239,1,0.253,0.0377,0.0,0.0954,0.696,161.891,4,2024-10-31,09:11:13
IT,Italia,EUROPA,35,69,0sZ7ORHX2NHuIQZjpX0Te4,"Solo Dio sa (feat. Tony Boy, anice, Geolier & Shiva)",https://open.spotify.com/track/0sZ7ORHX2NHuIQZjpX0Te4,210000,True,2E6AK3UPEGCvjnzuygCh2h,Night Skinny,252663,76,"italian hip hop,rap siciliano,trap italiana",4gjJj6UCG1hitjAk1CdgDc,Containers,album,2024-10-10,18,0.498,0.533,4,-7.003,0,0.339,0.141,0.0,0.0843,0.462,81.373,4,2024-10-31,09:11:14
IT,Italia,EUROPA,36,72,4ZRVI6xwgbjgW5SgJB468n,I LOVE IT (feat. Artie 5ive),https://open.spotify.com/track/4ZRVI6xwgbjgW5SgJB468n,191999,True,7K80yOTC0Id95gRaOxDG5u,ANNA,1115593,77,"italian hip hop,italian pop",4KakTQXezMez5owYFuGAF2,VERA BADDIE,album,2024-06-27,18,0.637,0.891,1,-3.479,1,0.0777,0.0942,0.0,0.589,0.482,95.044,4,2024-10-31,09:11:15
IT,Italia,EUROPA,37,69,1zp4TEQ9zaNGXTjY6fsz1p,Soldi Arrotolati (feat. ANNA),https://open.spotify.com/track/1zp4TEQ9zaNGXTjY6fsz1p,151515,True,5SulO4l40qDuV9zUGLZx7n,Capo Plaza,3898816,76,"italian hip hop,italian pop,trap italiana",4mLp42UXbXFTMhAM4V1Kgz,FERITE,album,2024-05-03,18,0.722,0.71,5,-4.973,0,0.274,0.0667,1.71e-05,0.0747,0.626,197.97,4,2024-10-31,09:11:16
IT,Italia,EUROPA,38,69,7KI9vyPycMZ0Noh51ylQ9W,"Nella trap (feat. Artie 5ive, Capo Plaza & Tony Effe)",https://open.spotify.com/track/7KI9vyPycMZ0Noh51ylQ9W,140869,True,2E6AK3UPEGCvjnzuygCh2h,Night Skinny,252663,76,"italian hip hop,rap siciliano,trap italiana",4gjJj6UCG1hitjAk1CdgDc,Containers,album,2024-10-10,18,0.665,0.652,8,-5.717,1,0.183,0.213,0.0,0.175,0.31,91.983,4,2024-10-31,09:11:16
IT,Italia,EUROPA,39,73,4kDi7X5sgqF0aM74aPBWSc,FENTANYL (feat. Sfera Ebbasta),https://open.spotify.com/track/4kDi7X5sgqF0aM74aPBWSc,188081,True,0jdNdfi4vAuVi7a6cPDFBM,Lazza,2319130,80,"italian hip hop,italian pop,rap genovese,trap italiana",0wYy8LTZuhiAyvchPppHPj,LOCURA,album,2024-09-19,18,0.636,0.656,6,-5.551,0,0.0777,0.164,0.0,0.181,0.194,87.441,4,2024-10-31,09:11:17
IT,Italia,EUROPA,40,83,1QoyuMHNBe7lg3YW4Qtll4,St. Chroma (feat. Daniel Caesar),https://open.spotify.com/track/1QoyuMHNBe7lg3YW4Qtll4,197019,True,4V8LLVI7PbaPR0K2TGSxFF,"Tyler, The Creator",17261006,92,"hip hop,rap",0U28P0QVB1QRxpqp5IHOlH,CHROMAKOPIA,album,2024-10-28,14,0.576,0.884,0,-5.058,1,0.555,0.357,0.0,0.368,0.373,150.45,4,2024-10-31,09:11:18
IT,Italia,EUROPA,41,70,3ppXueOTvYpYp7zQUbuIKh,Polvere (feat. Tony Boy),https://open.spotify.com/track/3ppXueOTvYpYp7zQUbuIKh,167921,False,2K5nCggbhSZ00YCYP5qkZS,Shiva,2332331,78,"italian hip hop,italian pop,trap italiana",1moDP6neOAWuwU9YylMeOL,Milano Angels,album,2024-09-06,18,0.735,0.685,9,-2.787,0,0.0553,0.115,0.0,0.106,0.496,130.039,4,2024-10-31,09:11:19
IT,Italia,EUROPA,42,65,7Isi6whc5DD6A5wH5nqyUw,RA TA TA,https://open.spotify.com/track/7Isi6whc5DD6A5wH5nqyUw,152383,False,06nvjg4wBANK6DCHjqtPNd,Mahmood,1494132,66,"italian adult pop,italian pop",1yUw0JvcsGuc6uo0s7nGi8,NEI LETTI DEGLI ALTRI,album,2024-03-07,14,0.886,0.609,9,-5.112,1,0.0708,0.367,0.00019,0.0848,0.656,106.992,4,2024-10-31,09:11:20
IT,Italia,EUROPA,43,66,1A1xTBtNnJ09JNINiLjdOK,ALTROVE,https://open.spotify.com/track/1A1xTBtNnJ09JNINiLjdOK,205354,False,3hN3iJMbbBmqBSAMx5veDa,Ultimo,3630087,71,"italian adult pop,italian pop",2VHpXm9h05eiyteYReWkK8,ALTROVE,album,2024-05-17,8,0.635,0.772,0,-4.322,1,0.0329,0.0397,0.0,0.124,0.679,114.984,4,2024-10-31,09:11:20
IT,Italia,EUROPA,44,69,4Y60H8heDsEpQ2hin2g6V5,Baby Mama,https://open.spotify.com/track/4Y60H8heDsEpQ2hin2g6V5,151160,True,2KLafS2cc489GVGuYm5aE2,Don Pero,111350,60,"drill italiana,italian hip hop,rap siciliano",3P40qeC2k4oGbF89ppRUJO,Baby Mama,single,2022-10-27,1,0.595,0.832,5,-5.331,0,0.0425,0.0345,0.0,0.149,0.243,90.475,4,2024-10-31,09:11:21
IT,Italia,EUROPA,45,84,42wdz3j7gstgUuhoFLCXqd,PELIGROSA,https://open.spotify.com/track/42wdz3j7gstgUuhoFLCXqd,134930,True,7CvTknweLr9feJtRGrpDBy,FloyyMenor,1048311,84,reggaeton chileno,6MikZBKCtKfPM4439yzBRz,EL COMIENZO,album,2024-08-09,7,0.763,0.519,6,-7.426,0,0.0636,0.22,6.42e-06,0.0816,0.804,100.025,4,2024-10-31,09:11:22
IT,Italia,EUROPA,46,71,0lXVWzLwDnKB7Ro5p0AJPg,COME UN TUONO (feat. Guè),https://open.spotify.com/track/0lXVWzLwDnKB7Ro5p0AJPg,175293,True,2aya6KuqjXEhHBqYKsTPLs,Rose Villain,300135,67,"italian hip hop,italian pop,milan indie",5MHSMa7gBXLoOGIPbNtOCo,RADIO SAKURA,album,2024-03-08,12,0.792,0.623,2,-4.613,1,0.0802,0.446,0.0,0.124,0.757,140.045,4,2024-10-31,09:11:23
IT,Italia,EUROPA,47,65,7drdP9n1QfwYFlAjMbix5i,GHETTO (feat. Baby Gang),https://open.spotify.com/track/7drdP9n1QfwYFlAjMbix5i,151926,True,2PEMswqQspTSsAltdeF5kO,Simba La Rue,759100,75,"drill italiana,italian hip hop",5fPfDmHygWKgDwknMkKoVo,ESCI DAL TUNNEL,album,2024-10-18,26,0.838,0.692,1,-7.099,1,0.427,0.0312,0.0,0.0478,0.649,108.987,4,2024-10-31,09:11:24
IT,Italia,EUROPA,48,69,0X4vgF6kbeFhfASKj0PXOd,ZERI IN PIÙ (LOCURA) (feat. Laura Pausini),https://open.spotify.com/track/0X4vgF6kbeFhfASKj0PXOd,247666,True,0jdNdfi4vAuVi7a6cPDFBM,Lazza,2319130,80,"italian hip hop,italian pop,rap genovese,trap italiana",0wYy8LTZuhiAyvchPppHPj,LOCURA,album,2024-09-19,18,0.656,0.759,4,-3.883,0,0.0481,0.011,0.0,0.476,0.125,90.008,4,2024-10-31,09:11:25
IT,Italia,EUROPA,49,57,0Okgqls9nKLzgnQGL9HGVL,40 GRADI,https://open.spotify.com/track/0Okgqls9nKLzgnQGL9HGVL,162406,True,2PEMswqQspTSsAltdeF5kO,Simba La Rue,759100,75,"drill italiana,italian hip hop",5fPfDmHygWKgDwknMkKoVo,ESCI DAL TUNNEL,album,2024-10-18,26,0.743,0.625,6,-5.809,1,0.171,0.0848,0.0,0.128,0.716,133.026,4,2024-10-31,09:11:25
IT,Italia,EUROPA,50,80,1YdtGoSYDvVQKoUqSDXX41,Noid,https://open.spotify.com/track/1YdtGoSYDvVQKoUqSDXX41,284363,True,4V8LLVI7PbaPR0K2TGSxFF,"Tyler, The Creator",17261006,92,"hip hop,rap",0U28P0QVB1QRxpqp5IHOlH,CHROMAKOPIA,album,2024-10-28,14,0.38,0.784,1,-6.004,1,0.299,0.523,0.000139,0.494,0.418,82.318,4,2024-10-31,09:11:26
DE,Alemania,EUROPA,1,90,2PnlsTsOTLE5jnBnNe2K0A,The Emptiness Machine,https://open.spotify.com/track/2PnlsTsOTLE5jnBnNe2K0A,190427,True,6XyY86QOPPrYVGvF9ch6wz,Linkin Park,27326633,92,"alternative metal,nu metal,post-grunge,rap metal,rock",6W0Gabv5f3ugnckc6YgfJQ,The Emptiness Machine,single,2024-09-05,1,0.466,0.872,7,-3.344,1,0.0336,0.0156,0.0,0.121,0.806,184.115,4,2024-10-31,09:11:28
DE,Alemania,EUROPA,2,68,2byoNXF9Y6qhIGBq33ATEm,It Girl (feat. Sampagne),https://open.spotify.com/track/2byoNXF9Y6qhIGBq33ATEm,143622,True,0JBdTCGs111JKKYfLqOEBa,Shirin David,943717,68,"frauenrap,german hip hop,german pop",3jc1H7VUFWvbnzyv4jGHko,It Girl (feat. Sampagne),single,2024-10-24,2,0.919,0.623,2,-5.312,0,0.101,0.0508,6.59e-06,0.0587,0.756,127.032,4,2024-10-31,09:11:28
DE,Alemania,EUROPA,3,77,5U8jvRKKzcc3XjBB2CNZaZ,LID,https://open.spotify.com/track/5U8jvRKKzcc3XjBB2CNZaZ,144516,True,7rBed6Ya7Hwa2fXbh5btJE,LACAZETTE,151212,73,,7KAE2VKLE6BMQIvhri7Ylf,LID,single,2024-09-27,1,0.732,0.767,1,-7.677,0,0.278,0.0667,0.0,0.316,0.569,92.572,4,2024-10-31,09:11:29
DE,Alemania,EUROPA,4,72,3SYHVGpbPQ8sPCRosoA9Wy,HDL,https://open.spotify.com/track/3SYHVGpbPQ8sPCRosoA9Wy,145624,True,7rBed6Ya7Hwa2fXbh5btJE,LACAZETTE,151212,73,,0CJkLIrSMUrnMKWhQP0PzN,HDL,single,2024-10-18,1,0.522,0.105,10,-23.388,0,0.0389,0.919,0.64,0.344,0.525,94.869,4,2024-10-31,09:11:30
DE,Alemania,EUROPA,5,75,77p59nG1oU5pzd20rPxBwC,PLAYBOYBUNNIES,https://open.spotify.com/track/77p59nG1oU5pzd20rPxBwC,147169,True,1E8mXBWN7AXZCOPYbOky4J,Jazeek,385071,72,german hip hop,4lDrSQvca6n6iTHqY60Px3,PLAYBOYBUNNIES,single,2024-10-04,1,0.829,0.539,11,-8.037,1,0.173,0.296,0.000173,0.105,0.578,106.035,4,2024-10-31,09:11:31
DE,Alemania,EUROPA,6,66,2wpId6tH11xC1bYCqkPY9j,früher sterben,https://open.spotify.com/track/2wpId6tH11xC1bYCqkPY9j,159017,True,1aS5tqEs9ci5P9KD9tZWa6,Bonez MC,2269416,76,"german hip hop,hamburg hip hop",3qhVNTz1VArZdav07Fx0bO,früher sterben,single,2024-10-24,6,0.655,0.562,7,-7.82,0,0.0385,0.35,0.347,0.143,0.174,92.013,4,2024-10-31,09:11:32
DE,Alemania,EUROPA,7,77,64f3yNXsi2Vk76odcHCOnw,Bauch Beine Po,https://open.spotify.com/track/64f3yNXsi2Vk76odcHCOnw,133932,True,0JBdTCGs111JKKYfLqOEBa,Shirin David,943717,68,"frauenrap,german hip hop,german pop",3iw71cw9PHemEFZ9HZewWW,Bauch Beine Po,single,2024-07-25,1,0.954,0.746,4,-6.113,0,0.0995,0.0272,0.00227,0.0892,0.886,123.969,4,2024-10-31,09:11:32
DE,Alemania,EUROPA,8,87,3fgehc497TFqKH1zBL2YNK,Heavy Is the Crown,https://open.spotify.com/track/3fgehc497TFqKH1zBL2YNK,167012,False,6XyY86QOPPrYVGvF9ch6wz,Linkin Park,27326633,92,"alternative metal,nu metal,post-grunge,rap metal,rock",3Su6Sgi0YjcUFuCzjLKYYq,Heavy Is the Crown,single,2024-09-24,2,0.571,0.928,4,-3.725,0,0.0453,0.00932,0.0,0.297,0.489,127.939,4,2024-10-31,09:11:33
DE,Alemania,EUROPA,9,95,5vNRhkKd0yEAg8suGBpjeY,APT.,https://open.spotify.com/track/5vNRhkKd0yEAg8suGBpjeY,169917,False,3eVa5w3URK5duf6eyVDbu9,ROSÉ,7632823,82,k-pop,2IYQwwgxgOIn7t3iF6ufFD,APT.,single,2024-10-18,1,0.777,0.783,0,-4.477,0,0.26,0.0283,0.0,0.355,0.939,149.027,4,2024-10-31,09:11:34
DE,Alemania,EUROPA,10,100,2plbrEY59IikOBgBGLjaoe,Die With A Smile,https://open.spotify.com/track/2plbrEY59IikOBgBGLjaoe,251667,False,1HY2Jd0NmPuamShAr6KMms,Lady Gaga,32416547,92,"art pop,dance pop,pop",10FLjwfpbxLmW8c25Xyc2N,Die With A Smile,single,2024-08-16,1,0.521,0.592,6,-7.777,0,0.0304,0.308,0.0,0.122,0.535,157.969,3,2024-10-31,09:11:35
DE,Alemania,EUROPA,11,75,7bkUa9kDFGxgCC7d36dzFI,Rote Flaggen,https://open.spotify.com/track/7bkUa9kDFGxgCC7d36dzFI,224591,True,0eVixEZVW2PB1UogwTWXc1,Berq,168977,70,,0EWCRqTiWqdumuQKybIzWa,ROTE FLAGGEN,single,2023-05-25,5,0.359,0.336,1,-12.895,0,0.0422,0.773,0.0,0.184,0.109,109.94,3,2024-10-31,09:11:36
DE,Alemania,EUROPA,12,91,2262bWmqomIaJXwCRHr13j,Sailor Song,https://open.spotify.com/track/2262bWmqomIaJXwCRHr13j,211978,False,1iCnM8foFssWlPRLfAbIwo,Gigi Perez,424458,80,bedroom pop,68CN2LzY8MoxO2udy2C22e,Sailor Song,single,2024-07-26,1,0.494,0.413,11,-10.432,1,0.0254,0.682,6.72e-05,0.193,0.273,94.938,4,2024-10-31,09:11:37
DE,Alemania,EUROPA,13,69,4b3W0IbHDwHCvjSs708Tr4,Wunder,https://open.spotify.com/track/4b3W0IbHDwHCvjSs708Tr4,176492,True,2rEVnwCPBeGkWMv425KoG1,AYLIVA,1757785,76,german pop,3cB6tCOD8fqXuYwbpcrcdV,In Liebe,album,2024-08-16,15,0.857,0.687,10,-5.777,0,0.0785,0.109,0.000577,0.0971,0.531,99.969,4,2024-10-31,09:11:38
DE,Alemania,EUROPA,14,64,1moKZKZydvCRie5SQ8wlis,LIEBE (feat. Nina Chuba),https://open.spotify.com/track/1moKZKZydvCRie5SQ8wlis,193068,True,5pVRwX5ZQR7hfJ18w8ZYkl,Ufo361,1962523,74,"german cloud rap,german hip hop",683tr5kSr4gK2pu5cqqlwf,NUR FÜR DICH 2,album,2024-10-25,15,0.676,0.544,2,-8.048,0,0.167,0.194,5.14e-06,0.345,0.59,141.87,4,2024-10-31,09:11:38
DE,Alemania,EUROPA,15,97,6dOtVTDdiauQNBQEDOtlAB,BIRDS OF A FEATHER,https://open.spotify.com/track/6dOtVTDdiauQNBQEDOtlAB,210373,False,6qqNVTkY8uBg9cP3Jd7DAH,Billie Eilish,101433183,96,"art pop,pop",7aJuG4TFXa2hmE4z1yxc3n,HIT ME HARD AND SOFT,album,2024-05-17,10,0.747,0.507,2,-10.171,1,0.0358,0.2,0.0608,0.117,0.438,104.978,4,2024-10-31,09:11:39
DE,Alemania,EUROPA,16,74,5ubQrs2wWoSgRwEaPZd4eS,H&K,https://open.spotify.com/track/5ubQrs2wWoSgRwEaPZd4eS,139428,True,7rBed6Ya7Hwa2fXbh5btJE,LACAZETTE,151212,73,,3zeoTW11WPs2UXKNOb5RGa,H&K,single,2024-05-24,1,0.731,0.716,1,-9.122,0,0.315,0.0801,0.0,0.308,0.656,126.883,4,2024-10-31,09:11:40
DE,Alemania,EUROPA,17,75,3t4IkHfT4eXZggkupi4SUe,Over Each Other,https://open.spotify.com/track/3t4IkHfT4eXZggkupi4SUe,170445,False,6XyY86QOPPrYVGvF9ch6wz,Linkin Park,27326633,92,"alternative metal,nu metal,post-grunge,rap metal,rock",09mU09ThtQmKfCgtEeiQZP,Over Each Other,single,2024-10-24,3,0.55,0.789,10,-4.634,1,0.0382,0.00241,0.0,0.428,0.317,147.947,4,2024-10-31,09:11:41
DE,Alemania,EUROPA,18,71,4qdGZUy2bzM8GB2qBaMWpR,Geschlossene Augen,https://open.spotify.com/track/4qdGZUy2bzM8GB2qBaMWpR,165850,False,4hK7sEnm0se5bqoI3Yb5o1,SANTOS,29868,61,german pop,3855i0YuxSfGiZcWvZq4Og,Geschlossene Augen,single,2024-10-10,1,0.813,0.721,2,-5.532,0,0.16,0.02,1.95e-05,0.114,0.353,82.021,4,2024-10-31,09:11:42
DE,Alemania,EUROPA,19,73,3pPMgoouYtezLiBTEeL9be,VEMPA,https://open.spotify.com/track/3pPMgoouYtezLiBTEeL9be,134528,True,1SnSPHBs8l5iAvoWF0aO05,FOURTY,72584,63,"german hip hop,german r&b,german trap",0AXShQulBiviUJkpaVR4EH,VEMPA,single,2024-04-19,1,0.919,0.609,6,-4.492,1,0.0633,0.129,0.000457,0.0627,0.866,133.981,4,2024-10-31,09:11:42
DE,Alemania,EUROPA,20,67,1Bds1PSumHSeVQFqIWc77p,40 Tage,https://open.spotify.com/track/1Bds1PSumHSeVQFqIWc77p,117600,False,5j21TGkrNEAJe3gG9VlS34,Shindy,854881,64,german hip hop,5Ql4MLA6MSB56ZwJ01lPul,40 Tage,single,2024-10-21,1,0.939,0.634,7,-7.257,1,0.192,0.143,1.8e-05,0.216,0.252,99.986,4,2024-10-31,09:11:43
DE,Alemania,EUROPA,21,64,4DvJL9DY4YIL2b5tLTZMy7,Hoodie Hoodie,https://open.spotify.com/track/4DvJL9DY4YIL2b5tLTZMy7,170936,True,28TqrmNSPiKo5w3WVb3A3N,Aymen,94006,67,german hip hop,07nqKfyRqerchwCYjHMzrX,Hoodie Hoodie,single,2024-10-24,1,0.704,0.67,2,-6.716,1,0.321,0.0318,0.0,0.135,0.276,94.953,4,2024-10-31,09:11:44
DE,Alemania,EUROPA,22,82,3JG1uFc40wfyrqaWC7iv0e,i like the way you kiss me,https://open.spotify.com/track/3JG1uFc40wfyrqaWC7iv0e,142514,False,0PCCGZ0wGLizHt2KZ7hhA2,Artemas,973349,80,,5nzSCZ7NhKvAysI0tmNOdD,yustyna,album,2024-07-11,14,0.599,0.946,11,-4.263,1,0.0447,0.000938,0.0106,0.0826,0.747,151.647,4,2024-10-31,09:11:45
DE,Alemania,EUROPA,23,68,4rA41YUfp4ZXdmbBoiDJhG,Blanco,https://open.spotify.com/track/4rA41YUfp4ZXdmbBoiDJhG,151293,False,3pjq2pDV9RR6VY55wBjVnp,Dardan,1189813,73,"albanian hip hop,german hip hop",240k016C0Y5yZ6HBbiXe0W,Blanco,single,2024-10-18,1,0.79,0.542,4,-6.51,1,0.0833,0.141,0.00665,0.186,0.705,95.967,4,2024-10-31,09:11:46
DE,Alemania,EUROPA,24,66,5JLbgRkto4OrrkWgAHcJZT,Bundeswehr,https://open.spotify.com/track/5JLbgRkto4OrrkWgAHcJZT,97391,True,1fImPZoBVjmYrBFzCHh0N3,Souly,101739,67,german hip hop,5GWhPUtYOpjZo28JNQaFzq,Bossbaby Tape,album,2024-02-23,11,0.731,0.413,1,-12.253,1,0.25,0.0854,0.0,0.137,0.559,137.911,4,2024-10-31,09:11:47
DE,Alemania,EUROPA,25,62,3Vw4SxsPsVwG4xwK3Il0mP,PIROUETTEN,https://open.spotify.com/track/3Vw4SxsPsVwG4xwK3Il0mP,147811,False,0eVixEZVW2PB1UogwTWXc1,Berq,168977,70,,0IuwP0usnrJ9wU5PEyELdn,berq,album,2024-10-24,12,0.664,0.341,4,-8.208,0,0.0448,0.79,0.0,0.329,0.218,120.81,4,2024-10-31,09:11:48
DE,Alemania,EUROPA,26,92,1Es7AUAhQvapIcoh3qMKDL,Timeless (with Playboi Carti),https://open.spotify.com/track/1Es7AUAhQvapIcoh3qMKDL,256000,True,1Xyo4u8uXC1ZmMpatF05PJ,The Weeknd,93543802,96,"canadian contemporary r&b,canadian pop,pop",2IRxVVqbSbqHJo8Zx50LYn,Timeless,single,2024-09-27,1,0.769,0.722,11,-5.485,0,0.0507,0.0584,2.56e-06,0.111,0.57,119.973,4,2024-10-31,09:11:48
DE,Alemania,EUROPA,27,83,1QoyuMHNBe7lg3YW4Qtll4,St. Chroma (feat. Daniel Caesar),https://open.spotify.com/track/1QoyuMHNBe7lg3YW4Qtll4,197019,True,4V8LLVI7PbaPR0K2TGSxFF,"Tyler, The Creator",17261006,92,"hip hop,rap",0U28P0QVB1QRxpqp5IHOlH,CHROMAKOPIA,album,2024-10-28,14,0.576,0.884,0,-5.058,1,0.555,0.357,0.0,0.368,0.373,150.45,4,2024-10-31,09:11:49
DE,Alemania,EUROPA,28,89,42VsgItocQwOQC3XWZ8JNA,FE!N (feat. Playboi Carti),https://open.spotify.com/track/42VsgItocQwOQC3XWZ8JNA,191700,True,0Y5tJX1MQlPlqiwlOH1tJY,Travis Scott,34041225,94,"rap,slap house",18NOKLkZETa4sWwLMIm0UZ,UTOPIA,album,2023-07-28,19,0.569,0.882,3,-2.777,0,0.06,0.0316,0.0,0.142,0.201,148.038,4,2024-10-31,09:11:50
DE,Alemania,EUROPA,29,63,4UKQ8zZQ92nTdxQpz6VrPv,Rosaroter Tee,https://open.spotify.com/track/4UKQ8zZQ92nTdxQpz6VrPv,163005,False,1ABhalCH6yn3eS3T46KmvF,bac,18719,54,,2iCOuFbNKkYnBxo3qY32r9,Rosaroter Tee,single,2024-10-18,5,0.769,0.424,0,-8.746,0,0.246,0.437,0.0,0.0861,0.581,105.083,4,2024-10-31,09:11:51
DE,Alemania,EUROPA,30,71,57gjUsErLOYxTOqyiK6CVm,Rapstar,https://open.spotify.com/track/57gjUsErLOYxTOqyiK6CVm,186255,True,3F2BUPEkX9IDaRYAeJN0Gh,Amo,132171,70,german hip hop,0cFeIIO2YVok8hKk1HPjxd,Rapstar,single,2024-09-04,3,0.855,0.86,11,-5.356,0,0.294,0.317,1.44e-05,0.166,0.848,124.008,4,2024-10-31,09:11:52
DE,Alemania,EUROPA,31,85,7ne4VBA60CxGM75vw0EYad,That’s So True,https://open.spotify.com/track/7ne4VBA60CxGM75vw0EYad,166300,True,4tuJ0bMpJh08umKkEXKUI5,Gracie Abrams,2864071,88,alt z,0hBRqPYPXhr1RkTDG3n4Mk,The Secret of Us (Deluxe),album,2024-10-18,20,0.554,0.808,1,-4.169,1,0.0368,0.214,0.0,0.159,0.372,108.548,4,2024-10-31,09:11:52
DE,Alemania,EUROPA,32,89,3xkHsmpQCBMytMJNiDf3Ii,Beautiful Things,https://open.spotify.com/track/3xkHsmpQCBMytMJNiDf3Ii,180304,False,22wbnEMDvgVIAGdFeek6ET,Benson Boone,3815769,86,singer-songwriter pop,168CdR21lfn0TTyw1Pkdcm,Fireworks & Rollerblades,album,2024-04-05,15,0.472,0.471,10,-5.692,1,0.0603,0.151,0.0,0.14,0.219,105.029,3,2024-10-31,09:11:53
DE,Alemania,EUROPA,33,87,2nLtzopw4rPReszdYBJU6h,Numb,https://open.spotify.com/track/2nLtzopw4rPReszdYBJU6h,187520,False,6XyY86QOPPrYVGvF9ch6wz,Linkin Park,27326633,92,"alternative metal,nu metal,post-grunge,rap metal,rock",4Gfnly5CzMJQqkUFfoHaP3,Meteora,album,2003-09-16,13,0.488,0.87,6,-4.185,0,0.0421,0.00353,0.0,0.484,0.211,110.072,4,2024-10-31,09:11:54
DE,Alemania,EUROPA,34,72,3qcreqi8RaGqahtJSQDxNI,Panama,https://open.spotify.com/track/3qcreqi8RaGqahtJSQDxNI,157135,False,0t84CBqmvihsUVFme33TLd,GReeeN,465750,66,german hip hop,2J3En8aAFnHAT3rgsobCoI,Glückskind,album,2023-04-27,8,0.87,0.366,5,-7.503,0,0.41,0.465,1.15e-05,0.111,0.715,98.016,4,2024-10-31,09:11:55
DE,Alemania,EUROPA,35,88,0io16MKpbeDIdYzmGpQaES,Embrace It,https://open.spotify.com/track/0io16MKpbeDIdYzmGpQaES,104418,True,5HK6QtizXJzCmoYTkvFRik,Ndotz,111806,74,chill drill,0mV9Pfr1GfoZLkp1EAau9P,Embrace It,single,2024-08-23,1,0.882,0.645,1,-7.233,1,0.0601,0.475,4.13e-05,0.057,0.788,114.933,4,2024-10-31,09:11:56
DE,Alemania,EUROPA,36,84,5nPbKG04fhLkIAjcPFaZq7,I Adore You (feat. Daecolm),https://open.spotify.com/track/5nPbKG04fhLkIAjcPFaZq7,214000,False,5PlfkPxwCpRRWQJBxCa0By,HUGEL,349681,77,deep house,5MrdEMJrBnauBJsd1nYY00,I Adore You (feat. Daecolm),single,2024-07-19,1,0.704,0.787,11,-6.751,0,0.0462,0.00926,0.00538,0.159,0.31,119.996,4,2024-10-31,09:11:56
DE,Alemania,EUROPA,37,83,1bJRd2ey6ER7neSxZwYdAG,Kisses (feat. bbyclose),https://open.spotify.com/track/1bJRd2ey6ER7neSxZwYdAG,138246,False,6kbR2eL4hecj3rFwGOsYsI,BL3SS,19399,70,,3eIA3WFdBvYVUP8sVD5p34,Kisses (feat. bbyclose),single,2024-03-22,1,0.793,0.779,9,-4.609,0,0.0581,0.279,0.000311,0.314,0.687,142.002,4,2024-10-31,09:11:57
DE,Alemania,EUROPA,38,94,0WbMK4wrZ1wFSty9F7FCgu,"Good Luck, Babe!",https://open.spotify.com/track/0WbMK4wrZ1wFSty9F7FCgu,218423,False,7GlBOeep6PqTfFi59PTUUN,Chappell Roan,3686982,89,indie pop,1WAjjRMfZjEXtB0lQrAw6Q,"Good Luck, Babe!",single,2024-04-05,1,0.7,0.582,11,-5.96,0,0.0356,0.0502,0.0,0.0881,0.785,116.712,4,2024-10-31,09:11:58
DE,Alemania,EUROPA,39,87,60a0Rd6pjrkxjPbaKzXjfq,In the End,https://open.spotify.com/track/60a0Rd6pjrkxjPbaKzXjfq,216880,False,6XyY86QOPPrYVGvF9ch6wz,Linkin Park,27326633,92,"alternative metal,nu metal,post-grunge,rap metal,rock",6hPkbAV3ZXpGZBGUvL6jVM,Hybrid Theory (Bonus Edition),album,2000,15,0.556,0.864,3,-5.87,0,0.0584,0.00958,0.0,0.209,0.4,105.143,4,2024-10-31,09:11:59
DE,Alemania,EUROPA,40,67,6leQi7NakJQS1vHRtZsroe,Mittelmeer,https://open.spotify.com/track/6leQi7NakJQS1vHRtZsroe,179106,False,34LetYSjEuG2fBb4Z8PwPg,Pashanim,892355,75,"german alternative rap,german drill,german hip hop",2uKD5g5T7oklsMHJDcPgLB,2000,album,2024-06-13,14,0.681,0.417,4,-8.172,0,0.111,0.0895,0.0115,0.146,0.158,177.965,4,2024-10-31,09:12:00
DE,Alemania,EUROPA,41,88,2HRqTpkrJO5ggZyyK6NPWz,Espresso,https://open.spotify.com/track/2HRqTpkrJO5ggZyyK6NPWz,175459,True,74KM79TiuVKeVCqs8QtB0B,Sabrina Carpenter,14260468,95,pop,3iPSVi54hsacKKl1xIR2eH,Short n' Sweet,album,2024-08-23,12,0.699,0.776,0,-5.282,1,0.0293,0.131,5.36e-06,0.205,0.708,103.963,4,2024-10-31,09:12:00
DE,Alemania,EUROPA,42,90,2QjOHCTQ1Jl3zawyYOpxh6,Sweater Weather,https://open.spotify.com/track/2QjOHCTQ1Jl3zawyYOpxh6,240400,False,77SW9BnxLY8rJ0RciFqkHh,The Neighbourhood,18316469,86,"modern alternative rock,modern rock,pop",4xkM0BwLM9H2IUcbYzpcBI,I Love You.,album,2013-04-22,11,0.612,0.807,10,-2.81,1,0.0336,0.0495,0.0177,0.101,0.398,124.053,4,2024-10-31,09:12:01
DE,Alemania,EUROPA,43,72,3aJT51ya8amzpT3TKDVipL,FTW,https://open.spotify.com/track/3aJT51ya8amzpT3TKDVipL,156521,True,7rBed6Ya7Hwa2fXbh5btJE,LACAZETTE,151212,73,,6QUMgubCKyt9VbL36GKueb,FTW,single,2024-09-13,1,0.725,0.711,8,-7.91,0,0.386,0.142,0.0,0.145,0.749,91.937,4,2024-10-31,09:12:02
DE,Alemania,EUROPA,44,87,1BJJbSX6muJVF2AK7uH1x4,Move,https://open.spotify.com/track/1BJJbSX6muJVF2AK7uH1x4,177598,False,2loEsOijJ6XiGzWYFXMIRk,Adam Port,210883,77,melodic house,4M8ThNHbNjda2cPwL8XZHS,Move,single,2024-06-07,1,0.727,0.782,8,-8.529,0,0.042,0.0563,0.336,0.225,0.655,119.992,4,2024-10-31,09:12:03
DE,Alemania,EUROPA,45,71,1cXo8i9dgutdqjhjz3Zwqq,eehhhyyy,https://open.spotify.com/track/1cXo8i9dgutdqjhjz3Zwqq,135082,False,0pVHBkObr9UNIWpms1e4I0,Zartmann,102887,66,,29zZ3SXwoesoaXX6PbmPFW,dafür bin ich frei EP,album,2024-06-21,8,0.739,0.766,5,-6.459,1,0.0729,0.272,0.0,0.42,0.82,133.067,4,2024-10-31,09:12:04
DE,Alemania,EUROPA,46,80,1YdtGoSYDvVQKoUqSDXX41,Noid,https://open.spotify.com/track/1YdtGoSYDvVQKoUqSDXX41,284363,True,4V8LLVI7PbaPR0K2TGSxFF,"Tyler, The Creator",17261006,92,"hip hop,rap",0U28P0QVB1QRxpqp5IHOlH,CHROMAKOPIA,album,2024-10-28,14,0.38,0.784,1,-6.004,1,0.299,0.523,0.000139,0.494,0.418,82.318,4,2024-10-31,09:12:05
DE,Alemania,EUROPA,47,83,59NraMJsLaMCVtwXTSia8i,Prada,https://open.spotify.com/track/59NraMJsLaMCVtwXTSia8i,132359,True,5wCmhq5J2hPwL2r0eKurxn,cassö,73166,71,"hypertechno,pop dance",5MU0RmBSpoSxOPYBfcobDc,Prada,single,2023-08-11,1,0.638,0.717,8,-5.804,1,0.0375,0.001,1.79e-06,0.113,0.422,141.904,4,2024-10-31,09:12:05
DE,Alemania,EUROPA,48,92,3QaPy1KgI7nu9FJEQUgn6h,WILDFLOWER,https://open.spotify.com/track/3QaPy1KgI7nu9FJEQUgn6h,261466,False,6qqNVTkY8uBg9cP3Jd7DAH,Billie Eilish,101433183,96,"art pop,pop",7aJuG4TFXa2hmE4z1yxc3n,HIT ME HARD AND SOFT,album,2024-05-17,10,0.467,0.247,6,-12.002,0,0.0431,0.612,0.000271,0.17,0.126,148.101,4,2024-10-31,09:12:06
DE,Alemania,EUROPA,49,81,5RePVWy39tLpHH0WwXgBsK,Rah Tah Tah,https://open.spotify.com/track/5RePVWy39tLpHH0WwXgBsK,165412,True,4V8LLVI7PbaPR0K2TGSxFF,"Tyler, The Creator",17261006,92,"hip hop,rap",0U28P0QVB1QRxpqp5IHOlH,CHROMAKOPIA,album,2024-10-28,14,0.661,0.878,1,-4.099,1,0.31,0.00289,0.0,0.381,0.514,82.557,4,2024-10-31,09:12:07
DE,Alemania,EUROPA,50,69,3Lo7UekbaAJxXoDHX8KUQ6,Daddy is back,https://open.spotify.com/track/3Lo7UekbaAJxXoDHX8KUQ6,152500,True,5p7mWeX4RlvqBCxylfiXdE,KC Rebell,1180224,64,"german drill,german hip hop",5MGKKrbzDlOMiBA1osl1uD,Daddy is back,single,2024-10-11,1,0.775,0.77,1,-4.362,1,0.323,0.0222,0.0,0.103,0.541,94.978,4,2024-10-31,09:12:08
NL,Países Bajos,EUROPA,1,65,1b6G5YNi5akoOpwlqnulH8,Damage,https://open.spotify.com/track/1b6G5YNi5akoOpwlqnulH8,130615,False,5eDdy8QxB47JsLASK2FI1m,Noano,13391,52,,3hQ8L8ZqfLGe2gXPNWXBrk,Damage,single,2024-10-25,1,0.611,0.73,8,-4.769,0,0.147,0.0222,0.0,0.0984,0.699,196.033,4,2024-10-31,09:12:09
NL,Países Bajos,EUROPA,2,100,2plbrEY59IikOBgBGLjaoe,Die With A Smile,https://open.spotify.com/track/2plbrEY59IikOBgBGLjaoe,251667,False,1HY2Jd0NmPuamShAr6KMms,Lady Gaga,32416547,92,"art pop,dance pop,pop",10FLjwfpbxLmW8c25Xyc2N,Die With A Smile,single,2024-08-16,1,0.521,0.592,6,-7.777,0,0.0304,0.308,0.0,0.122,0.535,157.969,3,2024-10-31,09:12:10
NL,Países Bajos,EUROPA,3,68,6eldmQ56gAtXN55c7MuH8N,Vaag - REMIX,https://open.spotify.com/track/6eldmQ56gAtXN55c7MuH8N,166153,True,010ZclHHy7BrTO5AQ0xGgn,Hekje31,20633,58,"dutch drill,dutch hip hop",70Z3IiTGPIXykQLl93dyJl,Vaag (REMIX),single,2024-10-04,1,0.815,0.481,1,-9.787,1,0.247,0.171,0.00591,0.0666,0.649,130.168,4,2024-10-31,09:12:11
NL,Países Bajos,EUROPA,4,71,0vrKBjEBQAVn3sdhIXmpHE,Terug In De Tijd,https://open.spotify.com/track/0vrKBjEBQAVn3sdhIXmpHE,187357,False,7wGBPJk6sHwRCozFfhU09F,Yves Berendse,36936,63,kermis,54hRAA81BH7x1af3X7ackS,Terug In De Tijd,single,2023-06-02,2,0.65,0.767,8,-7.688,1,0.0458,0.108,0.0,0.0879,0.536,122.749,4,2024-10-31,09:12:12
NL,Países Bajos,EUROPA,5,97,6dOtVTDdiauQNBQEDOtlAB,BIRDS OF A FEATHER,https://open.spotify.com/track/6dOtVTDdiauQNBQEDOtlAB,210373,False,6qqNVTkY8uBg9cP3Jd7DAH,Billie Eilish,101433183,96,"art pop,pop",7aJuG4TFXa2hmE4z1yxc3n,HIT ME HARD AND SOFT,album,2024-05-17,10,0.747,0.507,2,-10.171,1,0.0358,0.2,0.0608,0.117,0.438,104.978,4,2024-10-31,09:12:12
NL,Países Bajos,EUROPA,6,91,2262bWmqomIaJXwCRHr13j,Sailor Song,https://open.spotify.com/track/2262bWmqomIaJXwCRHr13j,211978,False,1iCnM8foFssWlPRLfAbIwo,Gigi Perez,424458,80,bedroom pop,68CN2LzY8MoxO2udy2C22e,Sailor Song,single,2024-07-26,1,0.494,0.413,11,-10.432,1,0.0254,0.682,6.72e-05,0.193,0.273,94.938,4,2024-10-31,09:12:13
NL,Países Bajos,EUROPA,7,94,5G2f63n7IPVPPjfNIGih7Q,Taste,https://open.spotify.com/track/5G2f63n7IPVPPjfNIGih7Q,157279,False,74KM79TiuVKeVCqs8QtB0B,Sabrina Carpenter,14260468,95,pop,3iPSVi54hsacKKl1xIR2eH,Short n' Sweet,album,2024-08-23,12,0.674,0.907,3,-4.086,1,0.064,0.101,0.0,0.297,0.721,112.964,4,2024-10-31,09:12:14
NL,Países Bajos,EUROPA,8,84,4MSj19TwYBLgDFj3ddEeco,Black Friday (pretty like the sun),https://open.spotify.com/track/4MSj19TwYBLgDFj3ddEeco,145599,False,7f5Zgnp2spUuuzKplmRkt7,Lost Frequencies,2921789,81,"belgian edm,edm,pop dance,tropical house",4CAe3r1nsTTAjGcWqGZbAr,Black Friday (pretty like the sun),single,2024-07-19,1,0.853,0.618,6,-10.833,1,0.0923,0.633,0.89,0.0972,0.32,126.031,4,2024-10-31,09:12:15
NL,Países Bajos,EUROPA,9,87,1BJJbSX6muJVF2AK7uH1x4,Move,https://open.spotify.com/track/1BJJbSX6muJVF2AK7uH1x4,177598,False,2loEsOijJ6XiGzWYFXMIRk,Adam Port,210883,77,melodic house,4M8ThNHbNjda2cPwL8XZHS,Move,single,2024-06-07,1,0.727,0.782,8,-8.529,0,0.042,0.0563,0.336,0.225,0.655,119.992,4,2024-10-31,09:12:16
NL,Países Bajos,EUROPA,10,83,3nHuKdFJZm78CoeBnDcFKe,Bad Dreams,https://open.spotify.com/track/3nHuKdFJZm78CoeBnDcFKe,184577,False,33qOK5uJ8AR2xuQQAhHump,Teddy Swims,3267350,86,,2VxQFEEnhwiV5LpMuHKViR,Bad Dreams,single,2024-09-13,1,0.707,0.68,8,-6.203,1,0.0884,0.274,0.0,0.0932,0.62,125.058,4,2024-10-31,09:12:16
NL,Países Bajos,EUROPA,11,69,31EsbpCFl01yQtLncNdjSz,Industry Plant,https://open.spotify.com/track/31EsbpCFl01yQtLncNdjSz,140643,False,6YznhKZUZFVr418x7OUi3z,Roxy Dekker,192648,66,lustrum,2pTk2jxZu1vnVybVRyBToh,Industry Plant,single,2024-09-20,1,0.759,0.676,8,-10.074,1,0.0383,0.141,0.0,0.0875,0.71,111.968,4,2024-10-31,09:12:17
NL,Países Bajos,EUROPA,12,66,2K7HqkHEUfz7c4BzEO33Qd,Alleen Met Jou,https://open.spotify.com/track/2K7HqkHEUfz7c4BzEO33Qd,193694,False,7wGBPJk6sHwRCozFfhU09F,Yves Berendse,36936,63,kermis,7HgRghVOzefgyXloz5HUmq,Alleen Met Jou,single,2024-09-27,1,0.694,0.81,5,-5.338,0,0.0295,0.0353,0.0,0.367,0.805,124.026,4,2024-10-31,09:12:18
NL,Países Bajos,EUROPA,13,69,7DGeMF5q4UHXYyElvAiO2j,Dat Is Het Leven,https://open.spotify.com/track/7DGeMF5q4UHXYyElvAiO2j,179100,False,7eBiPPZezCgV5rrO5x47qf,LUNA,7017,55,,6GCyMmKkymXKLj1A1GSQFW,Dat Is Het Leven,single,2024-09-05,1,0.421,0.283,9,-12.011,1,0.054,0.629,0.0,0.357,0.112,100.119,4,2024-10-31,09:12:19
NL,Países Bajos,EUROPA,14,90,51rfRCiUSvxXlCSCfIztBy,"I Love You, I'm Sorry",https://open.spotify.com/track/51rfRCiUSvxXlCSCfIztBy,157146,True,4tuJ0bMpJh08umKkEXKUI5,Gracie Abrams,2864071,88,alt z,56bdWeO40o3WfAD2Lja4dl,The Secret of Us,album,2024-06-21,13,0.53,0.406,10,-7.507,1,0.033,0.656,0.0,0.133,0.338,115.94,3,2024-10-31,09:12:20
NL,Países Bajos,EUROPA,15,69,6ifKXZTqAuLA35TGCVuGBU,Ik Wil Dat Je Liegt,https://open.spotify.com/track/6ifKXZTqAuLA35TGCVuGBU,174953,False,5oNWzcU0mYK1zDUxBGHIaG,Hannah Mae,38603,62,dutch pop,5OpBG7QnV8Frg31RrAvjYV,Ik Wil Dat Je Liegt,single,2024-05-23,1,0.688,0.513,2,-5.97,0,0.0342,0.536,0.0,0.134,0.168,106.984,4,2024-10-31,09:12:20
NL,Países Bajos,EUROPA,16,85,5fZJQrFKWQLb7FpJXZ1g7K,A Bar Song (Tipsy),https://open.spotify.com/track/5fZJQrFKWQLb7FpJXZ1g7K,171291,True,3y2cIKLjiOlp1Np37WiUdH,Shaboozey,744170,80,"modern country pop,pop rap",0DLvFVIfwt3OHdK9kGeEM3,"Where I've Been, Isn't Where I'm Going",album,2024-05-31,12,0.722,0.706,9,-4.857,1,0.0292,0.072,0.0,0.067,0.599,80.969,4,2024-10-31,09:12:21
NL,Países Bajos,EUROPA,17,70,02nm2yGw7BygWmRcbFhAlC,Gaan We Weg?,https://open.spotify.com/track/02nm2yGw7BygWmRcbFhAlC,141775,False,6YznhKZUZFVr418x7OUi3z,Roxy Dekker,192648,66,lustrum,4SV6Y14WPFNuivMPrbfSas,Gaan We Weg?,single,2024-07-12,1,0.483,0.776,0,-4.584,0,0.0665,0.15,0.0,0.0709,0.519,128.036,4,2024-10-31,09:12:22
NL,Países Bajos,EUROPA,18,83,1QoyuMHNBe7lg3YW4Qtll4,St. Chroma (feat. Daniel Caesar),https://open.spotify.com/track/1QoyuMHNBe7lg3YW4Qtll4,197019,True,4V8LLVI7PbaPR0K2TGSxFF,"Tyler, The Creator",17261006,92,"hip hop,rap",0U28P0QVB1QRxpqp5IHOlH,CHROMAKOPIA,album,2024-10-28,14,0.576,0.884,0,-5.058,1,0.555,0.357,0.0,0.368,0.373,150.45,4,2024-10-31,09:12:23
NL,Países Bajos,EUROPA,19,61,6VkzZ0I0w2CE3EIGbyMeeu,Lodewijk,https://open.spotify.com/track/6VkzZ0I0w2CE3EIGbyMeeu,145846,False,70SvhGqakpocD7GxVYnnBC,Mensa,27981,59,"dutch drill,dutch hip hop,dutch rap pop",4hcMI3CC2BYniavlmQZ4aa,Lodewijk,single,2024-10-18,1,0.85,0.721,4,-7.274,0,0.138,0.587,4.86e-05,0.12,0.712,130.06,4,2024-10-31,09:12:24
NL,Países Bajos,EUROPA,20,69,2AeMy7dwvoPuof6xDmncUP,Ushuaia,https://open.spotify.com/track/2AeMy7dwvoPuof6xDmncUP,157261,False,7DOOGHZ6CXsF8bvNrnDE6W,Turfy Gang,27942,60,lustrum,69HpOZiGi9xDwEYjMgPrv6,Ushuaia,single,2024-09-06,2,0.607,0.884,7,-5.143,1,0.0351,0.119,0.0,0.217,0.657,125.982,4,2024-10-31,09:12:24
NL,Países Bajos,EUROPA,21,84,1LY3GhF0zxIVgbYEQjCbUO,The Sound of Silence - CYRIL Remix,https://open.spotify.com/track/32aeRhnsILUPSbPiH5x62t,185238,False,3TOqt5oJwL9BE2NG9MEwDa,Disturbed,6931977,78,"alternative metal,nu metal,rap metal,rock",2aj8dhy2wfAtzBwh0bYuQc,The Sound of Silence (CYRIL Remix),single,2024-02-02,1,0.68,0.721,6,-4.379,0,0.188,0.123,0.0,0.162,0.244,125.963,4,2024-10-31,09:12:25
NL,Países Bajos,EUROPA,22,83,1bJRd2ey6ER7neSxZwYdAG,Kisses (feat. bbyclose),https://open.spotify.com/track/1bJRd2ey6ER7neSxZwYdAG,138246,False,6kbR2eL4hecj3rFwGOsYsI,BL3SS,19399,70,,3eIA3WFdBvYVUP8sVD5p34,Kisses (feat. bbyclose),single,2024-03-22,1,0.793,0.779,9,-4.609,0,0.0581,0.279,0.000311,0.314,0.687,142.002,4,2024-10-31,09:12:26
NL,Países Bajos,EUROPA,23,94,6WatFBLVB0x077xWeoVc2k,Si Antes Te Hubiera Conocido,https://open.spotify.com/track/6WatFBLVB0x077xWeoVc2k,195824,False,790FomKkXshlbRYZFtlgla,KAROL G,51524480,91,"reggaeton,reggaeton colombiano,urbano latino",5ylbxH7EqpsmHZCRuiYewS,Si Antes Te Hubiera Conocido,single,2024-06-21,1,0.924,0.668,11,-6.795,1,0.0469,0.446,0.000594,0.0678,0.787,128.027,4,2024-10-31,09:12:27
NL,Países Bajos,EUROPA,24,85,7ne4VBA60CxGM75vw0EYad,That’s So True,https://open.spotify.com/track/7ne4VBA60CxGM75vw0EYad,166300,True,4tuJ0bMpJh08umKkEXKUI5,Gracie Abrams,2864071,88,alt z,0hBRqPYPXhr1RkTDG3n4Mk,The Secret of Us (Deluxe),album,2024-10-18,20,0.554,0.808,1,-4.169,1,0.0368,0.214,0.0,0.159,0.372,108.548,4,2024-10-31,09:12:28
NL,Países Bajos,EUROPA,25,65,1HGov7XAwy9vx6upqGvPEc,Modeshow,https://open.spotify.com/track/1HGov7XAwy9vx6upqGvPEc,147692,True,70SvhGqakpocD7GxVYnnBC,Mensa,27981,59,"dutch drill,dutch hip hop,dutch rap pop",2trIJlIWZRxD3jJsPiRBlE,Modeshow,single,2024-10-04,1,0.875,0.553,10,-9.142,0,0.226,0.138,2.97e-06,0.144,0.43,129.976,4,2024-10-31,09:12:28
NL,Países Bajos,EUROPA,26,84,5nPbKG04fhLkIAjcPFaZq7,I Adore You (feat. Daecolm),https://open.spotify.com/track/5nPbKG04fhLkIAjcPFaZq7,214000,False,5PlfkPxwCpRRWQJBxCa0By,HUGEL,349681,77,deep house,5MrdEMJrBnauBJsd1nYY00,I Adore You (feat. Daecolm),single,2024-07-19,1,0.704,0.787,11,-6.751,0,0.0462,0.00926,0.00538,0.159,0.31,119.996,4,2024-10-31,09:12:29
NL,Países Bajos,EUROPA,27,89,3Vr3zh0r7ALn8VLqCiRR10,Stargazing,https://open.spotify.com/track/3Vr3zh0r7ALn8VLqCiRR10,172533,False,3bO19AOone0ubCsfDXDtYt,Myles Smith,770748,79,singer-songwriter pop,3VNxRarx9HUI5w7DHv0TBj,Stargazing,single,2024-05-10,1,0.635,0.601,1,-6.129,0,0.0295,0.246,0.0,0.11,0.332,123.994,4,2024-10-31,09:12:30
NL,Países Bajos,EUROPA,28,69,6vDxjNLrehdIkaHQ8nMkaF,Ik Haat Hem Voor Jou,https://open.spotify.com/track/6vDxjNLrehdIkaHQ8nMkaF,154624,False,0uBVyPbLZRDNEBiA4fZUlp,Froukje,107574,60,"dutch indie,dutch pop",3lkn7csEi16CayvYDrRRDz,Ik Haat Hem Voor Jou,single,2024-08-29,1,0.604,0.863,9,-6.164,0,0.117,0.266,4.48e-06,0.244,0.402,139.951,4,2024-10-31,09:12:31
NL,Países Bajos,EUROPA,29,88,2HRqTpkrJO5ggZyyK6NPWz,Espresso,https://open.spotify.com/track/2HRqTpkrJO5ggZyyK6NPWz,175459,True,74KM79TiuVKeVCqs8QtB0B,Sabrina Carpenter,14260468,95,pop,3iPSVi54hsacKKl1xIR2eH,Short n' Sweet,album,2024-08-23,12,0.699,0.776,0,-5.282,1,0.0293,0.131,5.36e-06,0.205,0.708,103.963,4,2024-10-31,09:12:32
NL,Países Bajos,EUROPA,30,61,2fnhMzGEEPKvFtExQ3FMMo,I Need Your Love,https://open.spotify.com/track/2fnhMzGEEPKvFtExQ3FMMo,163760,False,5adKMaYrGOMyOfnbiLPuHg,Jonna Fraser,264165,65,"dutch hip hop,dutch rap pop",2OKk9baUzD5hvaQ9JxlEZ0,I Need Your Love,single,2024-10-17,4,0.793,0.859,10,-5.813,1,0.0447,0.112,8.06e-06,0.102,0.812,119.979,4,2024-10-31,09:12:33
NL,Países Bajos,EUROPA,31,95,5vNRhkKd0yEAg8suGBpjeY,APT.,https://open.spotify.com/track/5vNRhkKd0yEAg8suGBpjeY,169917,False,3eVa5w3URK5duf6eyVDbu9,ROSÉ,7632823,82,k-pop,2IYQwwgxgOIn7t3iF6ufFD,APT.,single,2024-10-18,1,0.777,0.783,0,-4.477,0,0.26,0.0283,0.0,0.355,0.939,149.027,4,2024-10-31,09:12:33
NL,Países Bajos,EUROPA,32,58,4jNM7Zdqo6qsotBbUBlKHT,NASA,https://open.spotify.com/track/4jNM7Zdqo6qsotBbUBlKHT,144675,False,6m1LYS5NQonxjOcQFPQOb5,Frenna,584051,68,"dutch hip hop,dutch rap pop",12MvsNfFvDBDEZTbCfpPpJ,PINK SUMMER,album,2024-07-19,17,0.911,0.584,10,-4.841,0,0.208,0.0185,0.0259,0.0734,0.571,107.038,4,2024-10-31,09:12:34
NL,Países Bajos,EUROPA,33,80,1YdtGoSYDvVQKoUqSDXX41,Noid,https://open.spotify.com/track/1YdtGoSYDvVQKoUqSDXX41,284363,True,4V8LLVI7PbaPR0K2TGSxFF,"Tyler, The Creator",17261006,92,"hip hop,rap",0U28P0QVB1QRxpqp5IHOlH,CHROMAKOPIA,album,2024-10-28,14,0.38,0.784,1,-6.004,1,0.299,0.523,0.000139,0.494,0.418,82.318,4,2024-10-31,09:12:35
NL,Países Bajos,EUROPA,34,81,0VaeksJaXy5R1nvcTMh3Xk,"Darling, I (feat. Teezo Touchdown)",https://open.spotify.com/track/0VaeksJaXy5R1nvcTMh3Xk,253834,True,4V8LLVI7PbaPR0K2TGSxFF,"Tyler, The Creator",17261006,92,"hip hop,rap",0U28P0QVB1QRxpqp5IHOlH,CHROMAKOPIA,album,2024-10-28,14,0.373,0.818,3,-3.19,0,0.102,0.36,0.0,0.434,0.361,97.571,4,2024-10-31,09:12:36
NL,Países Bajos,EUROPA,35,58,3FQ5BOtI48xiIjWesIXvET,Bro Code,https://open.spotify.com/track/3FQ5BOtI48xiIjWesIXvET,131279,False,1g9nyCbUH0kbNgXAsw7tUB,Bankzitters,210073,61,"lustrum,nederlandse hardstyle",0n0xggIZu6JxTChKME0kea,Bro Code,single,2024-10-25,1,0.746,0.792,0,-4.6,1,0.0351,0.0192,2.37e-06,0.0849,0.882,127.969,4,2024-10-31,09:12:36
NL,Países Bajos,EUROPA,36,75,5o0osRx8kYJTOqlOSggr9Z,Carry You Home,https://open.spotify.com/track/5o0osRx8kYJTOqlOSggr9Z,166880,False,0fTSzq9jAh4c36UVb4V7CB,Alex Warren,597934,77,"gen z singer-songwriter,singer-songwriter pop",1cVpXZnVWHTDUuY8kW6x8M,"You'll Be Alright, Kid (Chapter 1)",album,2024-09-27,10,0.525,0.66,10,-7.094,1,0.111,0.468,3.3e-06,0.128,0.458,123.787,4,2024-10-31,09:12:37
NL,Países Bajos,EUROPA,37,65,7sEe6B2uzEziUaMAszvnF7,Chin Chin,https://open.spotify.com/track/7sEe6B2uzEziUaMAszvnF7,148329,True,5eir5zFJpES4j7gsymbVyl,Ronnie Flex,595215,70,"dutch hip hop,dutch rap pop",0yRFDaWNxewWlMdelzLOqZ,Chin Chin,single,2024-09-19,1,0.747,0.758,9,-5.43,0,0.124,0.0321,0.0,0.109,0.601,131.733,4,2024-10-31,09:12:38
NL,Países Bajos,EUROPA,38,81,5RePVWy39tLpHH0WwXgBsK,Rah Tah Tah,https://open.spotify.com/track/5RePVWy39tLpHH0WwXgBsK,165412,True,4V8LLVI7PbaPR0K2TGSxFF,"Tyler, The Creator",17261006,92,"hip hop,rap",0U28P0QVB1QRxpqp5IHOlH,CHROMAKOPIA,album,2024-10-28,14,0.661,0.878,1,-4.099,1,0.31,0.00289,0.0,0.381,0.514,82.557,4,2024-10-31,09:12:39
NL,Países Bajos,EUROPA,39,89,17phhZDn6oGtzMe56NuWvj,Lose Control,https://open.spotify.com/track/17phhZDn6oGtzMe56NuWvj,210688,False,33qOK5uJ8AR2xuQQAhHump,Teddy Swims,3267350,86,,7nacKlk586eLRBSIsrk9DB,I've Tried Everything But Therapy (Part 1),album,2023-09-15,10,0.561,0.604,9,-4.409,1,0.0337,0.199,1.9e-05,0.104,0.242,159.92,3,2024-10-31,09:12:40
NL,Países Bajos,EUROPA,40,92,3QaPy1KgI7nu9FJEQUgn6h,WILDFLOWER,https://open.spotify.com/track/3QaPy1KgI7nu9FJEQUgn6h,261466,False,6qqNVTkY8uBg9cP3Jd7DAH,Billie Eilish,101433183,96,"art pop,pop",7aJuG4TFXa2hmE4z1yxc3n,HIT ME HARD AND SOFT,album,2024-05-17,10,0.467,0.247,6,-12.002,0,0.0431,0.612,0.000271,0.17,0.126,148.101,4,2024-10-31,09:12:41
NL,Países Bajos,EUROPA,41,81,0rtDE9zfXbamTlRUSwY7zy,Belong Together,https://open.spotify.com/track/0rtDE9zfXbamTlRUSwY7zy,148317,False,11p2E654TTU8e0nZWBR4AL,Mark Ambor,519501,75,singer-songwriter pop,3Kb9vAa1RBNXEQltJpPxwE,Rockwood,album,2024-08-16,12,0.646,0.668,2,-5.203,1,0.0282,0.491,0.0,0.212,0.64,90.97,4,2024-10-31,09:12:41
NL,Países Bajos,EUROPA,42,64,7GWU6dQFjYF5YpsAUwZfGq,Oceaan,https://open.spotify.com/track/7GWU6dQFjYF5YpsAUwZfGq,164757,False,30mNTnmvPn3HwXA5dW1Iza,Racoon,303785,60,"dutch indie,dutch pop,dutch rock",1CpitDOBAGiMnc1tmxlsGY,The Singles Collection,compilation,2013-03-15,20,0.561,0.312,9,-8.969,1,0.0402,0.862,0.0,0.11,0.198,96.159,4,2024-10-31,09:12:42
NL,Países Bajos,EUROPA,43,85,5IZXB5IKAD2qlvTPJYDCFB,I Had Some Help (Feat. Morgan Wallen),https://open.spotify.com/track/5IZXB5IKAD2qlvTPJYDCFB,178205,True,246dkjvS1zLTtiykXe5h60,Post Malone,45667234,91,"dfw rap,melodic rap,pop,rap",4BbsHmXEghoPPevQjPnHXx,F-1 Trillion,album,2024-08-15,18,0.644,0.874,0,-4.723,1,0.0265,0.0113,0.0,0.227,0.753,128.017,4,2024-10-31,09:12:43
NL,Países Bajos,EUROPA,44,65,1sqe31TzOsjCeex1INgmsq,Hier Mag Alles,https://open.spotify.com/track/1sqe31TzOsjCeex1INgmsq,195859,False,2ylIKKdMukkuprCgY4ZDFE,Donnie,120052,61,dutch hip hop,7vAX7pi3sdfs65gVw6K1fi,Hier Mag Alles,single,2023-11-24,1,0.672,0.838,6,-5.246,0,0.0449,0.0334,0.0,0.06,0.783,139.978,4,2024-10-31,09:12:44
NL,Países Bajos,EUROPA,45,90,2PnlsTsOTLE5jnBnNe2K0A,The Emptiness Machine,https://open.spotify.com/track/2PnlsTsOTLE5jnBnNe2K0A,190427,True,6XyY86QOPPrYVGvF9ch6wz,Linkin Park,27326633,92,"alternative metal,nu metal,post-grunge,rap metal,rock",6W0Gabv5f3ugnckc6YgfJQ,The Emptiness Machine,single,2024-09-05,1,0.466,0.872,7,-3.344,1,0.0336,0.0156,0.0,0.121,0.806,184.115,4,2024-10-31,09:12:45
NL,Países Bajos,EUROPA,46,66,4xTjO1NgHBEbINFUQ9Kgao,"Zoet, Zout, Zuur",https://open.spotify.com/track/4xTjO1NgHBEbINFUQ9Kgao,180778,False,79TBgzOALTo3GOcKl1Rn8k,Robert van Hemert,9393,56,kermis,6FrJb3MtWlu4EQNbXZsN1P,"Zoet, Zout, Zuur",single,2023-05-19,2,0.577,0.882,9,-4.056,1,0.0505,0.0172,0.0,0.0697,0.637,136.168,4,2024-10-31,09:12:46
NL,Países Bajos,EUROPA,47,89,3xkHsmpQCBMytMJNiDf3Ii,Beautiful Things,https://open.spotify.com/track/3xkHsmpQCBMytMJNiDf3Ii,180304,False,22wbnEMDvgVIAGdFeek6ET,Benson Boone,3815769,86,singer-songwriter pop,168CdR21lfn0TTyw1Pkdcm,Fireworks & Rollerblades,album,2024-04-05,15,0.472,0.471,10,-5.692,1,0.0603,0.151,0.0,0.14,0.219,105.029,3,2024-10-31,09:12:47
NL,Países Bajos,EUROPA,48,70,6xX6zmaXeKzB4u9TiM1XgU,WE PRAY,https://open.spotify.com/track/6xX6zmaXeKzB4u9TiM1XgU,233406,False,4gzpq5DPGxSnKTe4SA8HAU,Coldplay,54350779,92,"permanent wave,pop",1PdMoahMiMnqWfzWZs3xSI,Moon Music (Full Moon Edition),album,2024-10-03,20,0.745,0.52,5,-7.99,0,0.0551,0.0658,9.57e-05,0.0753,0.683,135.966,4,2024-10-31,09:12:47
NL,Países Bajos,EUROPA,49,88,0io16MKpbeDIdYzmGpQaES,Embrace It,https://open.spotify.com/track/0io16MKpbeDIdYzmGpQaES,104418,True,5HK6QtizXJzCmoYTkvFRik,Ndotz,111806,74,chill drill,0mV9Pfr1GfoZLkp1EAau9P,Embrace It,single,2024-08-23,1,0.882,0.645,1,-7.233,1,0.0601,0.475,4.13e-05,0.057,0.788,114.933,4,2024-10-31,09:12:48
NL,Países Bajos,EUROPA,50,82,4pkb8SbRGeHAvdb87v9rpf,Miles On It,https://open.spotify.com/track/4pkb8SbRGeHAvdb87v9rpf,168355,False,64KEffDW9EtZ1y2vBYgq8T,Marshmello,33856376,84,"brostep,edm,pop,progressive electro house",5gWV4yp27HCbXJ1YLe8hQM,Miles On It,single,2024-05-03,1,0.634,0.761,5,-4.752,1,0.0472,0.00537,0.0,0.549,0.785,129.963,4,2024-10-31,09:12:49
SE,Suecia,EUROPA,1,68,1nPjwnKrO6imcSiaXNu8CX,Cecilia Lind,https://open.spotify.com/track/1nPjwnKrO6imcSiaXNu8CX,101631,True,6rYEqmajzlhGVaayOJ2bpJ,Yasin,325414,68,"swedish gangsta rap,swedish hip hop,swedish trap,swedish trap pop",6NqS3FF5codZXspRchbNbD,Cecilia Lind,single,2024-10-11,1,0.714,0.644,8,-6.212,0,0.29,0.0833,6.05e-06,0.146,0.656,132.285,5,2024-10-31,09:12:50
SE,Suecia,EUROPA,2,67,0Pii5EXqXhPOTcX86zDxaW,Ole Dole Doff,https://open.spotify.com/track/0Pii5EXqXhPOTcX86zDxaW,143566,True,3M1eBsR4rSTcDAzYopumeG,Asme,169947,65,"swedish gangsta rap,swedish hip hop,swedish trap,swedish trap pop",7tBDWD3QIoss32SnOEP63w,Ole Dole Doff,single,2024-10-11,1,0.546,0.535,5,-7.086,0,0.261,0.747,0.0,0.285,0.22,83.701,4,2024-10-31,09:12:51
SE,Suecia,EUROPA,3,70,5GdAGqF9ZI4gADtpVAxqe7,Lost and found,https://open.spotify.com/track/5GdAGqF9ZI4gADtpVAxqe7,194785,False,0NRMzT05nsc8mTm4iUvuHY,Molly Sandén,293732,63,"swedish idol pop,swedish pop",4lYqiJcxx3bhcZ076VRyjG,Lost and found,single,2024-09-20,1,0.795,0.191,3,-10.622,1,0.0409,0.757,0.0,0.0973,0.145,112.074,4,2024-10-31,09:12:52
SE,Suecia,EUROPA,4,66,2CBuonjhTSzjzDBKNhjxlF,Vanilj,https://open.spotify.com/track/2CBuonjhTSzjzDBKNhjxlF,139516,True,4Ui11oqvDCTqw4fxX2XkFW,BoBa,2763,52,,5QuG1YYAkTFUF7DETHLleW,Vanilj,single,2024-09-13,1,0.788,0.56,3,-8.287,0,0.115,0.747,0.00463,0.138,0.905,139.92,4,2024-10-31,09:12:53
SE,Suecia,EUROPA,5,68,2YYsb4d39JKLpQgTMpXOQ0,Regnblöta skor,https://open.spotify.com/track/2YYsb4d39JKLpQgTMpXOQ0,150733,False,2zd9YxlsQvA5mkZ1NarYVQ,Miriam Bryant,223229,64,"classic swedish pop,swedish idol pop,swedish pop,swedish pop rap",28QJLh9JDVzlGMp9aUZOyt,Regnblöta skor,single,2024-08-09,3,0.642,0.433,3,-8.184,1,0.0394,0.821,5.67e-06,0.341,0.164,98.121,4,2024-10-31,09:12:53
SE,Suecia,EUROPA,6,66,7HuBqX0G5mJTd8TEiPZ40K,DNA,https://open.spotify.com/track/7HuBqX0G5mJTd8TEiPZ40K,131850,True,6E4YKq2KF72sNDThe2TaE8,Y4ska,19025,59,swedish trap pop,45JiIIrnW41aiZrXvtKN8Q,DNA,single,2024-09-27,1,0.745,0.578,2,-7.04,1,0.0597,0.579,0.0148,0.115,0.517,100.044,4,2024-10-31,09:12:54
SE,Suecia,EUROPA,7,70,0j2JcSeuF8ElJTrC8g6493,Djurens vaggvisa,https://open.spotify.com/track/0j2JcSeuF8ElJTrC8g6493,140046,False,73nQT8Arf05XV666SlvrVQ,Humlan Djojj,22469,69,"barnmusik,barnsagor",4WNif9l3tnCtgdyLO3hTaG,Somna med Humlan Djojj,album,2020-10-30,10,0.684,0.0326,0,-17.898,1,0.0583,0.973,2e-06,0.108,0.44,66.685,5,2024-10-31,09:12:55
SE,Suecia,EUROPA,8,57,2J38DVGTR8RV4jLVdDmtQv,HOLD UP,https://open.spotify.com/track/2J38DVGTR8RV4jLVdDmtQv,139065,True,2Dor6diK1zw9BEluKBOdoA,23,131560,65,"swedish drill,swedish hip hop,swedish trap pop",5FWdWr7uv3EwmMx8UlyqsJ,HOLD UP,single,2024-10-25,1,0.521,0.796,8,-7.352,1,0.458,0.0915,0.0105,0.0874,0.516,136.907,5,2024-10-31,09:12:56
SE,Suecia,EUROPA,9,91,2262bWmqomIaJXwCRHr13j,Sailor Song,https://open.spotify.com/track/2262bWmqomIaJXwCRHr13j,211978,False,1iCnM8foFssWlPRLfAbIwo,Gigi Perez,424458,80,bedroom pop,68CN2LzY8MoxO2udy2C22e,Sailor Song,single,2024-07-26,1,0.494,0.413,11,-10.432,1,0.0254,0.682,6.72e-05,0.193,0.273,94.938,4,2024-10-31,09:12:57
SE,Suecia,EUROPA,10,100,2plbrEY59IikOBgBGLjaoe,Die With A Smile,https://open.spotify.com/track/2plbrEY59IikOBgBGLjaoe,251667,False,1HY2Jd0NmPuamShAr6KMms,Lady Gaga,32416547,92,"art pop,dance pop,pop",10FLjwfpbxLmW8c25Xyc2N,Die With A Smile,single,2024-08-16,1,0.521,0.592,6,-7.777,0,0.0304,0.308,0.0,0.122,0.535,157.969,3,2024-10-31,09:12:57
SE,Suecia,EUROPA,11,66,0ZW2C4Yd8HvGXM6jrLmChx,CALMA,https://open.spotify.com/track/0ZW2C4Yd8HvGXM6jrLmChx,120000,True,6E4YKq2KF72sNDThe2TaE8,Y4ska,19025,59,swedish trap pop,0DNUkgfYrdwXS0HuUm2hGk,CALMA,single,2024-05-17,1,0.474,0.636,4,-8.914,0,0.0554,0.502,1.29e-05,0.186,0.78,200.101,4,2024-10-31,09:12:58
SE,Suecia,EUROPA,12,68,2UX821OXiIYGp67PdMqmoe,I Might,https://open.spotify.com/track/2UX821OXiIYGp67PdMqmoe,158378,True,4kUfJdASJDMPLuo1t1N2zi,Sarettii,80119,60,"swedish hip hop,swedish trap pop",0BV35xKFmcMBLRuQqnB78d,I Might,single,2024-08-30,1,0.819,0.855,5,-5.791,0,0.204,0.518,0.0,0.113,0.634,111.014,4,2024-10-31,09:12:59
SE,Suecia,EUROPA,13,62,3GygspQIcYy5OnRiw245Qh,Babblarnas vaggvisa,https://open.spotify.com/track/3GygspQIcYy5OnRiw245Qh,334053,False,1aA5OGASCVhznQYm71BMYg,Babblarna,46144,58,barnmusik,6P4rV3154g0xVp9vrOyYH1,Upp och ner och hit och dit med Babblarna,album,2023-09-01,18,0.299,0.234,11,-13.009,1,0.0321,0.828,0.000101,0.0959,0.333,186.369,4,2024-10-31,09:13:00
SE,Suecia,EUROPA,14,59,0MG5kEZwTRrjKc0RZo9iCA,Back To You,https://open.spotify.com/track/0MG5kEZwTRrjKc0RZo9iCA,203960,False,7jEEE187pVG6InOxn03oA5,Benjamin Ingrosso,276540,69,swedish pop,5vFDUbMumlLOjC75rHioJC,Pink Velvet Theatre,album,2024-10-25,14,0.4,0.793,4,-5.357,0,0.0425,0.0896,0.0,0.202,0.329,176.023,4,2024-10-31,09:13:01
SE,Suecia,EUROPA,15,85,5fZJQrFKWQLb7FpJXZ1g7K,A Bar Song (Tipsy),https://open.spotify.com/track/5fZJQrFKWQLb7FpJXZ1g7K,171291,True,3y2cIKLjiOlp1Np37WiUdH,Shaboozey,744170,80,"modern country pop,pop rap",0DLvFVIfwt3OHdK9kGeEM3,"Where I've Been, Isn't Where I'm Going",album,2024-05-31,12,0.722,0.706,9,-4.857,1,0.0292,0.072,0.0,0.067,0.599,80.969,4,2024-10-31,09:13:02
SE,Suecia,EUROPA,16,97,6dOtVTDdiauQNBQEDOtlAB,BIRDS OF A FEATHER,https://open.spotify.com/track/6dOtVTDdiauQNBQEDOtlAB,210373,False,6qqNVTkY8uBg9cP3Jd7DAH,Billie Eilish,101433183,96,"art pop,pop",7aJuG4TFXa2hmE4z1yxc3n,HIT ME HARD AND SOFT,album,2024-05-17,10,0.747,0.507,2,-10.171,1,0.0358,0.2,0.0608,0.117,0.438,104.978,4,2024-10-31,09:13:03
SE,Suecia,EUROPA,17,65,3jEU1V6aIJR8cQWiKT8BNT,Aiko,https://open.spotify.com/track/3jEU1V6aIJR8cQWiKT8BNT,146260,True,3M1eBsR4rSTcDAzYopumeG,Asme,169947,65,"swedish gangsta rap,swedish hip hop,swedish trap,swedish trap pop",4HXJUqCo77UmYUR4USxu3F,Aiko,single,2024-08-30,1,0.735,0.548,3,-10.974,0,0.281,0.621,0.00829,0.121,0.65,121.985,4,2024-10-31,09:13:03
SE,Suecia,EUROPA,18,43,2RBvyTnkcHF6zddeq8Ewrd,WIFI,https://open.spotify.com/track/2RBvyTnkcHF6zddeq8Ewrd,173392,True,3vHwJg9XHrACvX9ZlwV8pT,Adel,98571,55,"swedish gangsta rap,swedish hip hop,swedish trap,swedish trap pop",3mhzqQoBf1R4Qusl6YmAxO,WIFI,single,2024-10-25,1,0.567,0.838,6,-5.742,1,0.233,0.423,2.27e-06,0.109,0.605,191.742,4,2024-10-31,09:13:04
SE,Suecia,EUROPA,19,67,3PzfAzqI03wcX8OikTdrH2,Viva La Vida,https://open.spotify.com/track/3PzfAzqI03wcX8OikTdrH2,147428,False,03SBMfoHX3EUENFwFoLN5i,Soppgirobygget,60178,63,russelater,1L8q23sIBg9hklgZwbHyVX,Viva La Vida,single,2024-03-15,1,0.608,0.904,5,-5.842,1,0.302,0.0514,0.0,0.45,0.579,139.855,4,2024-10-31,09:13:05
SE,Suecia,EUROPA,20,95,5vNRhkKd0yEAg8suGBpjeY,APT.,https://open.spotify.com/track/5vNRhkKd0yEAg8suGBpjeY,169917,False,3eVa5w3URK5duf6eyVDbu9,ROSÉ,7632823,82,k-pop,2IYQwwgxgOIn7t3iF6ufFD,APT.,single,2024-10-18,1,0.777,0.783,0,-4.477,0,0.26,0.0283,0.0,0.355,0.939,149.027,4,2024-10-31,09:13:06
SE,Suecia,EUROPA,21,64,00R2eVdkti9OZboefW2f4i,PSG,https://open.spotify.com/track/00R2eVdkti9OZboefW2f4i,160500,True,2Dor6diK1zw9BEluKBOdoA,23,131560,65,"swedish drill,swedish hip hop,swedish trap pop",3DqTOXqAYA9sjSjpdQ7aHw,PSG,single,2024-09-27,1,0.721,0.636,1,-6.603,1,0.0393,0.0671,0.128,0.146,0.56,81.502,4,2024-10-31,09:13:07
SE,Suecia,EUROPA,22,64,3CTgRPxyTh2w7wBjVFH88e,Honey Boy (feat. Nile Rodgers & Shenseea),https://open.spotify.com/track/3CTgRPxyTh2w7wBjVFH88e,227283,False,2WBJQGf1bT1kxuoqziH5g4,Purple Disco Machine,750037,74,"deep house,house",1jWcipGHDLJ94RMB2XUhgK,Paradise,album,2024-09-20,15,0.721,0.804,5,-5.457,0,0.054,0.0108,0.000128,0.0822,0.926,119.982,4,2024-10-31,09:13:07
SE,Suecia,EUROPA,23,63,4o5Ob60pz8QHcFKcr4MWyf,Ikväll Igen,https://open.spotify.com/track/4o5Ob60pz8QHcFKcr4MWyf,137727,False,55ZGFvikpNjQHvtTWS5aZF,Bolaget,161668,64,swedish pop,1ivEkyr50tSXBwwZ8z7E32,Ikväll Igen,single,2023-04-12,1,0.617,0.529,0,-7.931,1,0.0957,0.498,0.0,0.553,0.501,165.015,4,2024-10-31,09:13:08
SE,Suecia,EUROPA,24,50,2qEQy3x9MQH7eTJU6LmEJx,Look Who's Laughing Now,https://open.spotify.com/track/2qEQy3x9MQH7eTJU6LmEJx,172493,False,7jEEE187pVG6InOxn03oA5,Benjamin Ingrosso,276540,69,swedish pop,5vFDUbMumlLOjC75rHioJC,Pink Velvet Theatre,album,2024-10-25,14,0.824,0.616,10,-5.815,1,0.0607,0.262,0.0,0.305,0.656,125.019,4,2024-10-31,09:13:09
SE,Suecia,EUROPA,25,89,17phhZDn6oGtzMe56NuWvj,Lose Control,https://open.spotify.com/track/17phhZDn6oGtzMe56NuWvj,210688,False,33qOK5uJ8AR2xuQQAhHump,Teddy Swims,3267350,86,,7nacKlk586eLRBSIsrk9DB,I've Tried Everything But Therapy (Part 1),album,2023-09-15,10,0.561,0.604,9,-4.409,1,0.0337,0.199,1.9e-05,0.104,0.242,159.92,3,2024-10-31,09:13:10
SE,Suecia,EUROPA,26,84,7hR22TOX3RorxJPcsz5Wbo,Love Somebody,https://open.spotify.com/track/7hR22TOX3RorxJPcsz5Wbo,204828,False,4oUHIQIBe0LHzYfvXNW4QM,Morgan Wallen,10987568,91,contemporary country,0TxewlKVKdpP18dGg279ep,Love Somebody,single,2024-10-18,1,0.619,0.843,5,-5.348,0,0.0284,0.00948,0.000118,0.164,0.746,122.064,4,2024-10-31,09:13:11
SE,Suecia,EUROPA,27,64,6KOzO2mUwSwe8a9GiJAn7X,Kan Inte Gå,https://open.spotify.com/track/6KOzO2mUwSwe8a9GiJAn7X,146718,False,55ZGFvikpNjQHvtTWS5aZF,Bolaget,161668,64,swedish pop,1rOwYVdRnJW8rHhEkG6zfC,Kan Inte Gå,single,2021-12-29,1,0.721,0.414,11,-9.104,0,0.132,0.219,0.0,0.164,0.652,144.758,4,2024-10-31,09:13:11
SE,Suecia,EUROPA,28,94,5G2f63n7IPVPPjfNIGih7Q,Taste,https://open.spotify.com/track/5G2f63n7IPVPPjfNIGih7Q,157279,False,74KM79TiuVKeVCqs8QtB0B,Sabrina Carpenter,14260468,95,pop,3iPSVi54hsacKKl1xIR2eH,Short n' Sweet,album,2024-08-23,12,0.674,0.907,3,-4.086,1,0.064,0.101,0.0,0.297,0.721,112.964,4,2024-10-31,09:13:12
SE,Suecia,EUROPA,29,63,29YN98sTVSpfYMpPzFXaGU,Välkommen ner,https://open.spotify.com/track/29YN98sTVSpfYMpPzFXaGU,158062,False,55ZGFvikpNjQHvtTWS5aZF,Bolaget,161668,64,swedish pop,2g6uhhynepaJyUn5eFR4qN,Välkommen ner,single,2024-04-10,1,0.475,0.56,10,-7.321,0,0.0552,0.049,0.0,0.0794,0.613,159.926,4,2024-10-31,09:13:13
SE,Suecia,EUROPA,30,59,4TnoZMlHYaYVCVB8BXMVj9,På Måndag,https://open.spotify.com/track/4TnoZMlHYaYVCVB8BXMVj9,178118,False,04HqRx07Bv9gh7rsrMTqs7,Miss Li,318367,64,"classic swedish pop,swedish pop",1yCaTHv9EDvzA8hIDKIAB9,"Livet, döden, skiten däremellan",album,2024-10-11,17,0.676,0.511,10,-7.187,1,0.0436,0.379,0.0,0.14,0.6,147.999,4,2024-10-31,09:13:14
SE,Suecia,EUROPA,31,56,0ltWabjFKp4e1qqS93DI2n,Angela,https://open.spotify.com/track/0ltWabjFKp4e1qqS93DI2n,252093,False,7jEEE187pVG6InOxn03oA5,Benjamin Ingrosso,276540,69,swedish pop,5vFDUbMumlLOjC75rHioJC,Pink Velvet Theatre,album,2024-10-25,14,0.55,0.664,8,-5.763,1,0.0293,0.013,1.28e-05,0.0884,0.217,100.971,4,2024-10-31,09:13:15
SE,Suecia,EUROPA,32,83,3nHuKdFJZm78CoeBnDcFKe,Bad Dreams,https://open.spotify.com/track/3nHuKdFJZm78CoeBnDcFKe,184577,False,33qOK5uJ8AR2xuQQAhHump,Teddy Swims,3267350,86,,2VxQFEEnhwiV5LpMuHKViR,Bad Dreams,single,2024-09-13,1,0.707,0.68,8,-6.203,1,0.0884,0.274,0.0,0.0932,0.62,125.058,4,2024-10-31,09:13:15
SE,Suecia,EUROPA,33,85,5IZXB5IKAD2qlvTPJYDCFB,I Had Some Help (Feat. Morgan Wallen),https://open.spotify.com/track/5IZXB5IKAD2qlvTPJYDCFB,178205,True,246dkjvS1zLTtiykXe5h60,Post Malone,45667234,91,"dfw rap,melodic rap,pop,rap",4BbsHmXEghoPPevQjPnHXx,F-1 Trillion,album,2024-08-15,18,0.644,0.874,0,-4.723,1,0.0265,0.0113,0.0,0.227,0.753,128.017,4,2024-10-31,09:13:16
SE,Suecia,EUROPA,34,64,7daGugofgBVQN2TGIrlFjO,SAHBI,https://open.spotify.com/track/7daGugofgBVQN2TGIrlFjO,154793,True,7zLm9op6LgPqKL62d1FzhO,ADAAM,191677,60,"swedish hip hop,swedish trap pop",4rJgeIJrPR81atptFEp9fD,SAHBI,single,2024-07-19,1,0.814,0.779,10,-6.146,1,0.173,0.15,0.0,0.129,0.577,137.985,4,2024-10-31,09:13:17
SE,Suecia,EUROPA,35,88,2uqYupMHANxnwgeiXTZXzd,Austin (Boots Stop Workin'),https://open.spotify.com/track/2uqYupMHANxnwgeiXTZXzd,171782,True,7Ez6lTtSMjMf2YSYpukP1I,Dasha,244156,75,,40HsqPqeSR9Xe3IyAJWr6e,What Happens Now?,album,2024-02-16,8,0.756,0.672,0,-6.743,1,0.0522,0.464,3.37e-06,0.108,0.739,114.935,4,2024-10-31,09:13:18
SE,Suecia,EUROPA,36,88,3hRV0jL3vUpRrcy398teAU,The Night We Met,https://open.spotify.com/track/3hRV0jL3vUpRrcy398teAU,208211,False,6ltzsmQQbmdoHHbLZ4ZN25,Lord Huron,1748129,78,"indie folk,stomp and holler",4sD1qg4jwTZR4mvR4Iflk5,Strange Trails,album,2015-04-06,14,0.448,0.369,9,-9.514,1,0.0452,0.968,0.272,0.638,0.0998,174.097,3,2024-10-31,09:13:19
SE,Suecia,EUROPA,37,89,3xkHsmpQCBMytMJNiDf3Ii,Beautiful Things,https://open.spotify.com/track/3xkHsmpQCBMytMJNiDf3Ii,180304,False,22wbnEMDvgVIAGdFeek6ET,Benson Boone,3815769,86,singer-songwriter pop,168CdR21lfn0TTyw1Pkdcm,Fireworks & Rollerblades,album,2024-04-05,15,0.472,0.471,10,-5.692,1,0.0603,0.151,0.0,0.14,0.219,105.029,3,2024-10-31,09:13:19
SE,Suecia,EUROPA,38,88,2HRqTpkrJO5ggZyyK6NPWz,Espresso,https://open.spotify.com/track/2HRqTpkrJO5ggZyyK6NPWz,175459,True,74KM79TiuVKeVCqs8QtB0B,Sabrina Carpenter,14260468,95,pop,3iPSVi54hsacKKl1xIR2eH,Short n' Sweet,album,2024-08-23,12,0.699,0.776,0,-5.282,1,0.0293,0.131,5.36e-06,0.205,0.708,103.963,4,2024-10-31,09:13:20
SE,Suecia,EUROPA,39,63,401N7rbd6MSziVSDVTaQr7,Somna,https://open.spotify.com/track/401N7rbd6MSziVSDVTaQr7,160373,False,73nQT8Arf05XV666SlvrVQ,Humlan Djojj,22469,69,"barnmusik,barnsagor",4WNif9l3tnCtgdyLO3hTaG,Somna med Humlan Djojj,album,2020-10-30,10,0.274,0.073,0,-15.555,1,0.0384,0.98,2.36e-05,0.168,0.261,174.298,3,2024-10-31,09:13:21
SE,Suecia,EUROPA,40,90,5O2P9iiztwhomNh8xkR9lJ,Night Changes,https://open.spotify.com/track/5O2P9iiztwhomNh8xkR9lJ,226600,False,4AK6F7OLvEQ5QYCBNiQWHq,One Direction,37254233,91,"boy band,pop,post-teen pop,talent show",4gCNyS7pidfK3rKWhB3JOY,FOUR (Deluxe),album,2014-11-17,16,0.672,0.52,8,-7.747,1,0.0353,0.859,0.0,0.115,0.37,120.001,4,2024-10-31,09:13:22
SE,Suecia,EUROPA,41,61,5jlAu4lHHVzheutRcbDklk,Stjärnorna,https://open.spotify.com/track/5jlAu4lHHVzheutRcbDklk,166216,False,73nQT8Arf05XV666SlvrVQ,Humlan Djojj,22469,69,"barnmusik,barnsagor",4WNif9l3tnCtgdyLO3hTaG,Somna med Humlan Djojj,album,2020-10-30,10,0.276,0.0676,9,-18.426,1,0.0324,0.985,0.00402,0.0729,0.118,71.766,4,2024-10-31,09:13:23
SE,Suecia,EUROPA,42,87,4nVBt6MZDDP6tRVdQTgxJg,Story of My Life,https://open.spotify.com/track/4nVBt6MZDDP6tRVdQTgxJg,245493,False,4AK6F7OLvEQ5QYCBNiQWHq,One Direction,37254233,91,"boy band,pop,post-teen pop,talent show",7p1fX8aUySrBdx4WSYspOu,Midnight Memories (Deluxe),album,2013-11-25,18,0.6,0.663,3,-5.802,1,0.0477,0.225,0.0,0.119,0.286,121.07,4,2024-10-31,09:13:23
SE,Suecia,EUROPA,43,85,7ne4VBA60CxGM75vw0EYad,That’s So True,https://open.spotify.com/track/7ne4VBA60CxGM75vw0EYad,166300,True,4tuJ0bMpJh08umKkEXKUI5,Gracie Abrams,2864071,88,alt z,0hBRqPYPXhr1RkTDG3n4Mk,The Secret of Us (Deluxe),album,2024-10-18,20,0.554,0.808,1,-4.169,1,0.0368,0.214,0.0,0.159,0.372,108.548,4,2024-10-31,09:13:24
SE,Suecia,EUROPA,44,83,1QoyuMHNBe7lg3YW4Qtll4,St. Chroma (feat. Daniel Caesar),https://open.spotify.com/track/1QoyuMHNBe7lg3YW4Qtll4,197019,True,4V8LLVI7PbaPR0K2TGSxFF,"Tyler, The Creator",17261006,92,"hip hop,rap",0U28P0QVB1QRxpqp5IHOlH,CHROMAKOPIA,album,2024-10-28,14,0.576,0.884,0,-5.058,1,0.555,0.357,0.0,0.368,0.373,150.45,4,2024-10-31,09:13:25
SE,Suecia,EUROPA,45,54,0Ji8JgIjTfYceQcpqMr1pX,Småstadsdrömmar,https://open.spotify.com/track/0Ji8JgIjTfYceQcpqMr1pX,175750,False,04HqRx07Bv9gh7rsrMTqs7,Miss Li,318367,64,"classic swedish pop,swedish pop",1yCaTHv9EDvzA8hIDKIAB9,"Livet, döden, skiten däremellan",album,2024-10-11,17,0.723,0.688,2,-5.015,0,0.0356,0.022,0.0,0.101,0.638,126.024,4,2024-10-31,09:13:26
SE,Suecia,EUROPA,46,51,2F2ZiGOzgHJ1uAlzDjoNlV,Burna Boy,https://open.spotify.com/track/2F2ZiGOzgHJ1uAlzDjoNlV,132000,True,0LVDX2sdKpfXwVmy52HLAc,25,10931,46,swedish trap pop,3VnYNpptu0Nbatuhz2nglz,Burna Boy,single,2024-10-25,1,0.719,0.586,3,-7.805,0,0.0386,0.0305,0.686,0.148,0.604,119.97,4,2024-10-31,09:13:27
SE,Suecia,EUROPA,47,56,6xQqbQAC42zuuKUABbDDXk,Killstreak,https://open.spotify.com/track/6xQqbQAC42zuuKUABbDDXk,131764,True,2PuGN7y0Lvx9ItrBKyutPU,Shacki,6811,53,swedish trap pop,4Eq7rQDpDJOU3Un5iU8d09,Dubbla Flows,single,2024-10-18,2,0.851,0.509,11,-8.262,0,0.252,0.0895,0.401,0.112,0.187,101.96,4,2024-10-31,09:13:27
SE,Suecia,EUROPA,48,89,3Vr3zh0r7ALn8VLqCiRR10,Stargazing,https://open.spotify.com/track/3Vr3zh0r7ALn8VLqCiRR10,172533,False,3bO19AOone0ubCsfDXDtYt,Myles Smith,770748,79,singer-songwriter pop,3VNxRarx9HUI5w7DHv0TBj,Stargazing,single,2024-05-10,1,0.635,0.601,1,-6.129,0,0.0295,0.246,0.0,0.11,0.332,123.994,4,2024-10-31,09:13:28
SE,Suecia,EUROPA,49,94,0WbMK4wrZ1wFSty9F7FCgu,"Good Luck, Babe!",https://open.spotify.com/track/0WbMK4wrZ1wFSty9F7FCgu,218423,False,7GlBOeep6PqTfFi59PTUUN,Chappell Roan,3686982,89,indie pop,1WAjjRMfZjEXtB0lQrAw6Q,"Good Luck, Babe!",single,2024-04-05,1,0.7,0.582,11,-5.96,0,0.0356,0.0502,0.0,0.0881,0.785,116.712,4,2024-10-31,09:13:29
SE,Suecia,EUROPA,50,56,1H3okcaLb3IjLnp05KrRaD,Fitta och kebab,https://open.spotify.com/track/1H3okcaLb3IjLnp05KrRaD,139548,False,6tTI20dSq7pg481D7Mkcak,Prilla Generalen,8718,50,swedish eurodance,7KwlG3aWmbeZ9lF8Zb4lqn,Fitta och kebab,single,2024-02-23,1,0.559,0.879,8,-4.44,1,0.284,0.000373,7.69e-06,0.357,0.184,155.135,4,2024-10-31,09:13:30
NO,Noruega,EUROPA,1,62,7px3lmdf4nzNEMt6zaQ5yJ,SAMMEN,https://open.spotify.com/track/7px3lmdf4nzNEMt6zaQ5yJ,178280,True,7KjsjftPKKarTvZlawniPi,Marstein,24661,58,norwegian pop rap,5xRhibyk6AJwKrz4Ty9wcZ,FRIHET I LENKER,album,2024-10-25,16,0.65,0.734,3,-6.332,0,0.163,0.243,8.15e-05,0.084,0.339,105.199,4,2024-10-31,09:13:31
NO,Noruega,EUROPA,2,64,2QyL2WhZmOfpVSxy2BaI8U,Sees Igjen,https://open.spotify.com/track/2QyL2WhZmOfpVSxy2BaI8U,163142,True,1Kj6Km5IuLGKt2cxuhSgLm,Golfklubb,24518,59,,2ZbDIWIGCKtpK26NRTUw6s,Sees Igjen,single,2024-10-04,1,0.749,0.461,7,-10.053,0,0.0523,0.429,0.0,0.181,0.597,96.038,4,2024-10-31,09:13:32
NO,Noruega,EUROPA,3,91,2262bWmqomIaJXwCRHr13j,Sailor Song,https://open.spotify.com/track/2262bWmqomIaJXwCRHr13j,211978,False,1iCnM8foFssWlPRLfAbIwo,Gigi Perez,424458,80,bedroom pop,68CN2LzY8MoxO2udy2C22e,Sailor Song,single,2024-07-26,1,0.494,0.413,11,-10.432,1,0.0254,0.682,6.72e-05,0.193,0.273,94.938,4,2024-10-31,09:13:32
NO,Noruega,EUROPA,4,100,2plbrEY59IikOBgBGLjaoe,Die With A Smile,https://open.spotify.com/track/2plbrEY59IikOBgBGLjaoe,251667,False,1HY2Jd0NmPuamShAr6KMms,Lady Gaga,32416547,92,"art pop,dance pop,pop",10FLjwfpbxLmW8c25Xyc2N,Die With A Smile,single,2024-08-16,1,0.521,0.592,6,-7.777,0,0.0304,0.308,0.0,0.122,0.535,157.969,3,2024-10-31,09:13:33
NO,Noruega,EUROPA,5,84,7hR22TOX3RorxJPcsz5Wbo,Love Somebody,https://open.spotify.com/track/7hR22TOX3RorxJPcsz5Wbo,204828,False,4oUHIQIBe0LHzYfvXNW4QM,Morgan Wallen,10987568,91,contemporary country,0TxewlKVKdpP18dGg279ep,Love Somebody,single,2024-10-18,1,0.619,0.843,5,-5.348,0,0.0284,0.00948,0.000118,0.164,0.746,122.064,4,2024-10-31,09:13:34
NO,Noruega,EUROPA,6,52,2T137G2j4il2iSc2md900S,NEPOBABY,https://open.spotify.com/track/2T137G2j4il2iSc2md900S,128880,True,7KjsjftPKKarTvZlawniPi,Marstein,24661,58,norwegian pop rap,5xRhibyk6AJwKrz4Ty9wcZ,FRIHET I LENKER,album,2024-10-25,16,0.709,0.58,8,-8.262,0,0.344,0.397,0.000335,0.681,0.763,132.943,4,2024-10-31,09:13:35
NO,Noruega,EUROPA,7,51,3xSZnZx5QTf1qspnYd1Z9Z,3 VISE MENN,https://open.spotify.com/track/3xSZnZx5QTf1qspnYd1Z9Z,253320,True,7KjsjftPKKarTvZlawniPi,Marstein,24661,58,norwegian pop rap,5xRhibyk6AJwKrz4Ty9wcZ,FRIHET I LENKER,album,2024-10-25,16,0.647,0.588,11,-8.125,0,0.294,0.729,0.0,0.0982,0.612,97.082,4,2024-10-31,09:13:36
NO,Noruega,EUROPA,8,95,5vNRhkKd0yEAg8suGBpjeY,APT.,https://open.spotify.com/track/5vNRhkKd0yEAg8suGBpjeY,169917,False,3eVa5w3URK5duf6eyVDbu9,ROSÉ,7632823,82,k-pop,2IYQwwgxgOIn7t3iF6ufFD,APT.,single,2024-10-18,1,0.777,0.783,0,-4.477,0,0.26,0.0283,0.0,0.355,0.939,149.027,4,2024-10-31,09:13:36
NO,Noruega,EUROPA,9,83,1QoyuMHNBe7lg3YW4Qtll4,St. Chroma (feat. Daniel Caesar),https://open.spotify.com/track/1QoyuMHNBe7lg3YW4Qtll4,197019,True,4V8LLVI7PbaPR0K2TGSxFF,"Tyler, The Creator",17261006,92,"hip hop,rap",0U28P0QVB1QRxpqp5IHOlH,CHROMAKOPIA,album,2024-10-28,14,0.576,0.884,0,-5.058,1,0.555,0.357,0.0,0.368,0.373,150.45,4,2024-10-31,09:13:37
NO,Noruega,EUROPA,10,90,51rfRCiUSvxXlCSCfIztBy,"I Love You, I'm Sorry",https://open.spotify.com/track/51rfRCiUSvxXlCSCfIztBy,157146,True,4tuJ0bMpJh08umKkEXKUI5,Gracie Abrams,2864071,88,alt z,56bdWeO40o3WfAD2Lja4dl,The Secret of Us,album,2024-06-21,13,0.53,0.406,10,-7.507,1,0.033,0.656,0.0,0.133,0.338,115.94,3,2024-10-31,09:13:38
NO,Noruega,EUROPA,11,85,7ne4VBA60CxGM75vw0EYad,That’s So True,https://open.spotify.com/track/7ne4VBA60CxGM75vw0EYad,166300,True,4tuJ0bMpJh08umKkEXKUI5,Gracie Abrams,2864071,88,alt z,0hBRqPYPXhr1RkTDG3n4Mk,The Secret of Us (Deluxe),album,2024-10-18,20,0.554,0.808,1,-4.169,1,0.0368,0.214,0.0,0.159,0.372,108.548,4,2024-10-31,09:13:39
NO,Noruega,EUROPA,12,88,3hRV0jL3vUpRrcy398teAU,The Night We Met,https://open.spotify.com/track/3hRV0jL3vUpRrcy398teAU,208211,False,6ltzsmQQbmdoHHbLZ4ZN25,Lord Huron,1748129,78,"indie folk,stomp and holler",4sD1qg4jwTZR4mvR4Iflk5,Strange Trails,album,2015-04-06,14,0.448,0.369,9,-9.514,1,0.0452,0.968,0.272,0.638,0.0998,174.097,3,2024-10-31,09:13:40
NO,Noruega,EUROPA,13,97,6dOtVTDdiauQNBQEDOtlAB,BIRDS OF A FEATHER,https://open.spotify.com/track/6dOtVTDdiauQNBQEDOtlAB,210373,False,6qqNVTkY8uBg9cP3Jd7DAH,Billie Eilish,101433183,96,"art pop,pop",7aJuG4TFXa2hmE4z1yxc3n,HIT ME HARD AND SOFT,album,2024-05-17,10,0.747,0.507,2,-10.171,1,0.0358,0.2,0.0608,0.117,0.438,104.978,4,2024-10-31,09:13:41
NO,Noruega,EUROPA,14,94,5G2f63n7IPVPPjfNIGih7Q,Taste,https://open.spotify.com/track/5G2f63n7IPVPPjfNIGih7Q,157279,False,74KM79TiuVKeVCqs8QtB0B,Sabrina Carpenter,14260468,95,pop,3iPSVi54hsacKKl1xIR2eH,Short n' Sweet,album,2024-08-23,12,0.674,0.907,3,-4.086,1,0.064,0.101,0.0,0.297,0.721,112.964,4,2024-10-31,09:13:41
NO,Noruega,EUROPA,15,50,4xqPNwRkLyiiV2oqju92ie,VIS MEG DIN VERDEN,https://open.spotify.com/track/4xqPNwRkLyiiV2oqju92ie,178226,True,7KjsjftPKKarTvZlawniPi,Marstein,24661,58,norwegian pop rap,5xRhibyk6AJwKrz4Ty9wcZ,FRIHET I LENKER,album,2024-10-25,16,0.715,0.608,5,-7.593,0,0.273,0.298,1.13e-05,0.221,0.236,89.08,4,2024-10-31,09:13:42
NO,Noruega,EUROPA,16,85,5fZJQrFKWQLb7FpJXZ1g7K,A Bar Song (Tipsy),https://open.spotify.com/track/5fZJQrFKWQLb7FpJXZ1g7K,171291,True,3y2cIKLjiOlp1Np37WiUdH,Shaboozey,744170,80,"modern country pop,pop rap",0DLvFVIfwt3OHdK9kGeEM3,"Where I've Been, Isn't Where I'm Going",album,2024-05-31,12,0.722,0.706,9,-4.857,1,0.0292,0.072,0.0,0.067,0.599,80.969,4,2024-10-31,09:13:43
NO,Noruega,EUROPA,17,67,0fFMt9cc1EEQDIWLGDcqKd,Så længe jeg er sexy.,https://open.spotify.com/track/0fFMt9cc1EEQDIWLGDcqKd,150190,False,1GKN1Js8fa19K23eIhOMhg,Annika,14606,59,danish pop,2d9nhH2AHzxAf1Bo2PfCs9,Så længe jeg er sexy.,single,2024-08-02,1,0.543,0.674,0,-6.241,0,0.153,0.262,0.0,0.244,0.579,155.84,4,2024-10-31,09:13:44
NO,Noruega,EUROPA,18,61,6XkqKHyHdIKBZC8qeMHsPv,AYT,https://open.spotify.com/track/6XkqKHyHdIKBZC8qeMHsPv,159207,True,7GgWpPrcNYH90st7I3nJtv,Ballinciaga,130997,58,,7gtvQgvvC8JrSC9mSpbvfP,AYT,single,2024-09-27,1,0.888,0.564,10,-6.76,0,0.0739,0.115,0.00688,0.116,0.882,100.975,4,2024-10-31,09:13:45
NO,Noruega,EUROPA,19,50,1K1MXnB7zbeouWZ0B6wlsf,BIPOLAR,https://open.spotify.com/track/1K1MXnB7zbeouWZ0B6wlsf,170146,True,7KjsjftPKKarTvZlawniPi,Marstein,24661,58,norwegian pop rap,5xRhibyk6AJwKrz4Ty9wcZ,FRIHET I LENKER,album,2024-10-25,16,0.71,0.818,2,-6.555,1,0.342,0.341,1.54e-06,0.105,0.221,96.786,4,2024-10-31,09:13:45
NO,Noruega,EUROPA,20,50,4Vrbv4EQ5kAsupUZRHHQvQ,Ambassadør,https://open.spotify.com/track/4Vrbv4EQ5kAsupUZRHHQvQ,169263,True,7krakxeyEmge6pzTthKNyg,Bausa,19777,53,russelater,1DjkyWV85yWHHOhKYDtFou,Ambassadør,single,2024-10-25,1,0.685,0.692,1,-7.172,1,0.088,0.166,5.36e-06,0.214,0.649,95.031,4,2024-10-31,09:13:46
NO,Noruega,EUROPA,21,89,3xkHsmpQCBMytMJNiDf3Ii,Beautiful Things,https://open.spotify.com/track/3xkHsmpQCBMytMJNiDf3Ii,180304,False,22wbnEMDvgVIAGdFeek6ET,Benson Boone,3815769,86,singer-songwriter pop,168CdR21lfn0TTyw1Pkdcm,Fireworks & Rollerblades,album,2024-04-05,15,0.472,0.471,10,-5.692,1,0.0603,0.151,0.0,0.14,0.219,105.029,3,2024-10-31,09:13:47
NO,Noruega,EUROPA,22,80,1YdtGoSYDvVQKoUqSDXX41,Noid,https://open.spotify.com/track/1YdtGoSYDvVQKoUqSDXX41,284363,True,4V8LLVI7PbaPR0K2TGSxFF,"Tyler, The Creator",17261006,92,"hip hop,rap",0U28P0QVB1QRxpqp5IHOlH,CHROMAKOPIA,album,2024-10-28,14,0.38,0.784,1,-6.004,1,0.299,0.523,0.000139,0.494,0.418,82.318,4,2024-10-31,09:13:48
NO,Noruega,EUROPA,23,88,2HRqTpkrJO5ggZyyK6NPWz,Espresso,https://open.spotify.com/track/2HRqTpkrJO5ggZyyK6NPWz,175459,True,74KM79TiuVKeVCqs8QtB0B,Sabrina Carpenter,14260468,95,pop,3iPSVi54hsacKKl1xIR2eH,Short n' Sweet,album,2024-08-23,12,0.699,0.776,0,-5.282,1,0.0293,0.131,5.36e-06,0.205,0.708,103.963,4,2024-10-31,09:13:49
NO,Noruega,EUROPA,24,81,0VaeksJaXy5R1nvcTMh3Xk,"Darling, I (feat. Teezo Touchdown)",https://open.spotify.com/track/0VaeksJaXy5R1nvcTMh3Xk,253834,True,4V8LLVI7PbaPR0K2TGSxFF,"Tyler, The Creator",17261006,92,"hip hop,rap",0U28P0QVB1QRxpqp5IHOlH,CHROMAKOPIA,album,2024-10-28,14,0.373,0.818,3,-3.19,0,0.102,0.36,0.0,0.434,0.361,97.571,4,2024-10-31,09:13:50
NO,Noruega,EUROPA,25,54,3zylEBiAOPq3OBBdtpB5M4,Run It Up,https://open.spotify.com/track/3zylEBiAOPq3OBBdtpB5M4,147125,True,4OL8M4X2h0li7ThNulTjmx,Problembarn,6412,49,russelater,2WJfge21aAzDJOMX5QOFy1,Run It Up,single,2024-10-11,1,0.786,0.718,2,-7.494,1,0.112,0.0333,0.0,0.418,0.545,105.028,4,2024-10-31,09:13:50
NO,Noruega,EUROPA,26,65,4u6STUR9fsBQozW1S40BTN,Sigg,https://open.spotify.com/track/4u6STUR9fsBQozW1S40BTN,158815,True,7GgWpPrcNYH90st7I3nJtv,Ballinciaga,130997,58,,257wUtgGlLJmtJManK37Pk,Sigg,single,2024-07-19,1,0.599,0.727,10,-4.648,0,0.0827,0.0634,0.139,0.122,0.545,104.885,4,2024-10-31,09:13:51
NO,Noruega,EUROPA,27,89,17phhZDn6oGtzMe56NuWvj,Lose Control,https://open.spotify.com/track/17phhZDn6oGtzMe56NuWvj,210688,False,33qOK5uJ8AR2xuQQAhHump,Teddy Swims,3267350,86,,7nacKlk586eLRBSIsrk9DB,I've Tried Everything But Therapy (Part 1),album,2023-09-15,10,0.561,0.604,9,-4.409,1,0.0337,0.199,1.9e-05,0.104,0.242,159.92,3,2024-10-31,09:13:52
NO,Noruega,EUROPA,28,85,5IZXB5IKAD2qlvTPJYDCFB,I Had Some Help (Feat. Morgan Wallen),https://open.spotify.com/track/5IZXB5IKAD2qlvTPJYDCFB,178205,True,246dkjvS1zLTtiykXe5h60,Post Malone,45667234,91,"dfw rap,melodic rap,pop,rap",4BbsHmXEghoPPevQjPnHXx,F-1 Trillion,album,2024-08-15,18,0.644,0.874,0,-4.723,1,0.0265,0.0113,0.0,0.227,0.753,128.017,4,2024-10-31,09:13:53
NO,Noruega,EUROPA,29,88,2uqYupMHANxnwgeiXTZXzd,Austin (Boots Stop Workin'),https://open.spotify.com/track/2uqYupMHANxnwgeiXTZXzd,171782,True,7Ez6lTtSMjMf2YSYpukP1I,Dasha,244156,75,,40HsqPqeSR9Xe3IyAJWr6e,What Happens Now?,album,2024-02-16,8,0.756,0.672,0,-6.743,1,0.0522,0.464,3.37e-06,0.108,0.739,114.935,4,2024-10-31,09:13:54
NO,Noruega,EUROPA,30,57,6RoSerWCwfdjlRxACcV5r7,Hånd I Hanske (Brottsmann),https://open.spotify.com/track/6RoSerWCwfdjlRxACcV5r7,144461,True,0l2QmwUY1pWAjK8RcoXQ2v,Sleiken,1805,51,russelater,2qt8z1HhFohrme0rWKvkI6,Hånd I Hanske (Brottsmann),single,2024-10-03,1,0.793,0.572,1,-8.182,0,0.191,0.0236,0.000961,0.11,0.404,130.047,4,2024-10-31,09:13:55
NO,Noruega,EUROPA,31,50,1tZcMZuND8iYAkE1aoz1rQ,TIKTOK SOUND,https://open.spotify.com/track/1tZcMZuND8iYAkE1aoz1rQ,188800,True,7KjsjftPKKarTvZlawniPi,Marstein,24661,58,norwegian pop rap,5xRhibyk6AJwKrz4Ty9wcZ,FRIHET I LENKER,album,2024-10-25,16,0.676,0.727,7,-5.284,0,0.156,0.112,0.00153,0.219,0.469,95.012,4,2024-10-31,09:13:55
NO,Noruega,EUROPA,32,81,5RePVWy39tLpHH0WwXgBsK,Rah Tah Tah,https://open.spotify.com/track/5RePVWy39tLpHH0WwXgBsK,165412,True,4V8LLVI7PbaPR0K2TGSxFF,"Tyler, The Creator",17261006,92,"hip hop,rap",0U28P0QVB1QRxpqp5IHOlH,CHROMAKOPIA,album,2024-10-28,14,0.661,0.878,1,-4.099,1,0.31,0.00289,0.0,0.381,0.514,82.557,4,2024-10-31,09:13:56
NO,Noruega,EUROPA,33,92,3QaPy1KgI7nu9FJEQUgn6h,WILDFLOWER,https://open.spotify.com/track/3QaPy1KgI7nu9FJEQUgn6h,261466,False,6qqNVTkY8uBg9cP3Jd7DAH,Billie Eilish,101433183,96,"art pop,pop",7aJuG4TFXa2hmE4z1yxc3n,HIT ME HARD AND SOFT,album,2024-05-17,10,0.467,0.247,6,-12.002,0,0.0431,0.612,0.000271,0.17,0.126,148.101,4,2024-10-31,09:13:57
NO,Noruega,EUROPA,34,84,1LY3GhF0zxIVgbYEQjCbUO,The Sound of Silence - CYRIL Remix,https://open.spotify.com/track/1LY3GhF0zxIVgbYEQjCbUO,185238,False,3TOqt5oJwL9BE2NG9MEwDa,Disturbed,6931977,78,"alternative metal,nu metal,rap metal,rock",4AaJMesGEVwF7QpWMSG29p,The Sound of Silence (CYRIL Remix),single,2024-02-02,1,0.68,0.721,6,-4.379,0,0.188,0.123,0.0,0.162,0.244,125.963,4,2024-10-31,09:13:58
NO,Noruega,EUROPA,35,92,1Es7AUAhQvapIcoh3qMKDL,Timeless (with Playboi Carti),https://open.spotify.com/track/1Es7AUAhQvapIcoh3qMKDL,256000,True,1Xyo4u8uXC1ZmMpatF05PJ,The Weeknd,93543802,96,"canadian contemporary r&b,canadian pop,pop",2IRxVVqbSbqHJo8Zx50LYn,Timeless,single,2024-09-27,1,0.769,0.722,11,-5.485,0,0.0507,0.0584,2.56e-06,0.111,0.57,119.973,4,2024-10-31,09:13:59
NO,Noruega,EUROPA,36,94,0WbMK4wrZ1wFSty9F7FCgu,"Good Luck, Babe!",https://open.spotify.com/track/0WbMK4wrZ1wFSty9F7FCgu,218423,False,7GlBOeep6PqTfFi59PTUUN,Chappell Roan,3686982,89,indie pop,1WAjjRMfZjEXtB0lQrAw6Q,"Good Luck, Babe!",single,2024-04-05,1,0.7,0.582,11,-5.96,0,0.0356,0.0502,0.0,0.0881,0.785,116.712,4,2024-10-31,09:13:59
NO,Noruega,EUROPA,37,87,4nVBt6MZDDP6tRVdQTgxJg,Story of My Life,https://open.spotify.com/track/4nVBt6MZDDP6tRVdQTgxJg,245493,False,4AK6F7OLvEQ5QYCBNiQWHq,One Direction,37254233,91,"boy band,pop,post-teen pop,talent show",7p1fX8aUySrBdx4WSYspOu,Midnight Memories (Deluxe),album,2013-11-25,18,0.6,0.663,3,-5.802,1,0.0477,0.225,0.0,0.119,0.286,121.07,4,2024-10-31,09:14:00
NO,Noruega,EUROPA,38,90,5O2P9iiztwhomNh8xkR9lJ,Night Changes,https://open.spotify.com/track/5O2P9iiztwhomNh8xkR9lJ,226600,False,4AK6F7OLvEQ5QYCBNiQWHq,One Direction,37254233,91,"boy band,pop,post-teen pop,talent show",4gCNyS7pidfK3rKWhB3JOY,FOUR (Deluxe),album,2014-11-17,16,0.672,0.52,8,-7.747,1,0.0353,0.859,0.0,0.115,0.37,120.001,4,2024-10-31,09:14:01
NO,Noruega,EUROPA,39,86,4KULAymBBJcPRpk1yO4dOG,I Remember Everything (feat. Kacey Musgraves),https://open.spotify.com/track/4KULAymBBJcPRpk1yO4dOG,227195,False,40ZNYROS4zLfyyBSs2PGe2,Zach Bryan,5397269,91,classic oklahoma country,6PbnGueEO6LGodPfvNldYf,Zach Bryan,album,2023-08-25,16,0.429,0.453,0,-7.746,1,0.0459,0.554,2e-06,0.102,0.155,77.639,4,2024-10-31,09:14:02
NO,Noruega,EUROPA,40,48,6Qq4gZ3CeB9nnDIz0w8StS,MONEY,https://open.spotify.com/track/6Qq4gZ3CeB9nnDIz0w8StS,173680,True,7KjsjftPKKarTvZlawniPi,Marstein,24661,58,norwegian pop rap,5xRhibyk6AJwKrz4Ty9wcZ,FRIHET I LENKER,album,2024-10-25,16,0.68,0.793,7,-4.513,0,0.144,0.0463,0.0,0.136,0.674,101.29,4,2024-10-31,09:14:03
NO,Noruega,EUROPA,41,48,14EAtVRhkJOOIrb9be4MfS,EMMA,https://open.spotify.com/track/14EAtVRhkJOOIrb9be4MfS,209253,True,7KjsjftPKKarTvZlawniPi,Marstein,24661,58,norwegian pop rap,5xRhibyk6AJwKrz4Ty9wcZ,FRIHET I LENKER,album,2024-10-25,16,0.616,0.687,6,-8.345,0,0.105,0.132,0.00485,0.123,0.479,139.976,4,2024-10-31,09:14:03
NO,Noruega,EUROPA,42,61,0w2rnChlsC41RjhxBFwufW,Talk My Shit,https://open.spotify.com/track/0w2rnChlsC41RjhxBFwufW,161706,True,09qHO1fFJ6iIeTuCjO7Bfa,Roc Boyz,65722,62,,1uf59YtLg0GbsRDbRE3U4H,Talk My Shit,single,2024-09-13,1,0.742,0.682,6,-6.377,0,0.192,0.0499,0.0,0.296,0.618,99.965,4,2024-10-31,09:14:04
NO,Noruega,EUROPA,43,87,2tHwzyyOLoWSFqYNjeVMzj,Please Please Please,https://open.spotify.com/track/2tHwzyyOLoWSFqYNjeVMzj,186365,True,74KM79TiuVKeVCqs8QtB0B,Sabrina Carpenter,14260468,95,pop,3iPSVi54hsacKKl1xIR2eH,Short n' Sweet,album,2024-08-23,12,0.675,0.586,9,-6.086,1,0.0531,0.257,0.0,0.104,0.621,107.015,4,2024-10-31,09:14:05
NO,Noruega,EUROPA,44,51,3LKrHeYXOEKNQQVl9auofC,Badebussen (feat. Kjartan Lauritzen),https://open.spotify.com/track/3LKrHeYXOEKNQQVl9auofC,107555,False,6ca1Pm4bp04bPJF1dfhmqu,DJ MøMø,32279,48,barnemusikk,6HaCd9C4gfNGWNsOc7fvIH,DJ MøMø presenterer: Bukkene Bruse på badeland,album,2023-12-15,14,0.752,0.786,0,-8.931,1,0.0772,0.0772,0.000294,0.12,0.651,135.036,4,2024-10-31,09:14:06
NO,Noruega,EUROPA,45,48,0xR5ChPrzLn0HOHvgcppQX,ÉMILE,https://open.spotify.com/track/0xR5ChPrzLn0HOHvgcppQX,154840,True,7KjsjftPKKarTvZlawniPi,Marstein,24661,58,norwegian pop rap,5xRhibyk6AJwKrz4Ty9wcZ,FRIHET I LENKER,album,2024-10-25,16,0.601,0.469,5,-8.885,1,0.34,0.817,4.09e-05,0.443,0.492,90.834,4,2024-10-31,09:14:07
NO,Noruega,EUROPA,46,80,3tFed7YsjGnIfxeLEQwx3R,"Sticky (feat. GloRilla, Sexyy Red & Lil Wayne)",https://open.spotify.com/track/3tFed7YsjGnIfxeLEQwx3R,255915,True,4V8LLVI7PbaPR0K2TGSxFF,"Tyler, The Creator",17261006,92,"hip hop,rap",0U28P0QVB1QRxpqp5IHOlH,CHROMAKOPIA,album,2024-10-28,14,0.505,0.812,1,-3.986,1,0.461,0.285,0.0,0.444,0.664,80.09,4,2024-10-31,09:14:07
NO,Noruega,EUROPA,47,79,3Umj02ZNl4d356pS1D38mn,Hey Jane,https://open.spotify.com/track/3Umj02ZNl4d356pS1D38mn,240742,True,4V8LLVI7PbaPR0K2TGSxFF,"Tyler, The Creator",17261006,92,"hip hop,rap",0U28P0QVB1QRxpqp5IHOlH,CHROMAKOPIA,album,2024-10-28,14,0.495,0.784,10,-7.027,0,0.42,0.555,0.0,0.621,0.669,94.563,4,2024-10-31,09:14:08
NO,Noruega,EUROPA,48,59,19188WQf2DrNMfI1XLDnYF,Utested,https://open.spotify.com/track/19188WQf2DrNMfI1XLDnYF,162857,True,5N9d9BMxodykFktDttHERD,Ari Bajgora,10501,51,norwegian pop rap,1yMhNrho22lcCp3MKwnHEu,Utested,single,2024-06-07,1,0.498,0.515,5,-10.601,1,0.2,0.366,0.0,0.0853,0.273,82.586,4,2024-10-31,09:14:09
NO,Noruega,EUROPA,49,88,1XBYiRV30ykHw5f4wm6qEn,NIGHTS LIKE THIS,https://open.spotify.com/track/1XBYiRV30ykHw5f4wm6qEn,86983,False,2tIP7SsRs7vjIcLrU85W8J,The Kid LAROI,5786707,85,australian hip hop,63IolVUykZCHMlu2zu9jHS,THE FIRST TIME,album,2023-11-10,20,0.482,0.757,6,-4.586,1,0.0355,0.0137,0.0016,0.143,0.12,142.579,4,2024-10-31,09:14:10
NO,Noruega,EUROPA,50,84,19XpFsce28aByvCC4g89tJ,Too Sweet,https://open.spotify.com/track/19XpFsce28aByvCC4g89tJ,251424,False,2FXC3k01G6Gw61bmprjgqS,Hozier,7987986,86,"irish singer-songwriter,modern rock,pop,pov: indie",48qd9sU3xqYJbKaxHCciJL,Unreal Unearth: Unaired,album,2024-08-19,23,0.74,0.643,10,-5.446,1,0.0413,0.041,0.00229,0.0407,0.96,117.025,4,2024-10-31,09:14:11
DK,Dinamarca,EUROPA,1,62,7px3lmdf4nzNEMt6zaQ5yJ,SAMMEN,https://open.spotify.com/track/7px3lmdf4nzNEMt6zaQ5yJ,178280,True,7KjsjftPKKarTvZlawniPi,Marstein,24661,58,norwegian pop rap,5xRhibyk6AJwKrz4Ty9wcZ,FRIHET I LENKER,album,2024-10-25,16,0.65,0.734,3,-6.332,0,0.163,0.243,8.15e-05,0.084,0.339,105.199,4,2024-10-31,09:14:12
DK,Dinamarca,EUROPA,2,66,7CW3Tjll8pUMZxsuo8GZgV,Tænker Ik På Andre (feat. URO),https://open.spotify.com/track/7CW3Tjll8pUMZxsuo8GZgV,203500,False,74HomvqoUecDcUPRespyqg,Suspekt,124954,59,"danish hip hop,danish pop",2JmLI48HyAM6YAfQB4z3vm,Tænker Ik På Andre (feat. URO),single,2024-08-30,1,0.707,0.809,8,-8.022,0,0.0705,0.182,5.11e-06,0.128,0.836,89.988,4,2024-10-31,09:14:12
DK,Dinamarca,EUROPA,3,64,1ZatLEMZsAslxDA5zw3S6V,Tro På Det,https://open.spotify.com/track/1ZatLEMZsAslxDA5zw3S6V,178930,False,4ZwOlDVAGXQo66ykbLQ8dP,Lamin,65980,67,"danish hip hop,danish pop",71TLoF8RqN7XCrHQbsLj6x,SkyLL,album,2024-09-19,12,0.784,0.471,1,-8.511,0,0.107,0.279,0.0,0.194,0.609,125.109,4,2024-10-31,09:14:13
DK,Dinamarca,EUROPA,4,60,2bFgjHMqGThTzlv6V94V5v,Har Hørt Dig,https://open.spotify.com/track/2bFgjHMqGThTzlv6V94V5v,133950,True,2dfY7zXIP61MKHtD175hFp,Noah Carter,41908,57,"danish hip hop,danish pop",3gbegKHxsPWWgVtej2tTQw,Har Hørt Dig,single,2024-10-11,1,0.786,0.68,8,-5.469,0,0.208,0.0304,0.00141,0.145,0.609,96.025,4,2024-10-31,09:14:14
DK,Dinamarca,EUROPA,5,67,0fFMt9cc1EEQDIWLGDcqKd,Så længe jeg er sexy.,https://open.spotify.com/track/0fFMt9cc1EEQDIWLGDcqKd,150190,False,1GKN1Js8fa19K23eIhOMhg,Annika,14606,59,danish pop,2d9nhH2AHzxAf1Bo2PfCs9,Så længe jeg er sexy.,single,2024-08-02,1,0.543,0.674,0,-6.241,0,0.153,0.262,0.0,0.244,0.579,155.84,4,2024-10-31,09:14:15
DK,Dinamarca,EUROPA,6,64,3xJeUxbt51wpvGk3YzqxLi,Reposado,https://open.spotify.com/track/3xJeUxbt51wpvGk3YzqxLi,161241,True,2eBqkaIfoNsOPCQCQEy5fD,Benny Jamz,69540,64,"danish hip hop,danish pop",0vYywoBHcZgwW08A2rA9fU,KENNY,album,2024-06-20,14,0.843,0.674,4,-6.0,0,0.243,0.173,1.88e-06,0.571,0.859,129.98,4,2024-10-31,09:14:16
DK,Dinamarca,EUROPA,7,100,2plbrEY59IikOBgBGLjaoe,Die With A Smile,https://open.spotify.com/track/2plbrEY59IikOBgBGLjaoe,251667,False,1HY2Jd0NmPuamShAr6KMms,Lady Gaga,32416547,92,"art pop,dance pop,pop",10FLjwfpbxLmW8c25Xyc2N,Die With A Smile,single,2024-08-16,1,0.521,0.592,6,-7.777,0,0.0304,0.308,0.0,0.122,0.535,157.969,3,2024-10-31,09:14:16
DK,Dinamarca,EUROPA,8,59,65C4AmFA6oyMJ2lwLNPiIB,CLEOPATRA,https://open.spotify.com/track/65C4AmFA6oyMJ2lwLNPiIB,135000,True,5RaTuqY7SJHvh6MNzMagut,D1MA,47435,61,"danish hip hop,danish pop",0r4JsF8r5F6np0Dyt5P4e6,CLEOPATRA,single,2024-09-26,1,0.764,0.499,10,-7.625,0,0.0375,0.216,0.0,0.095,0.328,117.956,4,2024-10-31,09:14:17
DK,Dinamarca,EUROPA,9,62,3ZNTae1ZOrSaURxMZAVFq6,Børn Af Natten (Hola Bonita),https://open.spotify.com/track/3ZNTae1ZOrSaURxMZAVFq6,176190,False,7JoViNQIqOIaxcBswboN5d,Ankerstjerne,74831,52,"danish hip hop,danish pop",7jE9aP0aQYJXVHmBOs1vdv,Børn Af Natten (Hola Bonita),single,2024-03-29,1,0.769,0.825,5,-6.2,0,0.178,0.0217,3.89e-06,0.29,0.297,126.037,4,2024-10-31,09:14:18
DK,Dinamarca,EUROPA,10,97,6dOtVTDdiauQNBQEDOtlAB,BIRDS OF A FEATHER,https://open.spotify.com/track/6dOtVTDdiauQNBQEDOtlAB,210373,False,6qqNVTkY8uBg9cP3Jd7DAH,Billie Eilish,101433183,96,"art pop,pop",7aJuG4TFXa2hmE4z1yxc3n,HIT ME HARD AND SOFT,album,2024-05-17,10,0.747,0.507,2,-10.171,1,0.0358,0.2,0.0608,0.117,0.438,104.978,4,2024-10-31,09:14:19
DK,Dinamarca,EUROPA,11,83,1QoyuMHNBe7lg3YW4Qtll4,St. Chroma (feat. Daniel Caesar),https://open.spotify.com/track/1QoyuMHNBe7lg3YW4Qtll4,197019,True,4V8LLVI7PbaPR0K2TGSxFF,"Tyler, The Creator",17261006,92,"hip hop,rap",0U28P0QVB1QRxpqp5IHOlH,CHROMAKOPIA,album,2024-10-28,14,0.576,0.884,0,-5.058,1,0.555,0.357,0.0,0.368,0.373,150.45,4,2024-10-31,09:14:20
DK,Dinamarca,EUROPA,12,63,1ByKkALevy63Nd0VBw1ToD,To Gange,https://open.spotify.com/track/1ByKkALevy63Nd0VBw1ToD,116227,True,2d7AMvzFwh5wUTuqQl3BAE,KESI,189253,65,"danish hip hop,danish pop",4B4EYQ1TfHMWJlOTTpenmn,FOMO 88.8 FM,album,2024-08-08,14,0.913,0.681,10,-6.111,0,0.259,0.0725,2.27e-06,0.0944,0.595,105.974,4,2024-10-31,09:14:21
DK,Dinamarca,EUROPA,13,57,0nVUuzrVZc5t9S48ifesg6,Smelter Under Månen,https://open.spotify.com/track/0nVUuzrVZc5t9S48ifesg6,198388,False,5Ppbc55kNdjvxP8Tw2P8S9,APHACA,10259,51,,4GYrs3V9M967vgil6OP0TE,Smelter Under Månen,single,2024-06-21,1,0.787,0.642,1,-7.408,0,0.199,0.287,0.000242,0.169,0.767,104.067,4,2024-10-31,09:14:21
DK,Dinamarca,EUROPA,14,94,5G2f63n7IPVPPjfNIGih7Q,Taste,https://open.spotify.com/track/5G2f63n7IPVPPjfNIGih7Q,157279,False,74KM79TiuVKeVCqs8QtB0B,Sabrina Carpenter,14260468,95,pop,3iPSVi54hsacKKl1xIR2eH,Short n' Sweet,album,2024-08-23,12,0.674,0.907,3,-4.086,1,0.064,0.101,0.0,0.297,0.721,112.964,4,2024-10-31,09:14:22
DK,Dinamarca,EUROPA,15,52,3KKfy9c7s81AOoXbqd1obP,Sortedam,https://open.spotify.com/track/3KKfy9c7s81AOoXbqd1obP,242926,False,2ytaRjGwyS3veZwsmr0SPj,Thomas Helmig,86671,55,"classic danish pop,danish pop,danish pop rock",1XJYMVpTiA0OrK7mgBsAnv,Sortedam,album,2024-10-25,7,0.636,0.468,0,-11.269,1,0.0423,0.469,0.018,0.159,0.599,79.995,4,2024-10-31,09:14:23
DK,Dinamarca,EUROPA,16,81,0VaeksJaXy5R1nvcTMh3Xk,"Darling, I (feat. Teezo Touchdown)",https://open.spotify.com/track/0VaeksJaXy5R1nvcTMh3Xk,253834,True,4V8LLVI7PbaPR0K2TGSxFF,"Tyler, The Creator",17261006,92,"hip hop,rap",0U28P0QVB1QRxpqp5IHOlH,CHROMAKOPIA,album,2024-10-28,14,0.373,0.818,3,-3.19,0,0.102,0.36,0.0,0.434,0.361,97.571,4,2024-10-31,09:14:24
DK,Dinamarca,EUROPA,17,80,1YdtGoSYDvVQKoUqSDXX41,Noid,https://open.spotify.com/track/1YdtGoSYDvVQKoUqSDXX41,284363,True,4V8LLVI7PbaPR0K2TGSxFF,"Tyler, The Creator",17261006,92,"hip hop,rap",0U28P0QVB1QRxpqp5IHOlH,CHROMAKOPIA,album,2024-10-28,14,0.38,0.784,1,-6.004,1,0.299,0.523,0.000139,0.494,0.418,82.318,4,2024-10-31,09:14:25
DK,Dinamarca,EUROPA,18,58,6KliOBbtUUSwHHFjDzYVPe,Knuser Hjerter,https://open.spotify.com/track/6KliOBbtUUSwHHFjDzYVPe,207020,True,1GKN1Js8fa19K23eIhOMhg,Annika,14606,59,danish pop,00Z4rtj9djfU5graftXlEU,Knuser Hjerter,single,2024-03-08,2,0.684,0.548,5,-8.215,0,0.228,0.424,1.16e-06,0.194,0.437,123.885,4,2024-10-31,09:14:25
DK,Dinamarca,EUROPA,19,60,6EfIo8vxfIBT2IZrzGHbpP,Hvor Solen Ik' Skinner,https://open.spotify.com/track/6EfIo8vxfIBT2IZrzGHbpP,164054,False,6xfKNngTw1zxViM96HSTCq,Mumle,11228,52,danish pop,3Gw00i0ZHXvqyulhCCNQ6m,Hvor Solen Ik' Skinner,single,2024-07-19,1,0.525,0.712,1,-4.945,1,0.0875,0.115,0.0,0.108,0.45,80.047,4,2024-10-31,09:14:26
DK,Dinamarca,EUROPA,20,49,1HL9MPq4cVjpVQAGnb5Pm4,EUROPA (feat. Gobs),https://open.spotify.com/track/1HL9MPq4cVjpVQAGnb5Pm4,156085,True,1YwMnnHvnG64fJxYSVwmN6,Branco,81647,60,"danish hip hop,danish pop",1jsKNmpMXAq6jIVLeqgTt8,BABA BUSINESS 3 (DELUXE),album,2024-10-18,25,0.684,0.878,11,-4.507,1,0.366,0.213,0.0,0.196,0.733,142.991,4,2024-10-31,09:14:27
DK,Dinamarca,EUROPA,21,61,2j59di23XCFfbdJPE5KuNw,Hva Du På (feat. Gilli),https://open.spotify.com/track/2j59di23XCFfbdJPE5KuNw,158666,False,4ZwOlDVAGXQo66ykbLQ8dP,Lamin,65980,67,"danish hip hop,danish pop",3Q4XiWwBXMxMlz9LZ2cZYo,De Her Timer,single,2024-05-31,5,0.77,0.774,7,-7.127,1,0.0739,0.0868,0.0,0.46,0.461,135.039,4,2024-10-31,09:14:28
DK,Dinamarca,EUROPA,22,54,2doTTX8MLsVnAyAQqmqV7j,Elsker Dig Så Meget,https://open.spotify.com/track/2doTTX8MLsVnAyAQqmqV7j,202453,False,3elCsuJ1JjDeAd8mjlRRX5,Blæst,27792,53,danish pop,3i25K8SoZj2cc5ufW5K3J2,DINE VENNER,album,2024-10-11,13,0.68,0.717,8,-6.253,1,0.0372,0.11,2.1e-06,0.138,0.702,160.051,4,2024-10-31,09:14:29
DK,Dinamarca,EUROPA,23,58,5tK3SkH5DfO24oo9Iw2Fq3,H V D O L,https://open.spotify.com/track/5tK3SkH5DfO24oo9Iw2Fq3,219023,True,4ZwOlDVAGXQo66ykbLQ8dP,Lamin,65980,67,"danish hip hop,danish pop",71TLoF8RqN7XCrHQbsLj6x,SkyLL,album,2024-09-19,12,0.581,0.523,1,-8.47,1,0.368,0.0455,0.0,0.144,0.184,128.748,4,2024-10-31,09:14:29
DK,Dinamarca,EUROPA,24,81,5RePVWy39tLpHH0WwXgBsK,Rah Tah Tah,https://open.spotify.com/track/5RePVWy39tLpHH0WwXgBsK,165412,True,4V8LLVI7PbaPR0K2TGSxFF,"Tyler, The Creator",17261006,92,"hip hop,rap",0U28P0QVB1QRxpqp5IHOlH,CHROMAKOPIA,album,2024-10-28,14,0.661,0.878,1,-4.099,1,0.31,0.00289,0.0,0.381,0.514,82.557,4,2024-10-31,09:14:30
DK,Dinamarca,EUROPA,25,51,6o7Araj8IZRSBA2hTJMcbF,Hugos Vuggevise,https://open.spotify.com/track/6o7Araj8IZRSBA2hTJMcbF,237329,False,2ytaRjGwyS3veZwsmr0SPj,Thomas Helmig,86671,55,"classic danish pop,danish pop,danish pop rock",1XJYMVpTiA0OrK7mgBsAnv,Sortedam,album,2024-10-25,7,0.447,0.206,10,-12.767,1,0.0368,0.86,0.000172,0.123,0.266,124.495,4,2024-10-31,09:14:31
DK,Dinamarca,EUROPA,26,95,5vNRhkKd0yEAg8suGBpjeY,APT.,https://open.spotify.com/track/5vNRhkKd0yEAg8suGBpjeY,169917,False,3eVa5w3URK5duf6eyVDbu9,ROSÉ,7632823,82,k-pop,2IYQwwgxgOIn7t3iF6ufFD,APT.,single,2024-10-18,1,0.777,0.783,0,-4.477,0,0.26,0.0283,0.0,0.355,0.939,149.027,4,2024-10-31,09:14:32
DK,Dinamarca,EUROPA,27,59,689NPKXoBKWnqJif3uUVre,Signaler,https://open.spotify.com/track/689NPKXoBKWnqJif3uUVre,150285,False,2GGL93jyTZ4X7uidHSJhIr,Kundo,10009,55,,2RMpD5fPqxyyugiPgCxg2e,Signaler,single,2024-08-30,1,0.897,0.706,10,-3.806,0,0.0721,0.0617,1.01e-05,0.328,0.851,105.008,4,2024-10-31,09:14:33
DK,Dinamarca,EUROPA,28,57,4Lmdqx9Yc6JWAUl4i1QFZy,FEEL ALIVE,https://open.spotify.com/track/4Lmdqx9Yc6JWAUl4i1QFZy,141991,True,5RaTuqY7SJHvh6MNzMagut,D1MA,47435,61,"danish hip hop,danish pop",7nYokidgcvRUWqipPFMBJu,7,single,2024-10-10,7,0.738,0.893,10,-6.096,0,0.0666,0.0139,0.0,0.125,0.581,114.991,4,2024-10-31,09:14:33
DK,Dinamarca,EUROPA,29,61,1eA6vc394WJF2l4lHLqJ2B,Dark Room (feat. ICEKIID),https://open.spotify.com/track/1eA6vc394WJF2l4lHLqJ2B,174642,False,1w2fVGZN37TieWhlqS8UwB,Tobias Rahim,127904,60,danish pop,7wwyWVyOkb8KVIp32Ocd4u,Dark Room (feat. ICEKIID),single,2024-05-24,1,0.785,0.81,5,-5.068,0,0.0508,0.0295,0.0,0.0556,0.673,99.981,4,2024-10-31,09:14:34
DK,Dinamarca,EUROPA,30,88,2HRqTpkrJO5ggZyyK6NPWz,Espresso,https://open.spotify.com/track/2HRqTpkrJO5ggZyyK6NPWz,175459,True,74KM79TiuVKeVCqs8QtB0B,Sabrina Carpenter,14260468,95,pop,3iPSVi54hsacKKl1xIR2eH,Short n' Sweet,album,2024-08-23,12,0.699,0.776,0,-5.282,1,0.0293,0.131,5.36e-06,0.205,0.708,103.963,4,2024-10-31,09:14:35
DK,Dinamarca,EUROPA,31,60,0rcIh1T4A2EH5TzqXmu63m,Booty Up,https://open.spotify.com/track/0rcIh1T4A2EH5TzqXmu63m,123628,True,2eBqkaIfoNsOPCQCQEy5fD,Benny Jamz,69540,64,"danish hip hop,danish pop",0vYywoBHcZgwW08A2rA9fU,KENNY,album,2024-06-20,14,0.956,0.494,4,-7.087,0,0.268,0.218,0.0,0.0915,0.647,102.98,4,2024-10-31,09:14:36
DK,Dinamarca,EUROPA,32,57,0tDh78JNlubuGDJfkv8Juk,Dopamin,https://open.spotify.com/track/0tDh78JNlubuGDJfkv8Juk,148758,False,5MCNh315T9Mi2yQTD4bYkn,Dos Santos,2596,45,,1vFGBcedPfM321fycYoNqs,Dopamin,single,2024-02-16,1,0.725,0.681,1,-6.998,1,0.05,0.0593,0.264,0.185,0.649,120.009,4,2024-10-31,09:14:37
DK,Dinamarca,EUROPA,33,90,5O2P9iiztwhomNh8xkR9lJ,Night Changes,https://open.spotify.com/track/5O2P9iiztwhomNh8xkR9lJ,226600,False,4AK6F7OLvEQ5QYCBNiQWHq,One Direction,37254233,91,"boy band,pop,post-teen pop,talent show",4gCNyS7pidfK3rKWhB3JOY,FOUR (Deluxe),album,2014-11-17,16,0.672,0.52,8,-7.747,1,0.0353,0.859,0.0,0.115,0.37,120.001,4,2024-10-31,09:14:37
DK,Dinamarca,EUROPA,34,91,2262bWmqomIaJXwCRHr13j,Sailor Song,https://open.spotify.com/track/2262bWmqomIaJXwCRHr13j,211978,False,1iCnM8foFssWlPRLfAbIwo,Gigi Perez,424458,80,bedroom pop,68CN2LzY8MoxO2udy2C22e,Sailor Song,single,2024-07-26,1,0.494,0.413,11,-10.432,1,0.0254,0.682,6.72e-05,0.193,0.273,94.938,4,2024-10-31,09:14:38
DK,Dinamarca,EUROPA,35,57,3WusoRwl3lmALNHo2chydw,Ik Tænk,https://open.spotify.com/track/3WusoRwl3lmALNHo2chydw,153907,False,3Tg0bQKDqc4ONwmKywDq72,MAS,14672,57,,5n4ey0dkxY74pWN64tZXFr,Ik Tænk,single,2024-09-27,1,0.863,0.574,11,-7.55,0,0.305,0.0221,0.0,0.111,0.712,129.033,4,2024-10-31,09:14:39
DK,Dinamarca,EUROPA,36,59,1JufAqONpGBVcy8tQffI14,911,https://open.spotify.com/track/1JufAqONpGBVcy8tQffI14,161570,False,1GLzVjVa7bLnAcD1At98j3,Omar,20833,51,"danish hip hop,danish pop",7AmzcJSCXx4xQgZSFs0kov,911,single,2024-06-21,1,0.736,0.755,2,-5.248,1,0.188,0.0499,0.0,0.27,0.74,140.071,4,2024-10-31,09:14:40
DK,Dinamarca,EUROPA,37,89,17phhZDn6oGtzMe56NuWvj,Lose Control,https://open.spotify.com/track/17phhZDn6oGtzMe56NuWvj,210688,False,33qOK5uJ8AR2xuQQAhHump,Teddy Swims,3267350,86,,7nacKlk586eLRBSIsrk9DB,I've Tried Everything But Therapy (Part 1),album,2023-09-15,10,0.561,0.604,9,-4.409,1,0.0337,0.199,1.9e-05,0.104,0.242,159.92,3,2024-10-31,09:14:41
DK,Dinamarca,EUROPA,38,58,2CsNcwVW6fUabGB0E4ASjF,Jylland,https://open.spotify.com/track/2CsNcwVW6fUabGB0E4ASjF,194594,True,1w2fVGZN37TieWhlqS8UwB,Tobias Rahim,127904,60,danish pop,1g9JFulc8UWHOAzL6dy22d,Jylland,single,2024-08-30,1,0.632,0.665,8,-5.288,1,0.038,0.299,0.0,0.0861,0.64,94.964,4,2024-10-31,09:14:42
DK,Dinamarca,EUROPA,39,50,6cdnEHY1zJHs9SFbGiVsIP,Dit Minut,https://open.spotify.com/track/6cdnEHY1zJHs9SFbGiVsIP,256894,False,2ytaRjGwyS3veZwsmr0SPj,Thomas Helmig,86671,55,"classic danish pop,danish pop,danish pop rock",1XJYMVpTiA0OrK7mgBsAnv,Sortedam,album,2024-10-25,7,0.432,0.327,11,-12.967,0,0.0312,0.192,0.000692,0.0932,0.0937,120.939,4,2024-10-31,09:14:43
DK,Dinamarca,EUROPA,40,79,3Umj02ZNl4d356pS1D38mn,Hey Jane,https://open.spotify.com/track/3Umj02ZNl4d356pS1D38mn,240742,True,4V8LLVI7PbaPR0K2TGSxFF,"Tyler, The Creator",17261006,92,"hip hop,rap",0U28P0QVB1QRxpqp5IHOlH,CHROMAKOPIA,album,2024-10-28,14,0.495,0.784,10,-7.027,0,0.42,0.555,0.0,0.621,0.669,94.563,4,2024-10-31,09:14:43
DK,Dinamarca,EUROPA,41,85,7ne4VBA60CxGM75vw0EYad,That’s So True,https://open.spotify.com/track/7ne4VBA60CxGM75vw0EYad,166300,True,4tuJ0bMpJh08umKkEXKUI5,Gracie Abrams,2864071,88,alt z,0hBRqPYPXhr1RkTDG3n4Mk,The Secret of Us (Deluxe),album,2024-10-18,20,0.554,0.808,1,-4.169,1,0.0368,0.214,0.0,0.159,0.372,108.548,4,2024-10-31,09:14:44
DK,Dinamarca,EUROPA,42,92,1Es7AUAhQvapIcoh3qMKDL,Timeless (with Playboi Carti),https://open.spotify.com/track/1Es7AUAhQvapIcoh3qMKDL,256000,True,1Xyo4u8uXC1ZmMpatF05PJ,The Weeknd,93543802,96,"canadian contemporary r&b,canadian pop,pop",2IRxVVqbSbqHJo8Zx50LYn,Timeless,single,2024-09-27,1,0.769,0.722,11,-5.485,0,0.0507,0.0584,2.56e-06,0.111,0.57,119.973,4,2024-10-31,09:14:45
DK,Dinamarca,EUROPA,43,80,3tFed7YsjGnIfxeLEQwx3R,"Sticky (feat. GloRilla, Sexyy Red & Lil Wayne)",https://open.spotify.com/track/3tFed7YsjGnIfxeLEQwx3R,255915,True,4V8LLVI7PbaPR0K2TGSxFF,"Tyler, The Creator",17261006,92,"hip hop,rap",0U28P0QVB1QRxpqp5IHOlH,CHROMAKOPIA,album,2024-10-28,14,0.505,0.812,1,-3.986,1,0.461,0.285,0.0,0.444,0.664,80.09,4,2024-10-31,09:14:46
DK,Dinamarca,EUROPA,44,87,4nVBt6MZDDP6tRVdQTgxJg,Story of My Life,https://open.spotify.com/track/4nVBt6MZDDP6tRVdQTgxJg,245493,False,4AK6F7OLvEQ5QYCBNiQWHq,One Direction,37254233,91,"boy band,pop,post-teen pop,talent show",7p1fX8aUySrBdx4WSYspOu,Midnight Memories (Deluxe),album,2013-11-25,18,0.6,0.663,3,-5.802,1,0.0477,0.225,0.0,0.119,0.286,121.07,4,2024-10-31,09:14:46
DK,Dinamarca,EUROPA,45,85,5fZJQrFKWQLb7FpJXZ1g7K,A Bar Song (Tipsy),https://open.spotify.com/track/5fZJQrFKWQLb7FpJXZ1g7K,171291,True,3y2cIKLjiOlp1Np37WiUdH,Shaboozey,744170,80,"modern country pop,pop rap",0DLvFVIfwt3OHdK9kGeEM3,"Where I've Been, Isn't Where I'm Going",album,2024-05-31,12,0.722,0.706,9,-4.857,1,0.0292,0.072,0.0,0.067,0.599,80.969,4,2024-10-31,09:14:47
DK,Dinamarca,EUROPA,46,89,3Vr3zh0r7ALn8VLqCiRR10,Stargazing,https://open.spotify.com/track/3Vr3zh0r7ALn8VLqCiRR10,172533,False,3bO19AOone0ubCsfDXDtYt,Myles Smith,770748,79,singer-songwriter pop,3VNxRarx9HUI5w7DHv0TBj,Stargazing,single,2024-05-10,1,0.635,0.601,1,-6.129,0,0.0295,0.246,0.0,0.11,0.332,123.994,4,2024-10-31,09:14:48
DK,Dinamarca,EUROPA,47,59,0o5ibKv2wHgbjYXtGuKQ2r,4 LIFE,https://open.spotify.com/track/0o5ibKv2wHgbjYXtGuKQ2r,166909,False,4ysmSq2N7badobfVT6YZ82,Gobs,58208,60,"danish hip hop,danish pop",3y3ecFqLH3IcIMr6owmcQL,4 LIFE,single,2024-09-06,1,0.572,0.901,11,-3.927,0,0.263,0.133,0.0,0.448,0.638,134.869,4,2024-10-31,09:14:49
DK,Dinamarca,EUROPA,48,49,2bOeSKsG6LvHviPDBdwjfe,Vindstød af Stormstyrke,https://open.spotify.com/track/2bOeSKsG6LvHviPDBdwjfe,215268,False,2ytaRjGwyS3veZwsmr0SPj,Thomas Helmig,86671,55,"classic danish pop,danish pop,danish pop rock",1XJYMVpTiA0OrK7mgBsAnv,Sortedam,album,2024-10-25,7,0.596,0.496,9,-9.502,0,0.0497,0.226,0.0554,0.184,0.314,80.998,4,2024-10-31,09:14:50
DK,Dinamarca,EUROPA,49,58,742ldXChILBv6QeqaXoOWi,555 (feat. KESI),https://open.spotify.com/track/742ldXChILBv6QeqaXoOWi,157630,True,2KbikmQKGiUPR2ARs1h0sq,Gilli,285494,67,"danish hip hop,danish pop",2ELpKIoLV8YYCFzhAOh8hK,Kiko Club,album,2023-12-30,11,0.529,0.846,1,-4.302,0,0.317,0.0258,0.0,0.303,0.682,189.61,3,2024-10-31,09:14:50
DK,Dinamarca,EUROPA,50,94,0WbMK4wrZ1wFSty9F7FCgu,"Good Luck, Babe!",https://open.spotify.com/track/0WbMK4wrZ1wFSty9F7FCgu,218423,False,7GlBOeep6PqTfFi59PTUUN,Chappell Roan,3686982,89,indie pop,1WAjjRMfZjEXtB0lQrAw6Q,"Good Luck, Babe!",single,2024-04-05,1,0.7,0.582,11,-5.96,0,0.0356,0.0502,0.0,0.0881,0.785,116.712,4,2024-10-31,09:14:51
US,Estados Unidos,OTROS,1,83,1QoyuMHNBe7lg3YW4Qtll4,St. Chroma (feat. Daniel Caesar),https://open.spotify.com/track/1QoyuMHNBe7lg3YW4Qtll4,197019,True,4V8LLVI7PbaPR0K2TGSxFF,"Tyler, The Creator",17261006,92,"hip hop,rap",0U28P0QVB1QRxpqp5IHOlH,CHROMAKOPIA,album,2024-10-28,14,0.576,0.884,0,-5.058,1,0.555,0.357,0.0,0.368,0.373,150.45,4,2024-10-31,09:14:53
US,Estados Unidos,OTROS,2,81,0VaeksJaXy5R1nvcTMh3Xk,"Darling, I (feat. Teezo Touchdown)",https://open.spotify.com/track/0VaeksJaXy5R1nvcTMh3Xk,253834,True,4V8LLVI7PbaPR0K2TGSxFF,"Tyler, The Creator",17261006,92,"hip hop,rap",0U28P0QVB1QRxpqp5IHOlH,CHROMAKOPIA,album,2024-10-28,14,0.373,0.818,3,-3.19,0,0.102,0.36,0.0,0.434,0.361,97.571,4,2024-10-31,09:14:53
US,Estados Unidos,OTROS,3,81,5RePVWy39tLpHH0WwXgBsK,Rah Tah Tah,https://open.spotify.com/track/5RePVWy39tLpHH0WwXgBsK,165412,True,4V8LLVI7PbaPR0K2TGSxFF,"Tyler, The Creator",17261006,92,"hip hop,rap",0U28P0QVB1QRxpqp5IHOlH,CHROMAKOPIA,album,2024-10-28,14,0.661,0.878,1,-4.099,1,0.31,0.00289,0.0,0.381,0.514,82.557,4,2024-10-31,09:14:54
US,Estados Unidos,OTROS,4,80,1YdtGoSYDvVQKoUqSDXX41,Noid,https://open.spotify.com/track/1YdtGoSYDvVQKoUqSDXX41,284363,True,4V8LLVI7PbaPR0K2TGSxFF,"Tyler, The Creator",17261006,92,"hip hop,rap",0U28P0QVB1QRxpqp5IHOlH,CHROMAKOPIA,album,2024-10-28,14,0.38,0.784,1,-6.004,1,0.299,0.523,0.000139,0.494,0.418,82.318,4,2024-10-31,09:14:55
US,Estados Unidos,OTROS,5,80,3tFed7YsjGnIfxeLEQwx3R,"Sticky (feat. GloRilla, Sexyy Red & Lil Wayne)",https://open.spotify.com/track/3tFed7YsjGnIfxeLEQwx3R,255915,True,4V8LLVI7PbaPR0K2TGSxFF,"Tyler, The Creator",17261006,92,"hip hop,rap",0U28P0QVB1QRxpqp5IHOlH,CHROMAKOPIA,album,2024-10-28,14,0.505,0.812,1,-3.986,1,0.461,0.285,0.0,0.444,0.664,80.09,4,2024-10-31,09:14:56
US,Estados Unidos,OTROS,6,79,2aYHxnMF2umAavtgBvmkY1,Thought I Was Dead (feat. ScHoolboy Q & Santigold),https://open.spotify.com/track/2aYHxnMF2umAavtgBvmkY1,207272,True,4V8LLVI7PbaPR0K2TGSxFF,"Tyler, The Creator",17261006,92,"hip hop,rap",0U28P0QVB1QRxpqp5IHOlH,CHROMAKOPIA,album,2024-10-28,14,0.77,0.859,10,-3.382,0,0.275,0.362,0.0,0.673,0.64,129.77,4,2024-10-31,09:14:57
US,Estados Unidos,OTROS,7,79,3Umj02ZNl4d356pS1D38mn,Hey Jane,https://open.spotify.com/track/3Umj02ZNl4d356pS1D38mn,240742,True,4V8LLVI7PbaPR0K2TGSxFF,"Tyler, The Creator",17261006,92,"hip hop,rap",0U28P0QVB1QRxpqp5IHOlH,CHROMAKOPIA,album,2024-10-28,14,0.495,0.784,10,-7.027,0,0.42,0.555,0.0,0.621,0.669,94.563,4,2024-10-31,09:14:57
US,Estados Unidos,OTROS,8,78,6ie0uyyvOKTTuIFBMPiNIl,Judge Judy,https://open.spotify.com/track/6ie0uyyvOKTTuIFBMPiNIl,269622,True,4V8LLVI7PbaPR0K2TGSxFF,"Tyler, The Creator",17261006,92,"hip hop,rap",0U28P0QVB1QRxpqp5IHOlH,CHROMAKOPIA,album,2024-10-28,14,0.622,0.661,1,-5.906,1,0.0826,0.297,0.000135,0.165,0.362,76.331,4,2024-10-31,09:14:58
US,Estados Unidos,OTROS,9,78,4BSR9I4ExlCJdXJo2GpBD5,Take Your Mask Off (feat. Daniel Caesar & LaToiya Williams),https://open.spotify.com/track/4BSR9I4ExlCJdXJo2GpBD5,253909,True,4V8LLVI7PbaPR0K2TGSxFF,"Tyler, The Creator",17261006,92,"hip hop,rap",0U28P0QVB1QRxpqp5IHOlH,CHROMAKOPIA,album,2024-10-28,14,0.503,0.658,6,-5.823,0,0.154,0.46,0.0,0.382,0.515,121.784,5,2024-10-31,09:14:59
US,Estados Unidos,OTROS,10,78,3GdwjAsCsoE79ObhsJFyYb,I Killed You,https://open.spotify.com/track/3GdwjAsCsoE79ObhsJFyYb,168420,True,4V8LLVI7PbaPR0K2TGSxFF,"Tyler, The Creator",17261006,92,"hip hop,rap",0U28P0QVB1QRxpqp5IHOlH,CHROMAKOPIA,album,2024-10-28,14,0.749,0.896,2,-4.909,1,0.219,0.356,0.00075,0.267,0.447,97.121,4,2024-10-31,09:15:00
US,Estados Unidos,OTROS,11,77,6jbYpRPTEFl1HFKHk1IC0m,Like Him (feat. Lola Young),https://open.spotify.com/track/6jbYpRPTEFl1HFKHk1IC0m,278014,True,4V8LLVI7PbaPR0K2TGSxFF,"Tyler, The Creator",17261006,92,"hip hop,rap",0U28P0QVB1QRxpqp5IHOlH,CHROMAKOPIA,album,2024-10-28,14,0.392,0.555,4,-6.707,0,0.039,0.287,0.000253,0.13,0.191,96.063,3,2024-10-31,09:15:01
US,Estados Unidos,OTROS,12,77,3yw3m8wgRB4ptDyAvtdhq5,Tomorrow,https://open.spotify.com/track/3yw3m8wgRB4ptDyAvtdhq5,182326,True,4V8LLVI7PbaPR0K2TGSxFF,"Tyler, The Creator",17261006,92,"hip hop,rap",0U28P0QVB1QRxpqp5IHOlH,CHROMAKOPIA,album,2024-10-28,14,0.463,0.541,1,-6.594,1,0.0385,0.811,6.61e-05,0.125,0.307,95.827,4,2024-10-31,09:15:01
US,Estados Unidos,OTROS,13,76,35D1RA5uVFVhMc1qX80TaQ,Balloon (feat. Doechii),https://open.spotify.com/track/35D1RA5uVFVhMc1qX80TaQ,154261,True,4V8LLVI7PbaPR0K2TGSxFF,"Tyler, The Creator",17261006,92,"hip hop,rap",0U28P0QVB1QRxpqp5IHOlH,CHROMAKOPIA,album,2024-10-28,14,0.437,0.868,6,-3.03,1,0.112,0.731,0.0,0.234,0.475,111.774,4,2024-10-31,09:15:02
US,Estados Unidos,OTROS,14,95,5vNRhkKd0yEAg8suGBpjeY,APT.,https://open.spotify.com/track/5vNRhkKd0yEAg8suGBpjeY,169917,False,3eVa5w3URK5duf6eyVDbu9,ROSÉ,7632823,82,k-pop,2IYQwwgxgOIn7t3iF6ufFD,APT.,single,2024-10-18,1,0.777,0.783,0,-4.477,0,0.26,0.0283,0.0,0.355,0.939,149.027,4,2024-10-31,09:15:03
US,Estados Unidos,OTROS,15,85,7ne4VBA60CxGM75vw0EYad,That’s So True,https://open.spotify.com/track/7ne4VBA60CxGM75vw0EYad,166300,True,4tuJ0bMpJh08umKkEXKUI5,Gracie Abrams,2864071,88,alt z,0hBRqPYPXhr1RkTDG3n4Mk,The Secret of Us (Deluxe),album,2024-10-18,20,0.554,0.808,1,-4.169,1,0.0368,0.214,0.0,0.159,0.372,108.548,4,2024-10-31,09:15:04
US,Estados Unidos,OTROS,16,100,2plbrEY59IikOBgBGLjaoe,Die With A Smile,https://open.spotify.com/track/2plbrEY59IikOBgBGLjaoe,251667,False,1HY2Jd0NmPuamShAr6KMms,Lady Gaga,32416547,92,"art pop,dance pop,pop",10FLjwfpbxLmW8c25Xyc2N,Die With A Smile,single,2024-08-16,1,0.521,0.592,6,-7.777,0,0.0304,0.308,0.0,0.122,0.535,157.969,3,2024-10-31,09:15:05
US,Estados Unidos,OTROS,17,76,0pvZCv4JOS5WBu7JITYef6,I Hope You Find Your Way Home,https://open.spotify.com/track/0pvZCv4JOS5WBu7JITYef6,269704,True,4V8LLVI7PbaPR0K2TGSxFF,"Tyler, The Creator",17261006,92,"hip hop,rap",0U28P0QVB1QRxpqp5IHOlH,CHROMAKOPIA,album,2024-10-28,14,0.621,0.596,4,-4.35,1,0.0607,0.294,5.53e-05,0.134,0.207,112.188,4,2024-10-31,09:15:06
US,Estados Unidos,OTROS,18,91,2262bWmqomIaJXwCRHr13j,Sailor Song,https://open.spotify.com/track/2262bWmqomIaJXwCRHr13j,211978,False,1iCnM8foFssWlPRLfAbIwo,Gigi Perez,424458,80,bedroom pop,68CN2LzY8MoxO2udy2C22e,Sailor Song,single,2024-07-26,1,0.494,0.413,11,-10.432,1,0.0254,0.682,6.72e-05,0.193,0.273,94.938,4,2024-10-31,09:15:07
US,Estados Unidos,OTROS,19,94,5G2f63n7IPVPPjfNIGih7Q,Taste,https://open.spotify.com/track/5G2f63n7IPVPPjfNIGih7Q,157279,False,74KM79TiuVKeVCqs8QtB0B,Sabrina Carpenter,14260468,95,pop,3iPSVi54hsacKKl1xIR2eH,Short n' Sweet,album,2024-08-23,12,0.674,0.907,3,-4.086,1,0.064,0.101,0.0,0.297,0.721,112.964,4,2024-10-31,09:15:07
US,Estados Unidos,OTROS,20,97,6dOtVTDdiauQNBQEDOtlAB,BIRDS OF A FEATHER,https://open.spotify.com/track/6dOtVTDdiauQNBQEDOtlAB,210373,False,6qqNVTkY8uBg9cP3Jd7DAH,Billie Eilish,101433183,96,"art pop,pop",7aJuG4TFXa2hmE4z1yxc3n,HIT ME HARD AND SOFT,album,2024-05-17,10,0.747,0.507,2,-10.171,1,0.0358,0.2,0.0608,0.117,0.438,104.978,4,2024-10-31,09:15:08
US,Estados Unidos,OTROS,21,92,7tI8dRuH2Yc6RuoTjxo4dU,Who,https://open.spotify.com/track/7tI8dRuH2Yc6RuoTjxo4dU,170887,False,1oSPZhvZMIrWW5I41kPkkY,Jimin,9717033,88,k-pop,15XcLhiVMlSOipUddTNDnr,MUSE,album,2024-07-19,7,0.66,0.756,0,-3.743,0,0.032,0.00289,0.0,0.193,0.838,116.034,4,2024-10-31,09:15:09
US,Estados Unidos,OTROS,22,84,7hR22TOX3RorxJPcsz5Wbo,Love Somebody,https://open.spotify.com/track/7hR22TOX3RorxJPcsz5Wbo,204828,False,4oUHIQIBe0LHzYfvXNW4QM,Morgan Wallen,10987568,91,contemporary country,0TxewlKVKdpP18dGg279ep,Love Somebody,single,2024-10-18,1,0.619,0.843,5,-5.348,0,0.0284,0.00948,0.000118,0.164,0.746,122.064,4,2024-10-31,09:15:10
US,Estados Unidos,OTROS,23,94,0WbMK4wrZ1wFSty9F7FCgu,"Good Luck, Babe!",https://open.spotify.com/track/0WbMK4wrZ1wFSty9F7FCgu,218423,False,7GlBOeep6PqTfFi59PTUUN,Chappell Roan,3686982,89,indie pop,1WAjjRMfZjEXtB0lQrAw6Q,"Good Luck, Babe!",single,2024-04-05,1,0.7,0.582,11,-5.96,0,0.0356,0.0502,0.0,0.0881,0.785,116.712,4,2024-10-31,09:15:11
US,Estados Unidos,OTROS,24,92,1Es7AUAhQvapIcoh3qMKDL,Timeless (with Playboi Carti),https://open.spotify.com/track/1Es7AUAhQvapIcoh3qMKDL,256000,True,1Xyo4u8uXC1ZmMpatF05PJ,The Weeknd,93543802,96,"canadian contemporary r&b,canadian pop,pop",2IRxVVqbSbqHJo8Zx50LYn,Timeless,single,2024-09-27,1,0.769,0.722,11,-5.485,0,0.0507,0.0584,2.56e-06,0.111,0.57,119.973,4,2024-10-31,09:15:11
US,Estados Unidos,OTROS,25,89,7KA4W4McWYRpgf0fWsJZWB,See You Again (feat. Kali Uchis),https://open.spotify.com/track/7KA4W4McWYRpgf0fWsJZWB,180386,True,4V8LLVI7PbaPR0K2TGSxFF,"Tyler, The Creator",17261006,92,"hip hop,rap",2nkto6YNI4rUYTLqEwWJ3o,Flower Boy,album,2017-07-21,14,0.558,0.559,6,-9.222,1,0.0959,0.371,7.49e-06,0.109,0.62,78.558,4,2024-10-31,09:15:12
US,Estados Unidos,OTROS,26,91,1cOboCuWYI2osTOfolMRS6,Tu Boda,https://open.spotify.com/track/1cOboCuWYI2osTOfolMRS6,225880,True,3l9G1G9MxH6DaRhwLklaf5,Oscar Maydon,2956128,87,corrido,60cQzWfmdg4hyDXrpW6kOA,Tu Boda,single,2024-09-26,1,0.694,0.651,6,-6.968,1,0.0784,0.496,1.36e-05,0.0787,0.471,112.648,3,2024-10-31,09:15:13
US,Estados Unidos,OTROS,27,88,2HRqTpkrJO5ggZyyK6NPWz,Espresso,https://open.spotify.com/track/2HRqTpkrJO5ggZyyK6NPWz,175459,True,74KM79TiuVKeVCqs8QtB0B,Sabrina Carpenter,14260468,95,pop,3iPSVi54hsacKKl1xIR2eH,Short n' Sweet,album,2024-08-23,12,0.699,0.776,0,-5.282,1,0.0293,0.131,5.36e-06,0.205,0.708,103.963,4,2024-10-31,09:15:14
US,Estados Unidos,OTROS,28,85,5IZXB5IKAD2qlvTPJYDCFB,I Had Some Help (Feat. Morgan Wallen),https://open.spotify.com/track/5IZXB5IKAD2qlvTPJYDCFB,178205,True,246dkjvS1zLTtiykXe5h60,Post Malone,45667234,91,"dfw rap,melodic rap,pop,rap",4BbsHmXEghoPPevQjPnHXx,F-1 Trillion,album,2024-08-15,18,0.644,0.874,0,-4.723,1,0.0265,0.0113,0.0,0.227,0.753,128.017,4,2024-10-31,09:15:15
US,Estados Unidos,OTROS,29,90,51rfRCiUSvxXlCSCfIztBy,"I Love You, I'm Sorry",https://open.spotify.com/track/51rfRCiUSvxXlCSCfIztBy,157146,True,4tuJ0bMpJh08umKkEXKUI5,Gracie Abrams,2864071,88,alt z,56bdWeO40o3WfAD2Lja4dl,The Secret of Us,album,2024-06-21,13,0.53,0.406,10,-7.507,1,0.033,0.656,0.0,0.133,0.338,115.94,3,2024-10-31,09:15:16
US,Estados Unidos,OTROS,30,92,3QaPy1KgI7nu9FJEQUgn6h,WILDFLOWER,https://open.spotify.com/track/3QaPy1KgI7nu9FJEQUgn6h,261466,False,6qqNVTkY8uBg9cP3Jd7DAH,Billie Eilish,101433183,96,"art pop,pop",7aJuG4TFXa2hmE4z1yxc3n,HIT ME HARD AND SOFT,album,2024-05-17,10,0.467,0.247,6,-12.002,0,0.0431,0.612,0.000271,0.17,0.126,148.101,4,2024-10-31,09:15:16
US,Estados Unidos,OTROS,31,85,5fZJQrFKWQLb7FpJXZ1g7K,A Bar Song (Tipsy),https://open.spotify.com/track/5fZJQrFKWQLb7FpJXZ1g7K,171291,True,3y2cIKLjiOlp1Np37WiUdH,Shaboozey,744170,80,"modern country pop,pop rap",0DLvFVIfwt3OHdK9kGeEM3,"Where I've Been, Isn't Where I'm Going",album,2024-05-31,12,0.722,0.706,9,-4.857,1,0.0292,0.072,0.0,0.067,0.599,80.969,4,2024-10-31,09:15:17
US,Estados Unidos,OTROS,32,91,1UHS8Rf6h5Ar3CDWRd3wjF,Bed Chem,https://open.spotify.com/track/1UHS8Rf6h5Ar3CDWRd3wjF,171869,False,74KM79TiuVKeVCqs8QtB0B,Sabrina Carpenter,14260468,95,pop,3iPSVi54hsacKKl1xIR2eH,Short n' Sweet,album,2024-08-23,12,0.739,0.727,11,-5.968,0,0.0426,0.0678,0.0,0.104,0.676,94.99,4,2024-10-31,09:15:18
US,Estados Unidos,OTROS,33,87,2tHwzyyOLoWSFqYNjeVMzj,Please Please Please,https://open.spotify.com/track/2tHwzyyOLoWSFqYNjeVMzj,186365,True,74KM79TiuVKeVCqs8QtB0B,Sabrina Carpenter,14260468,95,pop,3iPSVi54hsacKKl1xIR2eH,Short n' Sweet,album,2024-08-23,12,0.675,0.586,9,-6.086,1,0.0531,0.257,0.0,0.104,0.621,107.015,4,2024-10-31,09:15:19
US,Estados Unidos,OTROS,34,89,4xdBrk0nFZaP54vvZj0yx7,HOT TO GO!,https://open.spotify.com/track/4xdBrk0nFZaP54vvZj0yx7,184841,False,7GlBOeep6PqTfFi59PTUUN,Chappell Roan,3686982,89,indie pop,0EiI8ylL0FmWWpgHVTsZjZ,The Rise and Fall of a Midwest Princess,album,2023-09-22,14,0.742,0.757,6,-4.981,1,0.0421,0.0187,0.0,0.305,0.957,139.982,4,2024-10-31,09:15:19
US,Estados Unidos,OTROS,35,89,3xkHsmpQCBMytMJNiDf3Ii,Beautiful Things,https://open.spotify.com/track/3xkHsmpQCBMytMJNiDf3Ii,180304,False,22wbnEMDvgVIAGdFeek6ET,Benson Boone,3815769,86,singer-songwriter pop,168CdR21lfn0TTyw1Pkdcm,Fireworks & Rollerblades,album,2024-04-05,15,0.472,0.471,10,-5.692,1,0.0603,0.151,0.0,0.14,0.219,105.029,3,2024-10-31,09:15:20
US,Estados Unidos,OTROS,36,90,2QjOHCTQ1Jl3zawyYOpxh6,Sweater Weather,https://open.spotify.com/track/2QjOHCTQ1Jl3zawyYOpxh6,240400,False,77SW9BnxLY8rJ0RciFqkHh,The Neighbourhood,18316469,86,"modern alternative rock,modern rock,pop",4xkM0BwLM9H2IUcbYzpcBI,I Love You.,album,2013-04-22,11,0.612,0.807,10,-2.81,1,0.0336,0.0495,0.0177,0.101,0.398,124.053,4,2024-10-31,09:15:21
US,Estados Unidos,OTROS,37,89,17phhZDn6oGtzMe56NuWvj,Lose Control,https://open.spotify.com/track/17phhZDn6oGtzMe56NuWvj,210688,False,33qOK5uJ8AR2xuQQAhHump,Teddy Swims,3267350,86,,7nacKlk586eLRBSIsrk9DB,I've Tried Everything But Therapy (Part 1),album,2023-09-15,10,0.561,0.604,9,-4.409,1,0.0337,0.199,1.9e-05,0.104,0.242,159.92,3,2024-10-31,09:15:22
US,Estados Unidos,OTROS,38,86,4KULAymBBJcPRpk1yO4dOG,I Remember Everything (feat. Kacey Musgraves),https://open.spotify.com/track/4KULAymBBJcPRpk1yO4dOG,227195,False,40ZNYROS4zLfyyBSs2PGe2,Zach Bryan,5397269,91,classic oklahoma country,6PbnGueEO6LGodPfvNldYf,Zach Bryan,album,2023-08-25,16,0.429,0.453,0,-7.746,1,0.0459,0.554,2e-06,0.102,0.155,77.639,4,2024-10-31,09:15:23
US,Estados Unidos,OTROS,39,88,1XBYiRV30ykHw5f4wm6qEn,NIGHTS LIKE THIS,https://open.spotify.com/track/1XBYiRV30ykHw5f4wm6qEn,86983,False,2tIP7SsRs7vjIcLrU85W8J,The Kid LAROI,5786707,85,australian hip hop,63IolVUykZCHMlu2zu9jHS,THE FIRST TIME,album,2023-11-10,20,0.482,0.757,6,-4.586,1,0.0355,0.0137,0.0016,0.143,0.12,142.579,4,2024-10-31,09:15:23
US,Estados Unidos,OTROS,40,82,3siwsiaEoU4Kuuc9WKMUy5,No One Noticed,https://open.spotify.com/track/3siwsiaEoU4Kuuc9WKMUy5,236906,False,2sSGPbdZJkaSE2AbcGOACx,The Marías,1596553,78,"bedroom pop,la indie",03guxdOi12XJbnvxvxbpwG,Submarine,album,2024-05-31,14,0.705,0.339,7,-10.612,1,0.0278,0.552,0.0814,0.12,0.457,97.989,4,2024-10-31,09:15:24
US,Estados Unidos,OTROS,41,89,6AI3ezQ4o3HUoP6Dhudph3,Not Like Us,https://open.spotify.com/track/6AI3ezQ4o3HUoP6Dhudph3,274192,True,2YZyLoL8N0Wb9xBt1NhZWg,Kendrick Lamar,33798087,92,"conscious hip hop,hip hop,rap,west coast rap",5JjnoGJyOxfSZUZtk2rRwZ,Not Like Us,single,2024-05-04,1,0.898,0.472,1,-7.001,1,0.0776,0.0107,0.0,0.141,0.214,101.061,4,2024-10-31,09:15:25
US,Estados Unidos,OTROS,42,89,5AJ9hqTS2wcFQCELCFRO7A,MILLION DOLLAR BABY,https://open.spotify.com/track/5AJ9hqTS2wcFQCELCFRO7A,155151,False,1WaFQSHVGZQJTbf0BdxdNo,Tommy Richman,744123,79,chill abstract hip hop,2Z1gnUf3nbn6DtwZSUIH54,MILLION DOLLAR BABY,single,2024-04-26,2,0.852,0.697,1,-5.52,0,0.0439,0.0973,0.00037,0.0678,0.919,138.029,4,2024-10-31,09:15:26
US,Estados Unidos,OTROS,43,87,0mflMxspEfB0VbI1kyLiAv,Stick Season,https://open.spotify.com/track/0mflMxspEfB0VbI1kyLiAv,182346,False,2RQXRUsr4IW1f3mKyKsy4B,Noah Kahan,3504393,87,"pov: indie,singer-songwriter pop",50ZenUP4O2Q5eCy2NRNvuz,Stick Season,album,2022-10-14,14,0.664,0.5,9,-6.935,1,0.0651,0.799,0.0,0.0966,0.801,117.896,4,2024-10-31,09:15:27
US,Estados Unidos,OTROS,44,87,1k2pQc5i348DCHwbn5KTdc,Pink Pony Club,https://open.spotify.com/track/1k2pQc5i348DCHwbn5KTdc,258034,False,7GlBOeep6PqTfFi59PTUUN,Chappell Roan,3686982,89,indie pop,0EiI8ylL0FmWWpgHVTsZjZ,The Rise and Fall of a Midwest Princess,album,2023-09-22,14,0.61,0.65,6,-6.199,1,0.0474,0.399,0.0,0.11,0.507,106.719,4,2024-10-31,09:15:28
US,Estados Unidos,OTROS,45,82,3jHdKaLCkuNEkWcLVmQPCX,BEST INTEREST,https://open.spotify.com/track/3jHdKaLCkuNEkWcLVmQPCX,127921,True,4V8LLVI7PbaPR0K2TGSxFF,"Tyler, The Creator",17261006,92,"hip hop,rap",5iUwaD3wFVwfaAfs9Z0eCh,BEST INTEREST,single,2020-01-25,1,0.596,0.575,11,-8.325,0,0.0514,0.0861,0.000153,0.334,0.34,98.265,3,2024-10-31,09:15:28
US,Estados Unidos,OTROS,46,87,21B4gaTWnTkuSh77iWEXdS,Juno,https://open.spotify.com/track/21B4gaTWnTkuSh77iWEXdS,223192,True,74KM79TiuVKeVCqs8QtB0B,Sabrina Carpenter,14260468,95,pop,3iPSVi54hsacKKl1xIR2eH,Short n' Sweet,album,2024-08-23,12,0.633,0.725,5,-4.257,1,0.0427,0.0461,0.0,0.205,0.64,130.504,4,2024-10-31,09:15:29
US,Estados Unidos,OTROS,47,88,6MzofobZt2dm0Kf1hTThFz,Diet Pepsi,https://open.spotify.com/track/6MzofobZt2dm0Kf1hTThFz,169697,False,4gvjmrtzydbMpyJaXUtwvP,Addison Rae,446556,76,social media pop,0XA403JTounqFh2owquBXu,Diet Pepsi,single,2024-08-09,1,0.669,0.561,10,-6.538,1,0.0411,0.495,0.00962,0.0954,0.841,150.069,4,2024-10-31,09:15:30
US,Estados Unidos,OTROS,48,85,3WMj8moIAXJhHsyLaqIIHI,Something in the Orange,https://open.spotify.com/track/3WMj8moIAXJhHsyLaqIIHI,228013,False,40ZNYROS4zLfyyBSs2PGe2,Zach Bryan,5397269,91,classic oklahoma country,1CmTOKCeyz1aHH04OwvTPv,Something in the Orange,single,2022-04-22,4,0.369,0.192,4,-12.151,0,0.04,0.555,8.35e-06,0.0954,0.148,175.212,3,2024-10-31,09:15:31
US,Estados Unidos,OTROS,49,84,7fveJ3pk1eSfxBdVkzdXZ0,Cowgirls (feat. ERNEST),https://open.spotify.com/track/7fveJ3pk1eSfxBdVkzdXZ0,181621,False,4oUHIQIBe0LHzYfvXNW4QM,Morgan Wallen,10987568,91,contemporary country,6i7mF7whyRJuLJ4ogbH2wh,One Thing At A Time,album,2023-03-03,36,0.621,0.779,8,-3.777,1,0.0361,0.216,8.62e-06,0.165,0.399,172.037,4,2024-10-31,09:15:32
US,Estados Unidos,OTROS,50,86,4ZJ4vzLQekI0WntDbanNC7,Pink Skies,https://open.spotify.com/track/4ZJ4vzLQekI0WntDbanNC7,194920,False,40ZNYROS4zLfyyBSs2PGe2,Zach Bryan,5397269,91,classic oklahoma country,7LRZfujsTLyy814AnMSdtT,Pink Skies,single,2024-05-24,1,0.525,0.488,0,-6.909,1,0.038,0.191,5.14e-05,0.135,0.253,84.999,4,2024-10-31,09:15:32
CA,Canadá,OTROS,1,83,1QoyuMHNBe7lg3YW4Qtll4,St. Chroma (feat. Daniel Caesar),https://open.spotify.com/track/1QoyuMHNBe7lg3YW4Qtll4,197019,True,4V8LLVI7PbaPR0K2TGSxFF,"Tyler, The Creator",17261006,92,"hip hop,rap",0U28P0QVB1QRxpqp5IHOlH,CHROMAKOPIA,album,2024-10-28,14,0.576,0.884,0,-5.058,1,0.555,0.357,0.0,0.368,0.373,150.45,4,2024-10-31,09:15:34
CA,Canadá,OTROS,2,95,5vNRhkKd0yEAg8suGBpjeY,APT.,https://open.spotify.com/track/5vNRhkKd0yEAg8suGBpjeY,169917,False,3eVa5w3URK5duf6eyVDbu9,ROSÉ,7632823,82,k-pop,2IYQwwgxgOIn7t3iF6ufFD,APT.,single,2024-10-18,1,0.777,0.783,0,-4.477,0,0.26,0.0283,0.0,0.355,0.939,149.027,4,2024-10-31,09:15:35
CA,Canadá,OTROS,3,81,0VaeksJaXy5R1nvcTMh3Xk,"Darling, I (feat. Teezo Touchdown)",https://open.spotify.com/track/0VaeksJaXy5R1nvcTMh3Xk,253834,True,4V8LLVI7PbaPR0K2TGSxFF,"Tyler, The Creator",17261006,92,"hip hop,rap",0U28P0QVB1QRxpqp5IHOlH,CHROMAKOPIA,album,2024-10-28,14,0.373,0.818,3,-3.19,0,0.102,0.36,0.0,0.434,0.361,97.571,4,2024-10-31,09:15:35
CA,Canadá,OTROS,4,80,1YdtGoSYDvVQKoUqSDXX41,Noid,https://open.spotify.com/track/1YdtGoSYDvVQKoUqSDXX41,284363,True,4V8LLVI7PbaPR0K2TGSxFF,"Tyler, The Creator",17261006,92,"hip hop,rap",0U28P0QVB1QRxpqp5IHOlH,CHROMAKOPIA,album,2024-10-28,14,0.38,0.784,1,-6.004,1,0.299,0.523,0.000139,0.494,0.418,82.318,4,2024-10-31,09:15:36
CA,Canadá,OTROS,5,81,5RePVWy39tLpHH0WwXgBsK,Rah Tah Tah,https://open.spotify.com/track/5RePVWy39tLpHH0WwXgBsK,165412,True,4V8LLVI7PbaPR0K2TGSxFF,"Tyler, The Creator",17261006,92,"hip hop,rap",0U28P0QVB1QRxpqp5IHOlH,CHROMAKOPIA,album,2024-10-28,14,0.661,0.878,1,-4.099,1,0.31,0.00289,0.0,0.381,0.514,82.557,4,2024-10-31,09:15:37
CA,Canadá,OTROS,6,80,3tFed7YsjGnIfxeLEQwx3R,"Sticky (feat. GloRilla, Sexyy Red & Lil Wayne)",https://open.spotify.com/track/3tFed7YsjGnIfxeLEQwx3R,255915,True,4V8LLVI7PbaPR0K2TGSxFF,"Tyler, The Creator",17261006,92,"hip hop,rap",0U28P0QVB1QRxpqp5IHOlH,CHROMAKOPIA,album,2024-10-28,14,0.505,0.812,1,-3.986,1,0.461,0.285,0.0,0.444,0.664,80.09,4,2024-10-31,09:15:38
CA,Canadá,OTROS,7,100,2plbrEY59IikOBgBGLjaoe,Die With A Smile,https://open.spotify.com/track/2plbrEY59IikOBgBGLjaoe,251667,False,1HY2Jd0NmPuamShAr6KMms,Lady Gaga,32416547,92,"art pop,dance pop,pop",10FLjwfpbxLmW8c25Xyc2N,Die With A Smile,single,2024-08-16,1,0.521,0.592,6,-7.777,0,0.0304,0.308,0.0,0.122,0.535,157.969,3,2024-10-31,09:15:39
CA,Canadá,OTROS,8,85,7ne4VBA60CxGM75vw0EYad,That’s So True,https://open.spotify.com/track/7ne4VBA60CxGM75vw0EYad,166300,True,4tuJ0bMpJh08umKkEXKUI5,Gracie Abrams,2864071,88,alt z,0hBRqPYPXhr1RkTDG3n4Mk,The Secret of Us (Deluxe),album,2024-10-18,20,0.554,0.808,1,-4.169,1,0.0368,0.214,0.0,0.159,0.372,108.548,4,2024-10-31,09:15:39
CA,Canadá,OTROS,9,91,2262bWmqomIaJXwCRHr13j,Sailor Song,https://open.spotify.com/track/2262bWmqomIaJXwCRHr13j,211978,False,1iCnM8foFssWlPRLfAbIwo,Gigi Perez,424458,80,bedroom pop,68CN2LzY8MoxO2udy2C22e,Sailor Song,single,2024-07-26,1,0.494,0.413,11,-10.432,1,0.0254,0.682,6.72e-05,0.193,0.273,94.938,4,2024-10-31,09:15:40
CA,Canadá,OTROS,10,79,2aYHxnMF2umAavtgBvmkY1,Thought I Was Dead (feat. ScHoolboy Q & Santigold),https://open.spotify.com/track/2aYHxnMF2umAavtgBvmkY1,207272,True,4V8LLVI7PbaPR0K2TGSxFF,"Tyler, The Creator",17261006,92,"hip hop,rap",0U28P0QVB1QRxpqp5IHOlH,CHROMAKOPIA,album,2024-10-28,14,0.77,0.859,10,-3.382,0,0.275,0.362,0.0,0.673,0.64,129.77,4,2024-10-31,09:15:41
CA,Canadá,OTROS,11,79,3Umj02ZNl4d356pS1D38mn,Hey Jane,https://open.spotify.com/track/3Umj02ZNl4d356pS1D38mn,240742,True,4V8LLVI7PbaPR0K2TGSxFF,"Tyler, The Creator",17261006,92,"hip hop,rap",0U28P0QVB1QRxpqp5IHOlH,CHROMAKOPIA,album,2024-10-28,14,0.495,0.784,10,-7.027,0,0.42,0.555,0.0,0.621,0.669,94.563,4,2024-10-31,09:15:42
CA,Canadá,OTROS,12,92,1Es7AUAhQvapIcoh3qMKDL,Timeless (with Playboi Carti),https://open.spotify.com/track/1Es7AUAhQvapIcoh3qMKDL,256000,True,1Xyo4u8uXC1ZmMpatF05PJ,The Weeknd,93543802,96,"canadian contemporary r&b,canadian pop,pop",2IRxVVqbSbqHJo8Zx50LYn,Timeless,single,2024-09-27,1,0.769,0.722,11,-5.485,0,0.0507,0.0584,2.56e-06,0.111,0.57,119.973,4,2024-10-31,09:15:42
CA,Canadá,OTROS,13,94,5G2f63n7IPVPPjfNIGih7Q,Taste,https://open.spotify.com/track/5G2f63n7IPVPPjfNIGih7Q,157279,False,74KM79TiuVKeVCqs8QtB0B,Sabrina Carpenter,14260468,95,pop,3iPSVi54hsacKKl1xIR2eH,Short n' Sweet,album,2024-08-23,12,0.674,0.907,3,-4.086,1,0.064,0.101,0.0,0.297,0.721,112.964,4,2024-10-31,09:15:43
CA,Canadá,OTROS,14,84,7hR22TOX3RorxJPcsz5Wbo,Love Somebody,https://open.spotify.com/track/7hR22TOX3RorxJPcsz5Wbo,204828,False,4oUHIQIBe0LHzYfvXNW4QM,Morgan Wallen,10987568,91,contemporary country,0TxewlKVKdpP18dGg279ep,Love Somebody,single,2024-10-18,1,0.619,0.843,5,-5.348,0,0.0284,0.00948,0.000118,0.164,0.746,122.064,4,2024-10-31,09:15:44
CA,Canadá,OTROS,15,78,4BSR9I4ExlCJdXJo2GpBD5,Take Your Mask Off (feat. Daniel Caesar & LaToiya Williams),https://open.spotify.com/track/4BSR9I4ExlCJdXJo2GpBD5,253909,True,4V8LLVI7PbaPR0K2TGSxFF,"Tyler, The Creator",17261006,92,"hip hop,rap",0U28P0QVB1QRxpqp5IHOlH,CHROMAKOPIA,album,2024-10-28,14,0.503,0.658,6,-5.823,0,0.154,0.46,0.0,0.382,0.515,121.784,5,2024-10-31,09:15:45
CA,Canadá,OTROS,16,85,5fZJQrFKWQLb7FpJXZ1g7K,A Bar Song (Tipsy),https://open.spotify.com/track/5fZJQrFKWQLb7FpJXZ1g7K,171291,True,3y2cIKLjiOlp1Np37WiUdH,Shaboozey,744170,80,"modern country pop,pop rap",0DLvFVIfwt3OHdK9kGeEM3,"Where I've Been, Isn't Where I'm Going",album,2024-05-31,12,0.722,0.706,9,-4.857,1,0.0292,0.072,0.0,0.067,0.599,80.969,4,2024-10-31,09:15:46
CA,Canadá,OTROS,17,78,6ie0uyyvOKTTuIFBMPiNIl,Judge Judy,https://open.spotify.com/track/6ie0uyyvOKTTuIFBMPiNIl,269622,True,4V8LLVI7PbaPR0K2TGSxFF,"Tyler, The Creator",17261006,92,"hip hop,rap",0U28P0QVB1QRxpqp5IHOlH,CHROMAKOPIA,album,2024-10-28,14,0.622,0.661,1,-5.906,1,0.0826,0.297,0.000135,0.165,0.362,76.331,4,2024-10-31,09:15:46
CA,Canadá,OTROS,18,97,6dOtVTDdiauQNBQEDOtlAB,BIRDS OF A FEATHER,https://open.spotify.com/track/6dOtVTDdiauQNBQEDOtlAB,210373,False,6qqNVTkY8uBg9cP3Jd7DAH,Billie Eilish,101433183,96,"art pop,pop",7aJuG4TFXa2hmE4z1yxc3n,HIT ME HARD AND SOFT,album,2024-05-17,10,0.747,0.507,2,-10.171,1,0.0358,0.2,0.0608,0.117,0.438,104.978,4,2024-10-31,09:15:47
CA,Canadá,OTROS,19,78,3GdwjAsCsoE79ObhsJFyYb,I Killed You,https://open.spotify.com/track/3GdwjAsCsoE79ObhsJFyYb,168420,True,4V8LLVI7PbaPR0K2TGSxFF,"Tyler, The Creator",17261006,92,"hip hop,rap",0U28P0QVB1QRxpqp5IHOlH,CHROMAKOPIA,album,2024-10-28,14,0.749,0.896,2,-4.909,1,0.219,0.356,0.00075,0.267,0.447,97.121,4,2024-10-31,09:15:48
CA,Canadá,OTROS,20,77,6jbYpRPTEFl1HFKHk1IC0m,Like Him (feat. Lola Young),https://open.spotify.com/track/6jbYpRPTEFl1HFKHk1IC0m,278014,True,4V8LLVI7PbaPR0K2TGSxFF,"Tyler, The Creator",17261006,92,"hip hop,rap",0U28P0QVB1QRxpqp5IHOlH,CHROMAKOPIA,album,2024-10-28,14,0.392,0.555,4,-6.707,0,0.039,0.287,0.000253,0.13,0.191,96.063,3,2024-10-31,09:15:49
CA,Canadá,OTROS,21,85,5IZXB5IKAD2qlvTPJYDCFB,I Had Some Help (Feat. Morgan Wallen),https://open.spotify.com/track/5IZXB5IKAD2qlvTPJYDCFB,178205,True,246dkjvS1zLTtiykXe5h60,Post Malone,45667234,91,"dfw rap,melodic rap,pop,rap",4BbsHmXEghoPPevQjPnHXx,F-1 Trillion,album,2024-08-15,18,0.644,0.874,0,-4.723,1,0.0265,0.0113,0.0,0.227,0.753,128.017,4,2024-10-31,09:15:50
CA,Canadá,OTROS,22,77,3yw3m8wgRB4ptDyAvtdhq5,Tomorrow,https://open.spotify.com/track/3yw3m8wgRB4ptDyAvtdhq5,182326,True,4V8LLVI7PbaPR0K2TGSxFF,"Tyler, The Creator",17261006,92,"hip hop,rap",0U28P0QVB1QRxpqp5IHOlH,CHROMAKOPIA,album,2024-10-28,14,0.463,0.541,1,-6.594,1,0.0385,0.811,6.61e-05,0.125,0.307,95.827,4,2024-10-31,09:15:50
CA,Canadá,OTROS,23,94,0WbMK4wrZ1wFSty9F7FCgu,"Good Luck, Babe!",https://open.spotify.com/track/0WbMK4wrZ1wFSty9F7FCgu,218423,False,7GlBOeep6PqTfFi59PTUUN,Chappell Roan,3686982,89,indie pop,1WAjjRMfZjEXtB0lQrAw6Q,"Good Luck, Babe!",single,2024-04-05,1,0.7,0.582,11,-5.96,0,0.0356,0.0502,0.0,0.0881,0.785,116.712,4,2024-10-31,09:15:51
CA,Canadá,OTROS,24,89,3xkHsmpQCBMytMJNiDf3Ii,Beautiful Things,https://open.spotify.com/track/3xkHsmpQCBMytMJNiDf3Ii,180304,False,22wbnEMDvgVIAGdFeek6ET,Benson Boone,3815769,86,singer-songwriter pop,168CdR21lfn0TTyw1Pkdcm,Fireworks & Rollerblades,album,2024-04-05,15,0.472,0.471,10,-5.692,1,0.0603,0.151,0.0,0.14,0.219,105.029,3,2024-10-31,09:15:52
CA,Canadá,OTROS,25,88,2HRqTpkrJO5ggZyyK6NPWz,Espresso,https://open.spotify.com/track/2HRqTpkrJO5ggZyyK6NPWz,175459,True,74KM79TiuVKeVCqs8QtB0B,Sabrina Carpenter,14260468,95,pop,3iPSVi54hsacKKl1xIR2eH,Short n' Sweet,album,2024-08-23,12,0.699,0.776,0,-5.282,1,0.0293,0.131,5.36e-06,0.205,0.708,103.963,4,2024-10-31,09:15:53
CA,Canadá,OTROS,26,76,35D1RA5uVFVhMc1qX80TaQ,Balloon (feat. Doechii),https://open.spotify.com/track/35D1RA5uVFVhMc1qX80TaQ,154261,True,4V8LLVI7PbaPR0K2TGSxFF,"Tyler, The Creator",17261006,92,"hip hop,rap",0U28P0QVB1QRxpqp5IHOlH,CHROMAKOPIA,album,2024-10-28,14,0.437,0.868,6,-3.03,1,0.112,0.731,0.0,0.234,0.475,111.774,4,2024-10-31,09:15:54
CA,Canadá,OTROS,27,90,51rfRCiUSvxXlCSCfIztBy,"I Love You, I'm Sorry",https://open.spotify.com/track/51rfRCiUSvxXlCSCfIztBy,157146,True,4tuJ0bMpJh08umKkEXKUI5,Gracie Abrams,2864071,88,alt z,56bdWeO40o3WfAD2Lja4dl,The Secret of Us,album,2024-06-21,13,0.53,0.406,10,-7.507,1,0.033,0.656,0.0,0.133,0.338,115.94,3,2024-10-31,09:15:55
CA,Canadá,OTROS,28,76,0pvZCv4JOS5WBu7JITYef6,I Hope You Find Your Way Home,https://open.spotify.com/track/0pvZCv4JOS5WBu7JITYef6,269704,True,4V8LLVI7PbaPR0K2TGSxFF,"Tyler, The Creator",17261006,92,"hip hop,rap",0U28P0QVB1QRxpqp5IHOlH,CHROMAKOPIA,album,2024-10-28,14,0.621,0.596,4,-4.35,1,0.0607,0.294,5.53e-05,0.134,0.207,112.188,4,2024-10-31,09:15:55
CA,Canadá,OTROS,29,89,17phhZDn6oGtzMe56NuWvj,Lose Control,https://open.spotify.com/track/17phhZDn6oGtzMe56NuWvj,210688,False,33qOK5uJ8AR2xuQQAhHump,Teddy Swims,3267350,86,,7nacKlk586eLRBSIsrk9DB,I've Tried Everything But Therapy (Part 1),album,2023-09-15,10,0.561,0.604,9,-4.409,1,0.0337,0.199,1.9e-05,0.104,0.242,159.92,3,2024-10-31,09:15:56
CA,Canadá,OTROS,30,87,2tHwzyyOLoWSFqYNjeVMzj,Please Please Please,https://open.spotify.com/track/2tHwzyyOLoWSFqYNjeVMzj,186365,True,74KM79TiuVKeVCqs8QtB0B,Sabrina Carpenter,14260468,95,pop,3iPSVi54hsacKKl1xIR2eH,Short n' Sweet,album,2024-08-23,12,0.675,0.586,9,-6.086,1,0.0531,0.257,0.0,0.104,0.621,107.015,4,2024-10-31,09:15:57
CA,Canadá,OTROS,31,86,4KULAymBBJcPRpk1yO4dOG,I Remember Everything (feat. Kacey Musgraves),https://open.spotify.com/track/4KULAymBBJcPRpk1yO4dOG,227195,False,40ZNYROS4zLfyyBSs2PGe2,Zach Bryan,5397269,91,classic oklahoma country,6PbnGueEO6LGodPfvNldYf,Zach Bryan,album,2023-08-25,16,0.429,0.453,0,-7.746,1,0.0459,0.554,2e-06,0.102,0.155,77.639,4,2024-10-31,09:15:58
CA,Canadá,OTROS,32,87,0mflMxspEfB0VbI1kyLiAv,Stick Season,https://open.spotify.com/track/0mflMxspEfB0VbI1kyLiAv,182346,False,2RQXRUsr4IW1f3mKyKsy4B,Noah Kahan,3504393,87,"pov: indie,singer-songwriter pop",50ZenUP4O2Q5eCy2NRNvuz,Stick Season,album,2022-10-14,14,0.664,0.5,9,-6.935,1,0.0651,0.799,0.0,0.0966,0.801,117.896,4,2024-10-31,09:15:59
CA,Canadá,OTROS,33,92,3QaPy1KgI7nu9FJEQUgn6h,WILDFLOWER,https://open.spotify.com/track/3QaPy1KgI7nu9FJEQUgn6h,261466,False,6qqNVTkY8uBg9cP3Jd7DAH,Billie Eilish,101433183,96,"art pop,pop",7aJuG4TFXa2hmE4z1yxc3n,HIT ME HARD AND SOFT,album,2024-05-17,10,0.467,0.247,6,-12.002,0,0.0431,0.612,0.000271,0.17,0.126,148.101,4,2024-10-31,09:15:59
CA,Canadá,OTROS,34,88,2uqYupMHANxnwgeiXTZXzd,Austin (Boots Stop Workin'),https://open.spotify.com/track/2uqYupMHANxnwgeiXTZXzd,171782,True,7Ez6lTtSMjMf2YSYpukP1I,Dasha,244156,75,,40HsqPqeSR9Xe3IyAJWr6e,What Happens Now?,album,2024-02-16,8,0.756,0.672,0,-6.743,1,0.0522,0.464,3.37e-06,0.108,0.739,114.935,4,2024-10-31,09:16:00
CA,Canadá,OTROS,35,85,3WMj8moIAXJhHsyLaqIIHI,Something in the Orange,https://open.spotify.com/track/3WMj8moIAXJhHsyLaqIIHI,228013,False,40ZNYROS4zLfyyBSs2PGe2,Zach Bryan,5397269,91,classic oklahoma country,1CmTOKCeyz1aHH04OwvTPv,Something in the Orange,single,2022-04-22,4,0.369,0.192,4,-12.151,0,0.04,0.555,8.35e-06,0.0954,0.148,175.212,3,2024-10-31,09:16:01
CA,Canadá,OTROS,36,88,6MzofobZt2dm0Kf1hTThFz,Diet Pepsi,https://open.spotify.com/track/6MzofobZt2dm0Kf1hTThFz,169697,False,4gvjmrtzydbMpyJaXUtwvP,Addison Rae,446556,76,social media pop,0XA403JTounqFh2owquBXu,Diet Pepsi,single,2024-08-09,1,0.669,0.561,10,-6.538,1,0.0411,0.495,0.00962,0.0954,0.841,150.069,4,2024-10-31,09:16:02
CA,Canadá,OTROS,37,91,1UHS8Rf6h5Ar3CDWRd3wjF,Bed Chem,https://open.spotify.com/track/1UHS8Rf6h5Ar3CDWRd3wjF,171869,False,74KM79TiuVKeVCqs8QtB0B,Sabrina Carpenter,14260468,95,pop,3iPSVi54hsacKKl1xIR2eH,Short n' Sweet,album,2024-08-23,12,0.739,0.727,11,-5.968,0,0.0426,0.0678,0.0,0.104,0.676,94.99,4,2024-10-31,09:16:03
CA,Canadá,OTROS,38,86,4ZJ4vzLQekI0WntDbanNC7,Pink Skies,https://open.spotify.com/track/4ZJ4vzLQekI0WntDbanNC7,194920,False,40ZNYROS4zLfyyBSs2PGe2,Zach Bryan,5397269,91,classic oklahoma country,7LRZfujsTLyy814AnMSdtT,Pink Skies,single,2024-05-24,1,0.525,0.488,0,-6.909,1,0.038,0.191,5.14e-05,0.135,0.253,84.999,4,2024-10-31,09:16:04
CA,Canadá,OTROS,39,78,76JKIsdKrAfWUMjaA0u7v5,Too Sweet,https://open.spotify.com/track/76JKIsdKrAfWUMjaA0u7v5,251424,False,2FXC3k01G6Gw61bmprjgqS,Hozier,7987986,86,"irish singer-songwriter,modern rock,pop,pov: indie",0OWvUsVTHFXXnGiGht96K4,Unreal Unearth: Unaired,album,2024-08-19,23,0.741,0.62,10,-5.505,1,0.0412,0.0295,0.000809,0.0398,0.934,117.038,4,2024-10-31,09:16:04
CA,Canadá,OTROS,40,89,7KA4W4McWYRpgf0fWsJZWB,See You Again (feat. Kali Uchis),https://open.spotify.com/track/7KA4W4McWYRpgf0fWsJZWB,180386,True,4V8LLVI7PbaPR0K2TGSxFF,"Tyler, The Creator",17261006,92,"hip hop,rap",2nkto6YNI4rUYTLqEwWJ3o,Flower Boy,album,2017-07-21,14,0.558,0.559,6,-9.222,1,0.0959,0.371,7.49e-06,0.109,0.62,78.558,4,2024-10-31,09:16:05
CA,Canadá,OTROS,41,89,3Vr3zh0r7ALn8VLqCiRR10,Stargazing,https://open.spotify.com/track/3Vr3zh0r7ALn8VLqCiRR10,172533,False,3bO19AOone0ubCsfDXDtYt,Myles Smith,770748,79,singer-songwriter pop,3VNxRarx9HUI5w7DHv0TBj,Stargazing,single,2024-05-10,1,0.635,0.601,1,-6.129,0,0.0295,0.246,0.0,0.11,0.332,123.994,4,2024-10-31,09:16:06
CA,Canadá,OTROS,42,92,7tI8dRuH2Yc6RuoTjxo4dU,Who,https://open.spotify.com/track/7tI8dRuH2Yc6RuoTjxo4dU,170887,False,1oSPZhvZMIrWW5I41kPkkY,Jimin,9717033,88,k-pop,15XcLhiVMlSOipUddTNDnr,MUSE,album,2024-07-19,7,0.66,0.756,0,-3.743,0,0.032,0.00289,0.0,0.193,0.838,116.034,4,2024-10-31,09:16:07
CA,Canadá,OTROS,43,89,42VsgItocQwOQC3XWZ8JNA,FE!N (feat. Playboi Carti),https://open.spotify.com/track/42VsgItocQwOQC3XWZ8JNA,191700,True,0Y5tJX1MQlPlqiwlOH1tJY,Travis Scott,34041225,94,"rap,slap house",18NOKLkZETa4sWwLMIm0UZ,UTOPIA,album,2023-07-28,19,0.569,0.882,3,-2.777,0,0.06,0.0316,0.0,0.142,0.201,148.038,4,2024-10-31,09:16:08
CA,Canadá,OTROS,44,90,2QjOHCTQ1Jl3zawyYOpxh6,Sweater Weather,https://open.spotify.com/track/2QjOHCTQ1Jl3zawyYOpxh6,240400,False,77SW9BnxLY8rJ0RciFqkHh,The Neighbourhood,18316469,86,"modern alternative rock,modern rock,pop",4xkM0BwLM9H2IUcbYzpcBI,I Love You.,album,2013-04-22,11,0.612,0.807,10,-2.81,1,0.0336,0.0495,0.0177,0.101,0.398,124.053,4,2024-10-31,09:16:08
CA,Canadá,OTROS,45,83,6GG4yyk3UATdBfTHVgI8PB,Ain't No Love In Oklahoma (From Twisters: The Album),https://open.spotify.com/track/6GG4yyk3UATdBfTHVgI8PB,210950,False,718COspgdWOnwOFpJHRZHS,Luke Combs,11616325,87,"contemporary country,country",7x1eLsPizad7dHnqCGQODx,Ain't No Love In Oklahoma (From Twisters: The Album),single,2024-05-16,1,0.487,0.658,5,-9.973,1,0.0296,0.00877,0.00777,0.1,0.282,142.18,4,2024-10-31,09:16:09
CA,Canadá,OTROS,46,89,4xdBrk0nFZaP54vvZj0yx7,HOT TO GO!,https://open.spotify.com/track/4xdBrk0nFZaP54vvZj0yx7,184841,False,7GlBOeep6PqTfFi59PTUUN,Chappell Roan,3686982,89,indie pop,0EiI8ylL0FmWWpgHVTsZjZ,The Rise and Fall of a Midwest Princess,album,2023-09-22,14,0.742,0.757,6,-4.981,1,0.0421,0.0187,0.0,0.305,0.957,139.982,4,2024-10-31,09:16:10
CA,Canadá,OTROS,47,88,1XBYiRV30ykHw5f4wm6qEn,NIGHTS LIKE THIS,https://open.spotify.com/track/1XBYiRV30ykHw5f4wm6qEn,86983,False,2tIP7SsRs7vjIcLrU85W8J,The Kid LAROI,5786707,85,australian hip hop,63IolVUykZCHMlu2zu9jHS,THE FIRST TIME,album,2023-11-10,20,0.482,0.757,6,-4.586,1,0.0355,0.0137,0.0016,0.143,0.12,142.579,4,2024-10-31,09:16:11
CA,Canadá,OTROS,48,87,51eSHglvG1RJXtL3qI5trr,Slow It Down,https://open.spotify.com/track/51eSHglvG1RJXtL3qI5trr,161831,False,22wbnEMDvgVIAGdFeek6ET,Benson Boone,3815769,86,singer-songwriter pop,168CdR21lfn0TTyw1Pkdcm,Fireworks & Rollerblades,album,2024-04-05,15,0.432,0.583,8,-4.682,1,0.0687,0.174,0.0,0.0933,0.544,181.489,4,2024-10-31,09:16:12
CA,Canadá,OTROS,49,84,7fveJ3pk1eSfxBdVkzdXZ0,Cowgirls (feat. ERNEST),https://open.spotify.com/track/7fveJ3pk1eSfxBdVkzdXZ0,181621,False,4oUHIQIBe0LHzYfvXNW4QM,Morgan Wallen,10987568,91,contemporary country,6i7mF7whyRJuLJ4ogbH2wh,One Thing At A Time,album,2023-03-03,36,0.621,0.779,8,-3.777,1,0.0361,0.216,8.62e-06,0.165,0.399,172.037,4,2024-10-31,09:16:12
CA,Canadá,OTROS,50,84,2uXlHCUbq9OMUwx3hrk06o,Riptide,https://open.spotify.com/track/2uXlHCUbq9OMUwx3hrk06o,204280,False,10exVja0key0uqUkk6LJRT,Vance Joy,3186979,78,"folk-pop,modern rock",2biVG6BYnVVSwLYd1OjbPT,Dream Your Life Away (Deluxe Edition),album,2014-08-05,20,0.483,0.731,1,-6.696,1,0.0381,0.436,0.0,0.151,0.484,101.654,4,2024-10-31,09:16:13
AU,Australia,OTROS,1,83,1QoyuMHNBe7lg3YW4Qtll4,St. Chroma (feat. Daniel Caesar),https://open.spotify.com/track/1QoyuMHNBe7lg3YW4Qtll4,197019,True,4V8LLVI7PbaPR0K2TGSxFF,"Tyler, The Creator",17261006,92,"hip hop,rap",0U28P0QVB1QRxpqp5IHOlH,CHROMAKOPIA,album,2024-10-28,14,0.576,0.884,0,-5.058,1,0.555,0.357,0.0,0.368,0.373,150.45,4,2024-10-31,09:16:14
AU,Australia,OTROS,2,95,5vNRhkKd0yEAg8suGBpjeY,APT.,https://open.spotify.com/track/5vNRhkKd0yEAg8suGBpjeY,169917,False,3eVa5w3URK5duf6eyVDbu9,ROSÉ,7632823,82,k-pop,2IYQwwgxgOIn7t3iF6ufFD,APT.,single,2024-10-18,1,0.777,0.783,0,-4.477,0,0.26,0.0283,0.0,0.355,0.939,149.027,4,2024-10-31,09:16:15
AU,Australia,OTROS,3,81,0VaeksJaXy5R1nvcTMh3Xk,"Darling, I (feat. Teezo Touchdown)",https://open.spotify.com/track/0VaeksJaXy5R1nvcTMh3Xk,253834,True,4V8LLVI7PbaPR0K2TGSxFF,"Tyler, The Creator",17261006,92,"hip hop,rap",0U28P0QVB1QRxpqp5IHOlH,CHROMAKOPIA,album,2024-10-28,14,0.373,0.818,3,-3.19,0,0.102,0.36,0.0,0.434,0.361,97.571,4,2024-10-31,09:16:16
AU,Australia,OTROS,4,80,1YdtGoSYDvVQKoUqSDXX41,Noid,https://open.spotify.com/track/1YdtGoSYDvVQKoUqSDXX41,284363,True,4V8LLVI7PbaPR0K2TGSxFF,"Tyler, The Creator",17261006,92,"hip hop,rap",0U28P0QVB1QRxpqp5IHOlH,CHROMAKOPIA,album,2024-10-28,14,0.38,0.784,1,-6.004,1,0.299,0.523,0.000139,0.494,0.418,82.318,4,2024-10-31,09:16:17
AU,Australia,OTROS,5,81,5RePVWy39tLpHH0WwXgBsK,Rah Tah Tah,https://open.spotify.com/track/5RePVWy39tLpHH0WwXgBsK,165412,True,4V8LLVI7PbaPR0K2TGSxFF,"Tyler, The Creator",17261006,92,"hip hop,rap",0U28P0QVB1QRxpqp5IHOlH,CHROMAKOPIA,album,2024-10-28,14,0.661,0.878,1,-4.099,1,0.31,0.00289,0.0,0.381,0.514,82.557,4,2024-10-31,09:16:18
AU,Australia,OTROS,6,94,5G2f63n7IPVPPjfNIGih7Q,Taste,https://open.spotify.com/track/5G2f63n7IPVPPjfNIGih7Q,157279,False,74KM79TiuVKeVCqs8QtB0B,Sabrina Carpenter,14260468,95,pop,3iPSVi54hsacKKl1xIR2eH,Short n' Sweet,album,2024-08-23,12,0.674,0.907,3,-4.086,1,0.064,0.101,0.0,0.297,0.721,112.964,4,2024-10-31,09:16:19
AU,Australia,OTROS,7,100,2plbrEY59IikOBgBGLjaoe,Die With A Smile,https://open.spotify.com/track/2plbrEY59IikOBgBGLjaoe,251667,False,1HY2Jd0NmPuamShAr6KMms,Lady Gaga,32416547,92,"art pop,dance pop,pop",10FLjwfpbxLmW8c25Xyc2N,Die With A Smile,single,2024-08-16,1,0.521,0.592,6,-7.777,0,0.0304,0.308,0.0,0.122,0.535,157.969,3,2024-10-31,09:16:19
AU,Australia,OTROS,8,80,3tFed7YsjGnIfxeLEQwx3R,"Sticky (feat. GloRilla, Sexyy Red & Lil Wayne)",https://open.spotify.com/track/3tFed7YsjGnIfxeLEQwx3R,255915,True,4V8LLVI7PbaPR0K2TGSxFF,"Tyler, The Creator",17261006,92,"hip hop,rap",0U28P0QVB1QRxpqp5IHOlH,CHROMAKOPIA,album,2024-10-28,14,0.505,0.812,1,-3.986,1,0.461,0.285,0.0,0.444,0.664,80.09,4,2024-10-31,09:16:20
AU,Australia,OTROS,9,97,6dOtVTDdiauQNBQEDOtlAB,BIRDS OF A FEATHER,https://open.spotify.com/track/6dOtVTDdiauQNBQEDOtlAB,210373,False,6qqNVTkY8uBg9cP3Jd7DAH,Billie Eilish,101433183,96,"art pop,pop",7aJuG4TFXa2hmE4z1yxc3n,HIT ME HARD AND SOFT,album,2024-05-17,10,0.747,0.507,2,-10.171,1,0.0358,0.2,0.0608,0.117,0.438,104.978,4,2024-10-31,09:16:21
AU,Australia,OTROS,10,85,7ne4VBA60CxGM75vw0EYad,That’s So True,https://open.spotify.com/track/7ne4VBA60CxGM75vw0EYad,166300,True,4tuJ0bMpJh08umKkEXKUI5,Gracie Abrams,2864071,88,alt z,0hBRqPYPXhr1RkTDG3n4Mk,The Secret of Us (Deluxe),album,2024-10-18,20,0.554,0.808,1,-4.169,1,0.0368,0.214,0.0,0.159,0.372,108.548,4,2024-10-31,09:16:22
AU,Australia,OTROS,11,91,2262bWmqomIaJXwCRHr13j,Sailor Song,https://open.spotify.com/track/2262bWmqomIaJXwCRHr13j,211978,False,1iCnM8foFssWlPRLfAbIwo,Gigi Perez,424458,80,bedroom pop,68CN2LzY8MoxO2udy2C22e,Sailor Song,single,2024-07-26,1,0.494,0.413,11,-10.432,1,0.0254,0.682,6.72e-05,0.193,0.273,94.938,4,2024-10-31,09:16:22
AU,Australia,OTROS,12,79,3Umj02ZNl4d356pS1D38mn,Hey Jane,https://open.spotify.com/track/3Umj02ZNl4d356pS1D38mn,240742,True,4V8LLVI7PbaPR0K2TGSxFF,"Tyler, The Creator",17261006,92,"hip hop,rap",0U28P0QVB1QRxpqp5IHOlH,CHROMAKOPIA,album,2024-10-28,14,0.495,0.784,10,-7.027,0,0.42,0.555,0.0,0.621,0.669,94.563,4,2024-10-31,09:16:23
AU,Australia,OTROS,13,79,2aYHxnMF2umAavtgBvmkY1,Thought I Was Dead (feat. ScHoolboy Q & Santigold),https://open.spotify.com/track/2aYHxnMF2umAavtgBvmkY1,207272,True,4V8LLVI7PbaPR0K2TGSxFF,"Tyler, The Creator",17261006,92,"hip hop,rap",0U28P0QVB1QRxpqp5IHOlH,CHROMAKOPIA,album,2024-10-28,14,0.77,0.859,10,-3.382,0,0.275,0.362,0.0,0.673,0.64,129.77,4,2024-10-31,09:16:24
AU,Australia,OTROS,14,85,5fZJQrFKWQLb7FpJXZ1g7K,A Bar Song (Tipsy),https://open.spotify.com/track/5fZJQrFKWQLb7FpJXZ1g7K,171291,True,3y2cIKLjiOlp1Np37WiUdH,Shaboozey,744170,80,"modern country pop,pop rap",0DLvFVIfwt3OHdK9kGeEM3,"Where I've Been, Isn't Where I'm Going",album,2024-05-31,12,0.722,0.706,9,-4.857,1,0.0292,0.072,0.0,0.067,0.599,80.969,4,2024-10-31,09:16:25
AU,Australia,OTROS,15,88,2HRqTpkrJO5ggZyyK6NPWz,Espresso,https://open.spotify.com/track/2HRqTpkrJO5ggZyyK6NPWz,175459,True,74KM79TiuVKeVCqs8QtB0B,Sabrina Carpenter,14260468,95,pop,3iPSVi54hsacKKl1xIR2eH,Short n' Sweet,album,2024-08-23,12,0.699,0.776,0,-5.282,1,0.0293,0.131,5.36e-06,0.205,0.708,103.963,4,2024-10-31,09:16:26
AU,Australia,OTROS,16,78,4BSR9I4ExlCJdXJo2GpBD5,Take Your Mask Off (feat. Daniel Caesar & LaToiya Williams),https://open.spotify.com/track/4BSR9I4ExlCJdXJo2GpBD5,253909,True,4V8LLVI7PbaPR0K2TGSxFF,"Tyler, The Creator",17261006,92,"hip hop,rap",0U28P0QVB1QRxpqp5IHOlH,CHROMAKOPIA,album,2024-10-28,14,0.503,0.658,6,-5.823,0,0.154,0.46,0.0,0.382,0.515,121.784,5,2024-10-31,09:16:27
AU,Australia,OTROS,17,78,6ie0uyyvOKTTuIFBMPiNIl,Judge Judy,https://open.spotify.com/track/6ie0uyyvOKTTuIFBMPiNIl,269622,True,4V8LLVI7PbaPR0K2TGSxFF,"Tyler, The Creator",17261006,92,"hip hop,rap",0U28P0QVB1QRxpqp5IHOlH,CHROMAKOPIA,album,2024-10-28,14,0.622,0.661,1,-5.906,1,0.0826,0.297,0.000135,0.165,0.362,76.331,4,2024-10-31,09:16:27
AU,Australia,OTROS,18,89,3xkHsmpQCBMytMJNiDf3Ii,Beautiful Things,https://open.spotify.com/track/3xkHsmpQCBMytMJNiDf3Ii,180304,False,22wbnEMDvgVIAGdFeek6ET,Benson Boone,3815769,86,singer-songwriter pop,168CdR21lfn0TTyw1Pkdcm,Fireworks & Rollerblades,album,2024-04-05,15,0.472,0.471,10,-5.692,1,0.0603,0.151,0.0,0.14,0.219,105.029,3,2024-10-31,09:16:28
AU,Australia,OTROS,19,94,0WbMK4wrZ1wFSty9F7FCgu,"Good Luck, Babe!",https://open.spotify.com/track/0WbMK4wrZ1wFSty9F7FCgu,218423,False,7GlBOeep6PqTfFi59PTUUN,Chappell Roan,3686982,89,indie pop,1WAjjRMfZjEXtB0lQrAw6Q,"Good Luck, Babe!",single,2024-04-05,1,0.7,0.582,11,-5.96,0,0.0356,0.0502,0.0,0.0881,0.785,116.712,4,2024-10-31,09:16:29
AU,Australia,OTROS,20,85,5IZXB5IKAD2qlvTPJYDCFB,I Had Some Help (Feat. Morgan Wallen),https://open.spotify.com/track/5IZXB5IKAD2qlvTPJYDCFB,178205,True,246dkjvS1zLTtiykXe5h60,Post Malone,45667234,91,"dfw rap,melodic rap,pop,rap",4BbsHmXEghoPPevQjPnHXx,F-1 Trillion,album,2024-08-15,18,0.644,0.874,0,-4.723,1,0.0265,0.0113,0.0,0.227,0.753,128.017,4,2024-10-31,09:16:30
AU,Australia,OTROS,21,78,3GdwjAsCsoE79ObhsJFyYb,I Killed You,https://open.spotify.com/track/3GdwjAsCsoE79ObhsJFyYb,168420,True,4V8LLVI7PbaPR0K2TGSxFF,"Tyler, The Creator",17261006,92,"hip hop,rap",0U28P0QVB1QRxpqp5IHOlH,CHROMAKOPIA,album,2024-10-28,14,0.749,0.896,2,-4.909,1,0.219,0.356,0.00075,0.267,0.447,97.121,4,2024-10-31,09:16:31
AU,Australia,OTROS,22,92,1Es7AUAhQvapIcoh3qMKDL,Timeless (with Playboi Carti),https://open.spotify.com/track/1Es7AUAhQvapIcoh3qMKDL,256000,True,1Xyo4u8uXC1ZmMpatF05PJ,The Weeknd,93543802,96,"canadian contemporary r&b,canadian pop,pop",2IRxVVqbSbqHJo8Zx50LYn,Timeless,single,2024-09-27,1,0.769,0.722,11,-5.485,0,0.0507,0.0584,2.56e-06,0.111,0.57,119.973,4,2024-10-31,09:16:31
AU,Australia,OTROS,23,77,6jbYpRPTEFl1HFKHk1IC0m,Like Him (feat. Lola Young),https://open.spotify.com/track/6jbYpRPTEFl1HFKHk1IC0m,278014,True,4V8LLVI7PbaPR0K2TGSxFF,"Tyler, The Creator",17261006,92,"hip hop,rap",0U28P0QVB1QRxpqp5IHOlH,CHROMAKOPIA,album,2024-10-28,14,0.392,0.555,4,-6.707,0,0.039,0.287,0.000253,0.13,0.191,96.063,3,2024-10-31,09:16:32
AU,Australia,OTROS,24,77,3yw3m8wgRB4ptDyAvtdhq5,Tomorrow,https://open.spotify.com/track/3yw3m8wgRB4ptDyAvtdhq5,182326,True,4V8LLVI7PbaPR0K2TGSxFF,"Tyler, The Creator",17261006,92,"hip hop,rap",0U28P0QVB1QRxpqp5IHOlH,CHROMAKOPIA,album,2024-10-28,14,0.463,0.541,1,-6.594,1,0.0385,0.811,6.61e-05,0.125,0.307,95.827,4,2024-10-31,09:16:33
AU,Australia,OTROS,25,90,51rfRCiUSvxXlCSCfIztBy,"I Love You, I'm Sorry",https://open.spotify.com/track/51rfRCiUSvxXlCSCfIztBy,157146,True,4tuJ0bMpJh08umKkEXKUI5,Gracie Abrams,2864071,88,alt z,56bdWeO40o3WfAD2Lja4dl,The Secret of Us,album,2024-06-21,13,0.53,0.406,10,-7.507,1,0.033,0.656,0.0,0.133,0.338,115.94,3,2024-10-31,09:16:34
AU,Australia,OTROS,26,76,35D1RA5uVFVhMc1qX80TaQ,Balloon (feat. Doechii),https://open.spotify.com/track/35D1RA5uVFVhMc1qX80TaQ,154261,True,4V8LLVI7PbaPR0K2TGSxFF,"Tyler, The Creator",17261006,92,"hip hop,rap",0U28P0QVB1QRxpqp5IHOlH,CHROMAKOPIA,album,2024-10-28,14,0.437,0.868,6,-3.03,1,0.112,0.731,0.0,0.234,0.475,111.774,4,2024-10-31,09:16:35
AU,Australia,OTROS,27,88,2uqYupMHANxnwgeiXTZXzd,Austin (Boots Stop Workin'),https://open.spotify.com/track/2uqYupMHANxnwgeiXTZXzd,171782,True,7Ez6lTtSMjMf2YSYpukP1I,Dasha,244156,75,,40HsqPqeSR9Xe3IyAJWr6e,What Happens Now?,album,2024-02-16,8,0.756,0.672,0,-6.743,1,0.0522,0.464,3.37e-06,0.108,0.739,114.935,4,2024-10-31,09:16:35
AU,Australia,OTROS,28,88,6MzofobZt2dm0Kf1hTThFz,Diet Pepsi,https://open.spotify.com/track/6MzofobZt2dm0Kf1hTThFz,169697,False,4gvjmrtzydbMpyJaXUtwvP,Addison Rae,446556,76,social media pop,0XA403JTounqFh2owquBXu,Diet Pepsi,single,2024-08-09,1,0.669,0.561,10,-6.538,1,0.0411,0.495,0.00962,0.0954,0.841,150.069,4,2024-10-31,09:16:36
AU,Australia,OTROS,29,87,2tHwzyyOLoWSFqYNjeVMzj,Please Please Please,https://open.spotify.com/track/2tHwzyyOLoWSFqYNjeVMzj,186365,True,74KM79TiuVKeVCqs8QtB0B,Sabrina Carpenter,14260468,95,pop,3iPSVi54hsacKKl1xIR2eH,Short n' Sweet,album,2024-08-23,12,0.675,0.586,9,-6.086,1,0.0531,0.257,0.0,0.104,0.621,107.015,4,2024-10-31,09:16:37
AU,Australia,OTROS,30,91,1UHS8Rf6h5Ar3CDWRd3wjF,Bed Chem,https://open.spotify.com/track/1UHS8Rf6h5Ar3CDWRd3wjF,171869,False,74KM79TiuVKeVCqs8QtB0B,Sabrina Carpenter,14260468,95,pop,3iPSVi54hsacKKl1xIR2eH,Short n' Sweet,album,2024-08-23,12,0.739,0.727,11,-5.968,0,0.0426,0.0678,0.0,0.104,0.676,94.99,4,2024-10-31,09:16:38
AU,Australia,OTROS,31,89,17phhZDn6oGtzMe56NuWvj,Lose Control,https://open.spotify.com/track/17phhZDn6oGtzMe56NuWvj,210688,False,33qOK5uJ8AR2xuQQAhHump,Teddy Swims,3267350,86,,7nacKlk586eLRBSIsrk9DB,I've Tried Everything But Therapy (Part 1),album,2023-09-15,10,0.561,0.604,9,-4.409,1,0.0337,0.199,1.9e-05,0.104,0.242,159.92,3,2024-10-31,09:16:39
AU,Australia,OTROS,32,78,76JKIsdKrAfWUMjaA0u7v5,Too Sweet,https://open.spotify.com/track/19XpFsce28aByvCC4g89tJ,251424,False,2FXC3k01G6Gw61bmprjgqS,Hozier,7987986,86,"irish singer-songwriter,modern rock,pop,pov: indie",48qd9sU3xqYJbKaxHCciJL,Unreal Unearth: Unaired,album,2024-08-19,23,0.741,0.62,10,-5.505,1,0.0412,0.0295,0.000809,0.0398,0.934,117.038,4,2024-10-31,09:16:39
AU,Australia,OTROS,33,89,3Vr3zh0r7ALn8VLqCiRR10,Stargazing,https://open.spotify.com/track/3Vr3zh0r7ALn8VLqCiRR10,172533,False,3bO19AOone0ubCsfDXDtYt,Myles Smith,770748,79,singer-songwriter pop,3VNxRarx9HUI5w7DHv0TBj,Stargazing,single,2024-05-10,1,0.635,0.601,1,-6.129,0,0.0295,0.246,0.0,0.11,0.332,123.994,4,2024-10-31,09:16:40
AU,Australia,OTROS,34,88,1XBYiRV30ykHw5f4wm6qEn,NIGHTS LIKE THIS,https://open.spotify.com/track/1XBYiRV30ykHw5f4wm6qEn,86983,False,2tIP7SsRs7vjIcLrU85W8J,The Kid LAROI,5786707,85,australian hip hop,63IolVUykZCHMlu2zu9jHS,THE FIRST TIME,album,2023-11-10,20,0.482,0.757,6,-4.586,1,0.0355,0.0137,0.0016,0.143,0.12,142.579,4,2024-10-31,09:16:41
AU,Australia,OTROS,35,76,0pvZCv4JOS5WBu7JITYef6,I Hope You Find Your Way Home,https://open.spotify.com/track/0pvZCv4JOS5WBu7JITYef6,269704,True,4V8LLVI7PbaPR0K2TGSxFF,"Tyler, The Creator",17261006,92,"hip hop,rap",0U28P0QVB1QRxpqp5IHOlH,CHROMAKOPIA,album,2024-10-28,14,0.621,0.596,4,-4.35,1,0.0607,0.294,5.53e-05,0.134,0.207,112.188,4,2024-10-31,09:16:42
AU,Australia,OTROS,36,87,51eSHglvG1RJXtL3qI5trr,Slow It Down,https://open.spotify.com/track/51eSHglvG1RJXtL3qI5trr,161831,False,22wbnEMDvgVIAGdFeek6ET,Benson Boone,3815769,86,singer-songwriter pop,168CdR21lfn0TTyw1Pkdcm,Fireworks & Rollerblades,album,2024-04-05,15,0.432,0.583,8,-4.682,1,0.0687,0.174,0.0,0.0933,0.544,181.489,4,2024-10-31,09:16:43
AU,Australia,OTROS,37,89,42VsgItocQwOQC3XWZ8JNA,FE!N (feat. Playboi Carti),https://open.spotify.com/track/42VsgItocQwOQC3XWZ8JNA,191700,True,0Y5tJX1MQlPlqiwlOH1tJY,Travis Scott,34041225,94,"rap,slap house",18NOKLkZETa4sWwLMIm0UZ,UTOPIA,album,2023-07-28,19,0.569,0.882,3,-2.777,0,0.06,0.0316,0.0,0.142,0.201,148.038,4,2024-10-31,09:16:43
AU,Australia,OTROS,38,87,0mflMxspEfB0VbI1kyLiAv,Stick Season,https://open.spotify.com/track/0mflMxspEfB0VbI1kyLiAv,182346,False,2RQXRUsr4IW1f3mKyKsy4B,Noah Kahan,3504393,87,"pov: indie,singer-songwriter pop",50ZenUP4O2Q5eCy2NRNvuz,Stick Season,album,2022-10-14,14,0.664,0.5,9,-6.935,1,0.0651,0.799,0.0,0.0966,0.801,117.896,4,2024-10-31,09:16:44
AU,Australia,OTROS,39,70,3R1Xa7LkesYpNI3v6fslKi,Riptide,https://open.spotify.com/track/2uXlHCUbq9OMUwx3hrk06o,204280,False,10exVja0key0uqUkk6LJRT,Vance Joy,3186979,78,"folk-pop,modern rock",2biVG6BYnVVSwLYd1OjbPT,Dream Your Life Away (Deluxe Edition),album,2014-08-05,20,0.502,0.719,1,-6.649,1,0.0349,0.46,0.0,0.114,0.438,101.609,4,2024-10-31,09:16:45
AU,Australia,OTROS,40,84,7hR22TOX3RorxJPcsz5Wbo,Love Somebody,https://open.spotify.com/track/7hR22TOX3RorxJPcsz5Wbo,204828,False,4oUHIQIBe0LHzYfvXNW4QM,Morgan Wallen,10987568,91,contemporary country,0TxewlKVKdpP18dGg279ep,Love Somebody,single,2024-10-18,1,0.619,0.843,5,-5.348,0,0.0284,0.00948,0.000118,0.164,0.746,122.064,4,2024-10-31,09:16:46
AU,Australia,OTROS,41,85,3WMj8moIAXJhHsyLaqIIHI,Something in the Orange,https://open.spotify.com/track/3WMj8moIAXJhHsyLaqIIHI,228013,False,40ZNYROS4zLfyyBSs2PGe2,Zach Bryan,5397269,91,classic oklahoma country,1CmTOKCeyz1aHH04OwvTPv,Something in the Orange,single,2022-04-22,4,0.369,0.192,4,-12.151,0,0.04,0.555,8.35e-06,0.0954,0.148,175.212,3,2024-10-31,09:16:47
AU,Australia,OTROS,42,92,3QaPy1KgI7nu9FJEQUgn6h,WILDFLOWER,https://open.spotify.com/track/3QaPy1KgI7nu9FJEQUgn6h,261466,False,6qqNVTkY8uBg9cP3Jd7DAH,Billie Eilish,101433183,96,"art pop,pop",7aJuG4TFXa2hmE4z1yxc3n,HIT ME HARD AND SOFT,album,2024-05-17,10,0.467,0.247,6,-12.002,0,0.0431,0.612,0.000271,0.17,0.126,148.101,4,2024-10-31,09:16:47
AU,Australia,OTROS,43,86,4KULAymBBJcPRpk1yO4dOG,I Remember Everything (feat. Kacey Musgraves),https://open.spotify.com/track/4KULAymBBJcPRpk1yO4dOG,227195,False,40ZNYROS4zLfyyBSs2PGe2,Zach Bryan,5397269,91,classic oklahoma country,6PbnGueEO6LGodPfvNldYf,Zach Bryan,album,2023-08-25,16,0.429,0.453,0,-7.746,1,0.0459,0.554,2e-06,0.102,0.155,77.639,4,2024-10-31,09:16:48
AU,Australia,OTROS,44,85,3Pbp7cUCx4d3OAkZSCoNvn,Scared To Start,https://open.spotify.com/track/3Pbp7cUCx4d3OAkZSCoNvn,159636,False,4j96cMcT8GRi11qbvo1cLQ,Michael Marcagi,197058,73,,3NpeIWhWsxU7d3XL5KEh39,Scared To Start,single,2024-01-12,1,0.527,0.551,7,-11.258,1,0.0345,0.384,2.75e-06,0.403,0.443,148.035,4,2024-10-31,09:16:49
AU,Australia,OTROS,45,89,7KA4W4McWYRpgf0fWsJZWB,See You Again (feat. Kali Uchis),https://open.spotify.com/track/7KA4W4McWYRpgf0fWsJZWB,180386,True,4V8LLVI7PbaPR0K2TGSxFF,"Tyler, The Creator",17261006,92,"hip hop,rap",2nkto6YNI4rUYTLqEwWJ3o,Flower Boy,album,2017-07-21,14,0.558,0.559,6,-9.222,1,0.0959,0.371,7.49e-06,0.109,0.62,78.558,4,2024-10-31,09:16:50
AU,Australia,OTROS,46,79,0IsIY8pfu1yaGkPUD7pkDx,Guess featuring billie eilish,https://open.spotify.com/track/0IsIY8pfu1yaGkPUD7pkDx,143330,False,25uiPmTg16RbhZWAqwLBy5,Charli xcx,4348820,89,"art pop,candy pop,metropopolis,pop,uk pop",36P07bti6xD99o7S1acmin,Brat and it’s completely different but also still brat,album,2024-10-11,34,0.78,0.713,0,-4.493,1,0.0888,0.0167,0.206,0.144,0.615,130.034,4,2024-10-31,09:16:51
AU,Australia,OTROS,47,89,5AJ9hqTS2wcFQCELCFRO7A,MILLION DOLLAR BABY,https://open.spotify.com/track/5AJ9hqTS2wcFQCELCFRO7A,155151,False,1WaFQSHVGZQJTbf0BdxdNo,Tommy Richman,744123,79,chill abstract hip hop,2Z1gnUf3nbn6DtwZSUIH54,MILLION DOLLAR BABY,single,2024-04-26,2,0.852,0.697,1,-5.52,0,0.0439,0.0973,0.00037,0.0678,0.919,138.029,4,2024-10-31,09:16:51
AU,Australia,OTROS,48,89,4xdBrk0nFZaP54vvZj0yx7,HOT TO GO!,https://open.spotify.com/track/4xdBrk0nFZaP54vvZj0yx7,184841,False,7GlBOeep6PqTfFi59PTUUN,Chappell Roan,3686982,89,indie pop,0EiI8ylL0FmWWpgHVTsZjZ,The Rise and Fall of a Midwest Princess,album,2023-09-22,14,0.742,0.757,6,-4.981,1,0.0421,0.0187,0.0,0.305,0.957,139.982,4,2024-10-31,09:16:52
AU,Australia,OTROS,49,90,5O2P9iiztwhomNh8xkR9lJ,Night Changes,https://open.spotify.com/track/5O2P9iiztwhomNh8xkR9lJ,226600,False,4AK6F7OLvEQ5QYCBNiQWHq,One Direction,37254233,91,"boy band,pop,post-teen pop,talent show",4gCNyS7pidfK3rKWhB3JOY,FOUR (Deluxe),album,2014-11-17,16,0.672,0.52,8,-7.747,1,0.0353,0.859,0.0,0.115,0.37,120.001,4,2024-10-31,09:16:53
AU,Australia,OTROS,50,67,1SLxVWqXo9zNrrDKRa3m1G,Viva La Vida,https://open.spotify.com/track/1mea3bSkSGXuIRvnydlB5b,242373,False,4gzpq5DPGxSnKTe4SA8HAU,Coldplay,54350779,92,"permanent wave,pop",1CEODgTmTwLyabvwd7HBty,Viva La Vida or Death and All His Friends,album,2008-05-26,10,0.486,0.617,5,-7.115,0,0.0287,0.0954,3.23e-06,0.109,0.417,138.015,4,2024-10-31,09:16:54
NZ,Nueva Zelanda,OTROS,1,83,1QoyuMHNBe7lg3YW4Qtll4,St. Chroma (feat. Daniel Caesar),https://open.spotify.com/track/1QoyuMHNBe7lg3YW4Qtll4,197019,True,4V8LLVI7PbaPR0K2TGSxFF,"Tyler, The Creator",17261006,92,"hip hop,rap",0U28P0QVB1QRxpqp5IHOlH,CHROMAKOPIA,album,2024-10-28,14,0.576,0.884,0,-5.058,1,0.555,0.357,0.0,0.368,0.373,150.45,4,2024-10-31,09:16:55
NZ,Nueva Zelanda,OTROS,2,95,5vNRhkKd0yEAg8suGBpjeY,APT.,https://open.spotify.com/track/5vNRhkKd0yEAg8suGBpjeY,169917,False,3eVa5w3URK5duf6eyVDbu9,ROSÉ,7632823,82,k-pop,2IYQwwgxgOIn7t3iF6ufFD,APT.,single,2024-10-18,1,0.777,0.783,0,-4.477,0,0.26,0.0283,0.0,0.355,0.939,149.027,4,2024-10-31,09:16:56
NZ,Nueva Zelanda,OTROS,3,81,0VaeksJaXy5R1nvcTMh3Xk,"Darling, I (feat. Teezo Touchdown)",https://open.spotify.com/track/0VaeksJaXy5R1nvcTMh3Xk,253834,True,4V8LLVI7PbaPR0K2TGSxFF,"Tyler, The Creator",17261006,92,"hip hop,rap",0U28P0QVB1QRxpqp5IHOlH,CHROMAKOPIA,album,2024-10-28,14,0.373,0.818,3,-3.19,0,0.102,0.36,0.0,0.434,0.361,97.571,4,2024-10-31,09:16:57
NZ,Nueva Zelanda,OTROS,4,100,2plbrEY59IikOBgBGLjaoe,Die With A Smile,https://open.spotify.com/track/2plbrEY59IikOBgBGLjaoe,251667,False,1HY2Jd0NmPuamShAr6KMms,Lady Gaga,32416547,92,"art pop,dance pop,pop",10FLjwfpbxLmW8c25Xyc2N,Die With A Smile,single,2024-08-16,1,0.521,0.592,6,-7.777,0,0.0304,0.308,0.0,0.122,0.535,157.969,3,2024-10-31,09:16:58
NZ,Nueva Zelanda,OTROS,5,80,1YdtGoSYDvVQKoUqSDXX41,Noid,https://open.spotify.com/track/1YdtGoSYDvVQKoUqSDXX41,284363,True,4V8LLVI7PbaPR0K2TGSxFF,"Tyler, The Creator",17261006,92,"hip hop,rap",0U28P0QVB1QRxpqp5IHOlH,CHROMAKOPIA,album,2024-10-28,14,0.38,0.784,1,-6.004,1,0.299,0.523,0.000139,0.494,0.418,82.318,4,2024-10-31,09:16:59
NZ,Nueva Zelanda,OTROS,6,81,5RePVWy39tLpHH0WwXgBsK,Rah Tah Tah,https://open.spotify.com/track/5RePVWy39tLpHH0WwXgBsK,165412,True,4V8LLVI7PbaPR0K2TGSxFF,"Tyler, The Creator",17261006,92,"hip hop,rap",0U28P0QVB1QRxpqp5IHOlH,CHROMAKOPIA,album,2024-10-28,14,0.661,0.878,1,-4.099,1,0.31,0.00289,0.0,0.381,0.514,82.557,4,2024-10-31,09:17:00
NZ,Nueva Zelanda,OTROS,7,91,2262bWmqomIaJXwCRHr13j,Sailor Song,https://open.spotify.com/track/2262bWmqomIaJXwCRHr13j,211978,False,1iCnM8foFssWlPRLfAbIwo,Gigi Perez,424458,80,bedroom pop,68CN2LzY8MoxO2udy2C22e,Sailor Song,single,2024-07-26,1,0.494,0.413,11,-10.432,1,0.0254,0.682,6.72e-05,0.193,0.273,94.938,4,2024-10-31,09:17:01
NZ,Nueva Zelanda,OTROS,8,80,3tFed7YsjGnIfxeLEQwx3R,"Sticky (feat. GloRilla, Sexyy Red & Lil Wayne)",https://open.spotify.com/track/3tFed7YsjGnIfxeLEQwx3R,255915,True,4V8LLVI7PbaPR0K2TGSxFF,"Tyler, The Creator",17261006,92,"hip hop,rap",0U28P0QVB1QRxpqp5IHOlH,CHROMAKOPIA,album,2024-10-28,14,0.505,0.812,1,-3.986,1,0.461,0.285,0.0,0.444,0.664,80.09,4,2024-10-31,09:17:02
NZ,Nueva Zelanda,OTROS,9,94,5G2f63n7IPVPPjfNIGih7Q,Taste,https://open.spotify.com/track/5G2f63n7IPVPPjfNIGih7Q,157279,False,74KM79TiuVKeVCqs8QtB0B,Sabrina Carpenter,14260468,95,pop,3iPSVi54hsacKKl1xIR2eH,Short n' Sweet,album,2024-08-23,12,0.674,0.907,3,-4.086,1,0.064,0.101,0.0,0.297,0.721,112.964,4,2024-10-31,09:17:02
NZ,Nueva Zelanda,OTROS,10,97,6dOtVTDdiauQNBQEDOtlAB,BIRDS OF A FEATHER,https://open.spotify.com/track/6dOtVTDdiauQNBQEDOtlAB,210373,False,6qqNVTkY8uBg9cP3Jd7DAH,Billie Eilish,101433183,96,"art pop,pop",7aJuG4TFXa2hmE4z1yxc3n,HIT ME HARD AND SOFT,album,2024-05-17,10,0.747,0.507,2,-10.171,1,0.0358,0.2,0.0608,0.117,0.438,104.978,4,2024-10-31,09:17:03
NZ,Nueva Zelanda,OTROS,11,79,3Umj02ZNl4d356pS1D38mn,Hey Jane,https://open.spotify.com/track/3Umj02ZNl4d356pS1D38mn,240742,True,4V8LLVI7PbaPR0K2TGSxFF,"Tyler, The Creator",17261006,92,"hip hop,rap",0U28P0QVB1QRxpqp5IHOlH,CHROMAKOPIA,album,2024-10-28,14,0.495,0.784,10,-7.027,0,0.42,0.555,0.0,0.621,0.669,94.563,4,2024-10-31,09:17:04
NZ,Nueva Zelanda,OTROS,12,85,7ne4VBA60CxGM75vw0EYad,That’s So True,https://open.spotify.com/track/7ne4VBA60CxGM75vw0EYad,166300,True,4tuJ0bMpJh08umKkEXKUI5,Gracie Abrams,2864071,88,alt z,0hBRqPYPXhr1RkTDG3n4Mk,The Secret of Us (Deluxe),album,2024-10-18,20,0.554,0.808,1,-4.169,1,0.0368,0.214,0.0,0.159,0.372,108.548,4,2024-10-31,09:17:05
NZ,Nueva Zelanda,OTROS,13,79,2aYHxnMF2umAavtgBvmkY1,Thought I Was Dead (feat. ScHoolboy Q & Santigold),https://open.spotify.com/track/2aYHxnMF2umAavtgBvmkY1,207272,True,4V8LLVI7PbaPR0K2TGSxFF,"Tyler, The Creator",17261006,92,"hip hop,rap",0U28P0QVB1QRxpqp5IHOlH,CHROMAKOPIA,album,2024-10-28,14,0.77,0.859,10,-3.382,0,0.275,0.362,0.0,0.673,0.64,129.77,4,2024-10-31,09:17:05
NZ,Nueva Zelanda,OTROS,14,78,4BSR9I4ExlCJdXJo2GpBD5,Take Your Mask Off (feat. Daniel Caesar & LaToiya Williams),https://open.spotify.com/track/4BSR9I4ExlCJdXJo2GpBD5,253909,True,4V8LLVI7PbaPR0K2TGSxFF,"Tyler, The Creator",17261006,92,"hip hop,rap",0U28P0QVB1QRxpqp5IHOlH,CHROMAKOPIA,album,2024-10-28,14,0.503,0.658,6,-5.823,0,0.154,0.46,0.0,0.382,0.515,121.784,5,2024-10-31,09:17:06
NZ,Nueva Zelanda,OTROS,15,78,6ie0uyyvOKTTuIFBMPiNIl,Judge Judy,https://open.spotify.com/track/6ie0uyyvOKTTuIFBMPiNIl,269622,True,4V8LLVI7PbaPR0K2TGSxFF,"Tyler, The Creator",17261006,92,"hip hop,rap",0U28P0QVB1QRxpqp5IHOlH,CHROMAKOPIA,album,2024-10-28,14,0.622,0.661,1,-5.906,1,0.0826,0.297,0.000135,0.165,0.362,76.331,4,2024-10-31,09:17:07
NZ,Nueva Zelanda,OTROS,16,88,2HRqTpkrJO5ggZyyK6NPWz,Espresso,https://open.spotify.com/track/2HRqTpkrJO5ggZyyK6NPWz,175459,True,74KM79TiuVKeVCqs8QtB0B,Sabrina Carpenter,14260468,95,pop,3iPSVi54hsacKKl1xIR2eH,Short n' Sweet,album,2024-08-23,12,0.699,0.776,0,-5.282,1,0.0293,0.131,5.36e-06,0.205,0.708,103.963,4,2024-10-31,09:17:08
NZ,Nueva Zelanda,OTROS,17,78,3GdwjAsCsoE79ObhsJFyYb,I Killed You,https://open.spotify.com/track/3GdwjAsCsoE79ObhsJFyYb,168420,True,4V8LLVI7PbaPR0K2TGSxFF,"Tyler, The Creator",17261006,92,"hip hop,rap",0U28P0QVB1QRxpqp5IHOlH,CHROMAKOPIA,album,2024-10-28,14,0.749,0.896,2,-4.909,1,0.219,0.356,0.00075,0.267,0.447,97.121,4,2024-10-31,09:17:09
NZ,Nueva Zelanda,OTROS,18,89,42VsgItocQwOQC3XWZ8JNA,FE!N (feat. Playboi Carti),https://open.spotify.com/track/42VsgItocQwOQC3XWZ8JNA,191700,True,0Y5tJX1MQlPlqiwlOH1tJY,Travis Scott,34041225,94,"rap,slap house",18NOKLkZETa4sWwLMIm0UZ,UTOPIA,album,2023-07-28,19,0.569,0.882,3,-2.777,0,0.06,0.0316,0.0,0.142,0.201,148.038,4,2024-10-31,09:17:10
NZ,Nueva Zelanda,OTROS,19,94,0WbMK4wrZ1wFSty9F7FCgu,"Good Luck, Babe!",https://open.spotify.com/track/0WbMK4wrZ1wFSty9F7FCgu,218423,False,7GlBOeep6PqTfFi59PTUUN,Chappell Roan,3686982,89,indie pop,1WAjjRMfZjEXtB0lQrAw6Q,"Good Luck, Babe!",single,2024-04-05,1,0.7,0.582,11,-5.96,0,0.0356,0.0502,0.0,0.0881,0.785,116.712,4,2024-10-31,09:17:10
NZ,Nueva Zelanda,OTROS,20,77,6jbYpRPTEFl1HFKHk1IC0m,Like Him (feat. Lola Young),https://open.spotify.com/track/6jbYpRPTEFl1HFKHk1IC0m,278014,True,4V8LLVI7PbaPR0K2TGSxFF,"Tyler, The Creator",17261006,92,"hip hop,rap",0U28P0QVB1QRxpqp5IHOlH,CHROMAKOPIA,album,2024-10-28,14,0.392,0.555,4,-6.707,0,0.039,0.287,0.000253,0.13,0.191,96.063,3,2024-10-31,09:17:11
NZ,Nueva Zelanda,OTROS,21,84,19XpFsce28aByvCC4g89tJ,Too Sweet,https://open.spotify.com/track/19XpFsce28aByvCC4g89tJ,251424,False,2FXC3k01G6Gw61bmprjgqS,Hozier,7987986,86,"irish singer-songwriter,modern rock,pop,pov: indie",48qd9sU3xqYJbKaxHCciJL,Unreal Unearth: Unaired,album,2024-08-19,23,0.74,0.643,10,-5.446,1,0.0413,0.041,0.00229,0.0407,0.96,117.025,4,2024-10-31,09:17:12
NZ,Nueva Zelanda,OTROS,22,89,3xkHsmpQCBMytMJNiDf3Ii,Beautiful Things,https://open.spotify.com/track/3xkHsmpQCBMytMJNiDf3Ii,180304,False,22wbnEMDvgVIAGdFeek6ET,Benson Boone,3815769,86,singer-songwriter pop,168CdR21lfn0TTyw1Pkdcm,Fireworks & Rollerblades,album,2024-04-05,15,0.472,0.471,10,-5.692,1,0.0603,0.151,0.0,0.14,0.219,105.029,3,2024-10-31,09:17:13
NZ,Nueva Zelanda,OTROS,23,85,5fZJQrFKWQLb7FpJXZ1g7K,A Bar Song (Tipsy),https://open.spotify.com/track/5fZJQrFKWQLb7FpJXZ1g7K,171291,True,3y2cIKLjiOlp1Np37WiUdH,Shaboozey,744170,80,"modern country pop,pop rap",0DLvFVIfwt3OHdK9kGeEM3,"Where I've Been, Isn't Where I'm Going",album,2024-05-31,12,0.722,0.706,9,-4.857,1,0.0292,0.072,0.0,0.067,0.599,80.969,4,2024-10-31,09:17:14
NZ,Nueva Zelanda,OTROS,24,77,3yw3m8wgRB4ptDyAvtdhq5,Tomorrow,https://open.spotify.com/track/3yw3m8wgRB4ptDyAvtdhq5,182326,True,4V8LLVI7PbaPR0K2TGSxFF,"Tyler, The Creator",17261006,92,"hip hop,rap",0U28P0QVB1QRxpqp5IHOlH,CHROMAKOPIA,album,2024-10-28,14,0.463,0.541,1,-6.594,1,0.0385,0.811,6.61e-05,0.125,0.307,95.827,4,2024-10-31,09:17:14
NZ,Nueva Zelanda,OTROS,25,89,17phhZDn6oGtzMe56NuWvj,Lose Control,https://open.spotify.com/track/17phhZDn6oGtzMe56NuWvj,210688,False,33qOK5uJ8AR2xuQQAhHump,Teddy Swims,3267350,86,,7nacKlk586eLRBSIsrk9DB,I've Tried Everything But Therapy (Part 1),album,2023-09-15,10,0.561,0.604,9,-4.409,1,0.0337,0.199,1.9e-05,0.104,0.242,159.92,3,2024-10-31,09:17:15
NZ,Nueva Zelanda,OTROS,26,92,1Es7AUAhQvapIcoh3qMKDL,Timeless (with Playboi Carti),https://open.spotify.com/track/1Es7AUAhQvapIcoh3qMKDL,256000,True,1Xyo4u8uXC1ZmMpatF05PJ,The Weeknd,93543802,96,"canadian contemporary r&b,canadian pop,pop",2IRxVVqbSbqHJo8Zx50LYn,Timeless,single,2024-09-27,1,0.769,0.722,11,-5.485,0,0.0507,0.0584,2.56e-06,0.111,0.57,119.973,4,2024-10-31,09:17:16
NZ,Nueva Zelanda,OTROS,27,76,35D1RA5uVFVhMc1qX80TaQ,Balloon (feat. Doechii),https://open.spotify.com/track/35D1RA5uVFVhMc1qX80TaQ,154261,True,4V8LLVI7PbaPR0K2TGSxFF,"Tyler, The Creator",17261006,92,"hip hop,rap",0U28P0QVB1QRxpqp5IHOlH,CHROMAKOPIA,album,2024-10-28,14,0.437,0.868,6,-3.03,1,0.112,0.731,0.0,0.234,0.475,111.774,4,2024-10-31,09:17:17
NZ,Nueva Zelanda,OTROS,28,92,3QaPy1KgI7nu9FJEQUgn6h,WILDFLOWER,https://open.spotify.com/track/3QaPy1KgI7nu9FJEQUgn6h,261466,False,6qqNVTkY8uBg9cP3Jd7DAH,Billie Eilish,101433183,96,"art pop,pop",7aJuG4TFXa2hmE4z1yxc3n,HIT ME HARD AND SOFT,album,2024-05-17,10,0.467,0.247,6,-12.002,0,0.0431,0.612,0.000271,0.17,0.126,148.101,4,2024-10-31,09:17:18
NZ,Nueva Zelanda,OTROS,29,85,5IZXB5IKAD2qlvTPJYDCFB,I Had Some Help (Feat. Morgan Wallen),https://open.spotify.com/track/5IZXB5IKAD2qlvTPJYDCFB,178205,True,246dkjvS1zLTtiykXe5h60,Post Malone,45667234,91,"dfw rap,melodic rap,pop,rap",4BbsHmXEghoPPevQjPnHXx,F-1 Trillion,album,2024-08-15,18,0.644,0.874,0,-4.723,1,0.0265,0.0113,0.0,0.227,0.753,128.017,4,2024-10-31,09:17:18
NZ,Nueva Zelanda,OTROS,30,91,1UHS8Rf6h5Ar3CDWRd3wjF,Bed Chem,https://open.spotify.com/track/1UHS8Rf6h5Ar3CDWRd3wjF,171869,False,74KM79TiuVKeVCqs8QtB0B,Sabrina Carpenter,14260468,95,pop,3iPSVi54hsacKKl1xIR2eH,Short n' Sweet,album,2024-08-23,12,0.739,0.727,11,-5.968,0,0.0426,0.0678,0.0,0.104,0.676,94.99,4,2024-10-31,09:17:19
NZ,Nueva Zelanda,OTROS,31,90,51rfRCiUSvxXlCSCfIztBy,"I Love You, I'm Sorry",https://open.spotify.com/track/51rfRCiUSvxXlCSCfIztBy,157146,True,4tuJ0bMpJh08umKkEXKUI5,Gracie Abrams,2864071,88,alt z,56bdWeO40o3WfAD2Lja4dl,The Secret of Us,album,2024-06-21,13,0.53,0.406,10,-7.507,1,0.033,0.656,0.0,0.133,0.338,115.94,3,2024-10-31,09:17:20
NZ,Nueva Zelanda,OTROS,32,87,2tHwzyyOLoWSFqYNjeVMzj,Please Please Please,https://open.spotify.com/track/2tHwzyyOLoWSFqYNjeVMzj,186365,True,74KM79TiuVKeVCqs8QtB0B,Sabrina Carpenter,14260468,95,pop,3iPSVi54hsacKKl1xIR2eH,Short n' Sweet,album,2024-08-23,12,0.675,0.586,9,-6.086,1,0.0531,0.257,0.0,0.104,0.621,107.015,4,2024-10-31,09:17:21
NZ,Nueva Zelanda,OTROS,33,88,6MzofobZt2dm0Kf1hTThFz,Diet Pepsi,https://open.spotify.com/track/6MzofobZt2dm0Kf1hTThFz,169697,False,4gvjmrtzydbMpyJaXUtwvP,Addison Rae,446556,76,social media pop,0XA403JTounqFh2owquBXu,Diet Pepsi,single,2024-08-09,1,0.669,0.561,10,-6.538,1,0.0411,0.495,0.00962,0.0954,0.841,150.069,4,2024-10-31,09:17:22
NZ,Nueva Zelanda,OTROS,34,76,0pvZCv4JOS5WBu7JITYef6,I Hope You Find Your Way Home,https://open.spotify.com/track/0pvZCv4JOS5WBu7JITYef6,269704,True,4V8LLVI7PbaPR0K2TGSxFF,"Tyler, The Creator",17261006,92,"hip hop,rap",0U28P0QVB1QRxpqp5IHOlH,CHROMAKOPIA,album,2024-10-28,14,0.621,0.596,4,-4.35,1,0.0607,0.294,5.53e-05,0.134,0.207,112.188,4,2024-10-31,09:17:22
NZ,Nueva Zelanda,OTROS,35,89,5AJ9hqTS2wcFQCELCFRO7A,MILLION DOLLAR BABY,https://open.spotify.com/track/5AJ9hqTS2wcFQCELCFRO7A,155151,False,1WaFQSHVGZQJTbf0BdxdNo,Tommy Richman,744123,79,chill abstract hip hop,2Z1gnUf3nbn6DtwZSUIH54,MILLION DOLLAR BABY,single,2024-04-26,2,0.852,0.697,1,-5.52,0,0.0439,0.0973,0.00037,0.0678,0.919,138.029,4,2024-10-31,09:17:23
NZ,Nueva Zelanda,OTROS,36,85,0ofHAoxe9vBkTCp2UQIavz,Dreams - 2004 Remaster,https://open.spotify.com/track/0ofHAoxe9vBkTCp2UQIavz,257800,False,08GQAI4eElDnROBrJRGE0X,Fleetwood Mac,12219109,83,"album rock,classic rock,rock,soft rock,yacht rock",0BwWUstDMUbgq2NYONRqlu,Rumours (Super Deluxe),album,1977-02-04,58,0.828,0.492,0,-9.744,1,0.0276,0.0644,0.00428,0.128,0.789,120.151,4,2024-10-31,09:17:24
NZ,Nueva Zelanda,OTROS,37,88,2uqYupMHANxnwgeiXTZXzd,Austin (Boots Stop Workin'),https://open.spotify.com/track/2uqYupMHANxnwgeiXTZXzd,171782,True,7Ez6lTtSMjMf2YSYpukP1I,Dasha,244156,75,,40HsqPqeSR9Xe3IyAJWr6e,What Happens Now?,album,2024-02-16,8,0.756,0.672,0,-6.743,1,0.0522,0.464,3.37e-06,0.108,0.739,114.935,4,2024-10-31,09:17:25
NZ,Nueva Zelanda,OTROS,38,87,51eSHglvG1RJXtL3qI5trr,Slow It Down,https://open.spotify.com/track/51eSHglvG1RJXtL3qI5trr,161831,False,22wbnEMDvgVIAGdFeek6ET,Benson Boone,3815769,86,singer-songwriter pop,168CdR21lfn0TTyw1Pkdcm,Fireworks & Rollerblades,album,2024-04-05,15,0.432,0.583,8,-4.682,1,0.0687,0.174,0.0,0.0933,0.544,181.489,4,2024-10-31,09:17:26
NZ,Nueva Zelanda,OTROS,39,70,3R1Xa7LkesYpNI3v6fslKi,Riptide,https://open.spotify.com/track/2uXlHCUbq9OMUwx3hrk06o,204280,False,10exVja0key0uqUkk6LJRT,Vance Joy,3186979,78,"folk-pop,modern rock",2biVG6BYnVVSwLYd1OjbPT,Dream Your Life Away (Deluxe Edition),album,2014-08-05,20,0.502,0.719,1,-6.649,1,0.0349,0.46,0.0,0.114,0.438,101.609,4,2024-10-31,09:17:26
NZ,Nueva Zelanda,OTROS,40,89,3Vr3zh0r7ALn8VLqCiRR10,Stargazing,https://open.spotify.com/track/3Vr3zh0r7ALn8VLqCiRR10,172533,False,3bO19AOone0ubCsfDXDtYt,Myles Smith,770748,79,singer-songwriter pop,3VNxRarx9HUI5w7DHv0TBj,Stargazing,single,2024-05-10,1,0.635,0.601,1,-6.129,0,0.0295,0.246,0.0,0.11,0.332,123.994,4,2024-10-31,09:17:27
NZ,Nueva Zelanda,OTROS,41,84,7hR22TOX3RorxJPcsz5Wbo,Love Somebody,https://open.spotify.com/track/7hR22TOX3RorxJPcsz5Wbo,204828,False,4oUHIQIBe0LHzYfvXNW4QM,Morgan Wallen,10987568,91,contemporary country,0TxewlKVKdpP18dGg279ep,Love Somebody,single,2024-10-18,1,0.619,0.843,5,-5.348,0,0.0284,0.00948,0.000118,0.164,0.746,122.064,4,2024-10-31,09:17:28
NZ,Nueva Zelanda,OTROS,42,90,5O2P9iiztwhomNh8xkR9lJ,Night Changes,https://open.spotify.com/track/5O2P9iiztwhomNh8xkR9lJ,226600,False,4AK6F7OLvEQ5QYCBNiQWHq,One Direction,37254233,91,"boy band,pop,post-teen pop,talent show",4gCNyS7pidfK3rKWhB3JOY,FOUR (Deluxe),album,2014-11-17,16,0.672,0.52,8,-7.747,1,0.0353,0.859,0.0,0.115,0.37,120.001,4,2024-10-31,09:17:29
NZ,Nueva Zelanda,OTROS,43,88,1XBYiRV30ykHw5f4wm6qEn,NIGHTS LIKE THIS,https://open.spotify.com/track/1XBYiRV30ykHw5f4wm6qEn,86983,False,2tIP7SsRs7vjIcLrU85W8J,The Kid LAROI,5786707,85,australian hip hop,63IolVUykZCHMlu2zu9jHS,THE FIRST TIME,album,2023-11-10,20,0.482,0.757,6,-4.586,1,0.0355,0.0137,0.0016,0.143,0.12,142.579,4,2024-10-31,09:17:30
NZ,Nueva Zelanda,OTROS,44,89,7KA4W4McWYRpgf0fWsJZWB,See You Again (feat. Kali Uchis),https://open.spotify.com/track/7KA4W4McWYRpgf0fWsJZWB,180386,True,4V8LLVI7PbaPR0K2TGSxFF,"Tyler, The Creator",17261006,92,"hip hop,rap",2nkto6YNI4rUYTLqEwWJ3o,Flower Boy,album,2017-07-21,14,0.558,0.559,6,-9.222,1,0.0959,0.371,7.49e-06,0.109,0.62,78.558,4,2024-10-31,09:17:30
NZ,Nueva Zelanda,OTROS,45,83,2cYqizR4lgvp4Qu6IQ3qGN,BUTTERFLY EFFECT,https://open.spotify.com/track/6xcJyGpfZbuuiequtnlKt4,190557,False,0Y5tJX1MQlPlqiwlOH1tJY,Travis Scott,34041225,94,"rap,slap house",5qeikHFUgeO8f8HXm8k4cA,ASTROWORLD,album,2018-08-02,17,0.763,0.628,11,-5.85,1,0.05,0.0531,0.0,0.114,0.193,140.958,4,2024-10-31,09:17:31
NZ,Nueva Zelanda,OTROS,46,78,3HrHhTWonBqF4mDasi8xvC,BACKBONE,https://open.spotify.com/track/3HrHhTWonBqF4mDasi8xvC,166448,True,3jNkaOXasoc7RsxdchvEVq,Chase & Status,1048323,73,"dancefloor dnb,drum and bass,uk dance",364RGa8yL2ZsIWlLoNSzIY,BACKBONE,single,2024-08-08,1,0.777,0.934,2,-0.959,1,0.254,0.285,3.86e-05,0.275,0.637,88.009,4,2024-10-31,09:17:32
NZ,Nueva Zelanda,OTROS,47,85,3eekarcy7kvN4yt5ZFzltW,HIGHEST IN THE ROOM,https://open.spotify.com/track/3eekarcy7kvN4yt5ZFzltW,175720,True,0Y5tJX1MQlPlqiwlOH1tJY,Travis Scott,34041225,94,"rap,slap house",2uDTi1PlpSpvAv7IRAoAEU,HIGHEST IN THE ROOM,single,2019-10-04,1,0.598,0.427,7,-8.764,0,0.0317,0.0546,5.83e-06,0.21,0.0605,76.469,4,2024-10-31,09:17:33
NZ,Nueva Zelanda,OTROS,48,89,4xdBrk0nFZaP54vvZj0yx7,HOT TO GO!,https://open.spotify.com/track/4xdBrk0nFZaP54vvZj0yx7,184841,False,7GlBOeep6PqTfFi59PTUUN,Chappell Roan,3686982,89,indie pop,0EiI8ylL0FmWWpgHVTsZjZ,The Rise and Fall of a Midwest Princess,album,2023-09-22,14,0.742,0.757,6,-4.981,1,0.0421,0.0187,0.0,0.305,0.957,139.982,4,2024-10-31,09:17:34
NZ,Nueva Zelanda,OTROS,49,88,0io16MKpbeDIdYzmGpQaES,Embrace It,https://open.spotify.com/track/0io16MKpbeDIdYzmGpQaES,104418,True,5HK6QtizXJzCmoYTkvFRik,Ndotz,111806,74,chill drill,0mV9Pfr1GfoZLkp1EAau9P,Embrace It,single,2024-08-23,1,0.882,0.645,1,-7.233,1,0.0601,0.475,4.13e-05,0.057,0.788,114.933,4,2024-10-31,09:17:34
NZ,Nueva Zelanda,OTROS,50,87,0mflMxspEfB0VbI1kyLiAv,Stick Season,https://open.spotify.com/track/0mflMxspEfB0VbI1kyLiAv,182346,False,2RQXRUsr4IW1f3mKyKsy4B,Noah Kahan,3504393,87,"pov: indie,singer-songwriter pop",50ZenUP4O2Q5eCy2NRNvuz,Stick Season,album,2022-10-14,14,0.664,0.5,9,-6.935,1,0.0651,0.799,0.0,0.0966,0.801,117.896,4,2024-10-31,09:17:35
JP,Japón,OTROS,1,95,5vNRhkKd0yEAg8suGBpjeY,APT.,https://open.spotify.com/track/5vNRhkKd0yEAg8suGBpjeY,169917,False,3eVa5w3URK5duf6eyVDbu9,ROSÉ,7632823,82,k-pop,2IYQwwgxgOIn7t3iF6ufFD,APT.,single,2024-10-18,1,0.777,0.783,0,-4.477,0,0.26,0.0283,0.0,0.355,0.939,149.027,4,2024-10-31,09:17:37
JP,Japón,OTROS,2,75,5skCbGGAnc7Ns18Figz54h,Bunny Girl,https://open.spotify.com/track/5skCbGGAnc7Ns18Figz54h,217492,False,2VcWFvgGxVdma52qB5DSDw,AKASAKI,97656,64,,1mxib3LFgnhuMciehemliH,Bunny Girl,single,2024-10-02,4,0.729,0.682,5,-8.726,0,0.0593,0.00174,0.0,0.197,0.683,159.932,4,2024-10-31,09:17:37
JP,Japón,OTROS,3,84,6KYOlIwDHbrbeBbJEtQ0Fj,オトノケ - Otonoke,https://open.spotify.com/track/6KYOlIwDHbrbeBbJEtQ0Fj,185626,False,0pWR7TsFhvSCnbmHDjWgrE,Creepy Nuts,1399317,76,j-pop,7zI1wDJmkfHMBwZpbwJn8H,オトノケ - Otonoke,single,2024-10-04,2,0.517,0.842,1,-6.905,1,0.348,0.062,0.0575,0.158,0.643,169.745,4,2024-10-31,09:17:38
JP,Japón,OTROS,4,77,78W4mTLIh4qoLu92W4IQhO,ライラック,https://open.spotify.com/track/78W4mTLIh4qoLu92W4IQhO,288200,False,4QvgGvpgzgyUOo8Yp8LDm9,Mrs. GREEN APPLE,4470711,81,"anime rock,j-pop,j-rock",40CHqDtwO8xlI3Ns7sZZel,ライラック,single,2024-04-11,1,0.531,0.794,10,-4.363,1,0.0964,0.0176,0.0,0.082,0.775,149.923,4,2024-10-31,09:17:39
JP,Japón,OTROS,5,92,7tI8dRuH2Yc6RuoTjxo4dU,Who,https://open.spotify.com/track/7tI8dRuH2Yc6RuoTjxo4dU,170887,False,1oSPZhvZMIrWW5I41kPkkY,Jimin,9717033,88,k-pop,15XcLhiVMlSOipUddTNDnr,MUSE,album,2024-07-19,7,0.66,0.756,0,-3.743,0,0.032,0.00289,0.0,0.193,0.838,116.034,4,2024-10-31,09:17:40
JP,Japón,OTROS,6,76,4PCQHOJFMV9BWq46UMVf2l,familie,https://open.spotify.com/track/4PCQHOJFMV9BWq46UMVf2l,222714,False,4QvgGvpgzgyUOo8Yp8LDm9,Mrs. GREEN APPLE,4470711,81,"anime rock,j-pop,j-rock",4jX0nfsyTW1uhGXIHQiQun,familie,single,2024-08-08,1,0.67,0.827,9,-4.481,1,0.0797,0.0516,0.0,0.0357,0.761,95.472,4,2024-10-31,09:17:40
JP,Japón,OTROS,7,65,7Cnpb1vBbC46RgVyyKLH7p,Whiplash,https://open.spotify.com/track/3coRPMnFg2dJcPu5RMloa9,183226,False,6YVMFz59CuY7ngCxTxjpxE,aespa,6859314,83,k-pop girl group,7J41hCLBI2kEwL6RVSxfNx,Whiplash - The 5th Mini Album,single,2024-10-21,6,0.862,0.902,10,-2.953,0,0.0449,0.0925,0.0191,0.0803,0.736,126.006,4,2024-10-31,09:17:41
JP,Japón,OTROS,8,71,3tRgmNTaFYgtbt7XCy6Les,Same Blue,https://open.spotify.com/track/2cupzYHOSLmMqDHRVQfI9j,237836,False,5Vo1hnCRmCM6M4thZCInCj,OFFICIAL HIGE DANDISM,6759633,72,"anime,anime rock,j-pop",36xdrf8iLOjM0LFvG9auGT,Same Blue,single,2024-10-02,1,0.496,0.948,5,-5.788,0,0.0816,0.0155,0.0,0.11,0.158,92.026,3,2024-10-31,09:17:42
JP,Japón,OTROS,9,73,0teqQ0PYqVDyyXJuPOyMhu,ケセラセラ,https://open.spotify.com/track/0teqQ0PYqVDyyXJuPOyMhu,272226,False,4QvgGvpgzgyUOo8Yp8LDm9,Mrs. GREEN APPLE,4470711,81,"anime rock,j-pop,j-rock",3j7aiYai9ezbvxVCgrd2mb,ANTENNA,album,2023-07-04,13,0.756,0.578,6,-4.575,0,0.0327,0.0306,0.0,0.0534,0.677,115.004,4,2024-10-31,09:17:43
JP,Japón,OTROS,10,72,451U7NEyfqtVefeIgSoJF0,NEW LOOK,https://open.spotify.com/track/451U7NEyfqtVefeIgSoJF0,196680,False,0IwZVmMMGE7nNXS7vN9SIo,MISAMO,873062,64,k-pop girl group,0nIHweIUCe2nVy5stte3GY,NEW LOOK,single,2024-10-09,1,0.516,0.83,2,-4.114,1,0.134,0.177,2.26e-06,0.0921,0.433,136.033,4,2024-10-31,09:17:44
JP,Japón,OTROS,11,72,5BC6kr6etk2Y9J62AyI4i3,青と夏,https://open.spotify.com/track/5BC6kr6etk2Y9J62AyI4i3,270026,False,4QvgGvpgzgyUOo8Yp8LDm9,Mrs. GREEN APPLE,4470711,81,"anime rock,j-pop,j-rock",3bRSI9DOQA2KdJ7t6zdW0V,Attitude,album,2019-10-01,17,0.31,0.891,4,-1.66,1,0.0469,0.00157,0.0,0.284,0.748,184.886,4,2024-10-31,09:17:44
JP,Japón,OTROS,12,80,0kdqcbwei4MDWFEX5f33yG,Bling-Bang-Bang-Born,https://open.spotify.com/track/0kdqcbwei4MDWFEX5f33yG,168135,False,0pWR7TsFhvSCnbmHDjWgrE,Creepy Nuts,1399317,76,j-pop,6M2PMiBa5zM37GQChwBHA6,Bling-Bang-Bang-Born,single,2024-01-07,2,0.853,0.822,6,-6.836,0,0.246,0.0841,0.00985,0.166,0.746,157.013,4,2024-10-31,09:17:45
JP,Japón,OTROS,13,71,3QIAwtEEDOrv0g5NKCGrXZ,花束,https://open.spotify.com/track/3QIAwtEEDOrv0g5NKCGrXZ,286053,False,6rs1KAoQnFalSqSU4LTh8g,back number,4962761,76,"j-pop,j-rock",4x70QIHYGdMgV9rRgByZbI,スーパースター,album,2011-10-26,12,0.519,0.713,2,-3.612,1,0.0324,0.0178,0.0,0.353,0.505,159.963,4,2024-10-31,09:17:46
JP,Japón,OTROS,14,70,3YML5IHoqWbw9c9vJJvrvM,Soranji,https://open.spotify.com/track/3YML5IHoqWbw9c9vJJvrvM,343253,False,4QvgGvpgzgyUOo8Yp8LDm9,Mrs. GREEN APPLE,4470711,81,"anime rock,j-pop,j-rock",3j7aiYai9ezbvxVCgrd2mb,ANTENNA,album,2023-07-04,13,0.48,0.669,5,-5.168,1,0.0431,0.0693,0.0,0.149,0.378,155.89,4,2024-10-31,09:17:47
JP,Japón,OTROS,15,73,5LclntckGFFGFUVGJk9Z4x,新しい恋人達に,https://open.spotify.com/track/5LclntckGFFGFUVGJk9Z4x,286546,False,6rs1KAoQnFalSqSU4LTh8g,back number,4962761,76,"j-pop,j-rock",28gvMa5Tg0Idym44dEiRC0,新しい恋人達に,single,2024-07-15,1,0.299,0.626,5,-3.985,1,0.0324,0.287,0.0,0.088,0.314,145.404,4,2024-10-31,09:17:48
JP,Japón,OTROS,16,72,4dmruTsdHIOjfOIeaFitXK,幾億光年,https://open.spotify.com/track/4dmruTsdHIOjfOIeaFitXK,276918,False,63ylN6WBUUxxMsySiDmr0B,Omoinotake,189210,61,"city pop,japanese soul",6lVM8WvZY6lpBO9zrBRnE9,幾億光年,single,2024-01-24,1,0.558,0.79,6,-4.372,1,0.0411,0.0138,0.0,0.224,0.543,95.607,4,2024-10-31,09:17:49
JP,Japón,OTROS,17,71,41xGcFvQsGYQs0RDFvPfv3,Hai Yorokonde,https://open.spotify.com/track/6woV8uWxn7rcLZxJKYruS1,161632,False,3qQKrWwcqJlE4OS4e1ox7x,Kocchi no Kento,83942,64,,1wz8OHzR2Z9DduiN8v86Tz,Hai Yorokonde,single,2024-05-27,1,0.784,0.682,11,-11.627,0,0.0692,0.0763,0.000101,0.317,0.826,147.054,4,2024-10-31,09:17:49
JP,Japón,OTROS,18,72,4NaaF28BeO9WzjDrSS71Nz,ダンスホール,https://open.spotify.com/track/4NaaF28BeO9WzjDrSS71Nz,203149,False,4QvgGvpgzgyUOo8Yp8LDm9,Mrs. GREEN APPLE,4470711,81,"anime rock,j-pop,j-rock",3OyEc77lPQ8QOWMIWvZl08,ダンスホール,single,2022-05-23,1,0.736,0.695,7,-3.87,1,0.0468,0.0209,0.0,0.0517,0.784,109.976,4,2024-10-31,09:17:50
JP,Japón,OTROS,19,72,1sIIlVrnPhrvmTrHtzM7tV,点描の唄,https://open.spotify.com/track/1sIIlVrnPhrvmTrHtzM7tV,307066,False,4QvgGvpgzgyUOo8Yp8LDm9,Mrs. GREEN APPLE,4470711,81,"anime rock,j-pop,j-rock",5enxwo7c4D5mhXp5f56OLy,青と夏,single,2018-07-31,3,0.502,0.631,0,-4.612,1,0.0272,0.447,0.0,0.103,0.31,152.015,4,2024-10-31,09:17:51
JP,Japón,OTROS,20,71,170XOP1T4MvY9TLTgPw07D,Magic,https://open.spotify.com/track/170XOP1T4MvY9TLTgPw07D,263106,False,4QvgGvpgzgyUOo8Yp8LDm9,Mrs. GREEN APPLE,4470711,81,"anime rock,j-pop,j-rock",3j7aiYai9ezbvxVCgrd2mb,ANTENNA,album,2023-07-04,13,0.671,0.758,7,-3.793,1,0.0474,0.0604,0.0,0.332,0.537,117.51,4,2024-10-31,09:17:52
JP,Japón,OTROS,21,71,7dTW21YAJxnAOiUh7Rtu9S,Kaiju no Hanauta,https://open.spotify.com/track/3gQ19Wo6CbBpdHYmt2GVt0,224804,False,2IUl3m1H1EQ7QfNbNWvgru,Vaundy,2764341,74,"j-pop,japanese soul",4dKFBa0YCH4636ZtY4L2p7,strobo,album,2020-05-27,11,0.335,0.943,2,-3.176,1,0.067,0.00334,0.0,0.324,0.64,75.093,4,2024-10-31,09:17:53
JP,Japón,OTROS,22,69,1JdUw14vtWg9Vt4aRfHqwl,INZM,https://open.spotify.com/track/1JdUw14vtWg9Vt4aRfHqwl,214241,False,4XFkDALFTsSHVnRtJSsaMN,Number_i,250813,72,,4fjCFlz6sObm63PnAGDBD6,No.Ⅰ,album,2024-09-23,13,0.71,0.813,0,-5.009,1,0.219,0.0109,0.0,0.177,0.558,113.005,4,2024-10-31,09:17:53
JP,Japón,OTROS,23,65,0voOaunLYYqPHrsgXbFVlW,I wonder,https://open.spotify.com/track/0voOaunLYYqPHrsgXbFVlW,158343,False,71UIOLnsacxQHlU55TvfiH,Da-iCE,583818,66,"j-pop,j-pop boy group",5T7DFjBp74VsO5eHFT3Kie,MUSi-aM,album,2024-10-02,16,0.785,0.618,6,-3.865,1,0.059,0.512,0.0,0.0922,0.866,124.957,4,2024-10-31,09:17:54
JP,Japón,OTROS,24,69,7ugSlmtBWNMAgTpdvBPcIh,アポリア,https://open.spotify.com/track/7ugSlmtBWNMAgTpdvBPcIh,230209,False,4UK2Lzi6fBfUi9rpDt6cik,ヨルシカ,2787984,74,j-pop,4AucYbX9MX5phmTpawxEfo,アポリア,single,2024-10-07,1,0.826,0.502,2,-7.038,1,0.043,0.171,5.7e-05,0.0891,0.818,114.978,4,2024-10-31,09:17:55
JP,Japón,OTROS,25,74,1nysdCpKAh6yif4JkmoiNy,カーテンコール,https://open.spotify.com/track/1nysdCpKAh6yif4JkmoiNy,243026,False,0ixzjrK1wkN2zWBXt3VW3W,Yuuri,2751961,71,"j-pop,japanese singer-songwriter,japanese teen pop",11GFYcT1N05hLyrWABo9BK,カーテンコール,single,2024-07-19,1,0.545,0.905,5,-3.823,1,0.0684,0.103,0.0,0.182,0.735,141.131,4,2024-10-31,09:17:56
JP,Japón,OTROS,26,74,2lkhdnz6pWlErZuRLnBXTt,IYKYK,https://open.spotify.com/track/2lkhdnz6pWlErZuRLnBXTt,180000,False,0LOK81e9H5lr61HlGGHqwA,XG,1772057,72,k-pop girl group,7wdkikXCR5G3KhzffeTMCL,IYKYK,single,2024-10-11,1,0.708,0.847,6,-5.969,0,0.0623,0.0255,1.87e-06,0.36,0.706,129.877,4,2024-10-31,09:17:57
JP,Japón,OTROS,27,70,0H3RFIhXuuRoQyNKYdvSbn,Dear ex-girlfriends,https://open.spotify.com/track/2vt1UH1cjwwDFCeo7qS5VN,248613,False,6sX1XKgDIiAcVZof0SgWUe,Koresawa,364399,63,anime rock,7nnaW5fbVaszsd02Nc0adW,Dear ex-girlfriends,single,2024-09-04,1,0.651,0.844,1,-4.663,0,0.0365,0.0417,0.0,0.209,0.759,121.974,4,2024-10-31,09:17:57
JP,Japón,OTROS,28,71,2jdbZGFp8KVTuk0YxDNL4l,高嶺の花子さん,https://open.spotify.com/track/2jdbZGFp8KVTuk0YxDNL4l,294813,False,6rs1KAoQnFalSqSU4LTh8g,back number,4962761,76,"j-pop,j-rock",6Elim2fDkGOu1ObNwZHvuQ,ラブストーリー,album,2014-03-26,12,0.54,0.923,9,-2.838,1,0.0623,0.066,0.0,0.124,0.343,137.977,4,2024-10-31,09:17:58
JP,Japón,OTROS,29,80,4gxEY3Mh5FZZDAJAKPNrCS,CRAZY,https://open.spotify.com/track/4gxEY3Mh5FZZDAJAKPNrCS,164554,False,4SpbR6yFEvexJuaBpgAU5p,LE SSERAFIM,5982455,81,k-pop girl group,6kAsgfuulBOuyYLytWX7e2,CRAZY (Party Remixes 1),album,2024-09-02,8,0.802,0.899,11,-2.223,0,0.126,0.00953,0.000291,0.101,0.531,130.047,4,2024-10-31,09:17:59
JP,Japón,OTROS,30,70,3RvdkNMcSy71m0aT6UF9Uf,水平線,https://open.spotify.com/track/3RvdkNMcSy71m0aT6UF9Uf,288013,False,6rs1KAoQnFalSqSU4LTh8g,back number,4962761,76,"j-pop,j-rock",4Owee1i5rIFJvQczZXSdiQ,ユーモア,album,2023-01-17,12,0.424,0.761,10,-3.526,1,0.0305,0.0103,0.0,0.145,0.424,145.816,4,2024-10-31,09:18:00
JP,Japón,OTROS,31,72,2cxcqKwQtfKq7giphxjzOu,晩餐歌,https://open.spotify.com/track/2cxcqKwQtfKq7giphxjzOu,215853,False,1Y5vJqABeI6QI6R95EDV6o,tuki.,270240,64,,0i4V6w1zpf6CFXSS67cyfQ,晩餐歌,single,2023-09-29,1,0.649,0.641,8,-4.665,1,0.0251,0.433,0.0,0.11,0.63,102.983,4,2024-10-31,09:18:01
JP,Japón,OTROS,32,70,3FzRKDirkUsApk11WEz1wz,BON,https://open.spotify.com/track/3FzRKDirkUsApk11WEz1wz,203029,False,4XFkDALFTsSHVnRtJSsaMN,Number_i,250813,72,,2f2HoX9FvofLR1ruxImLiK,No.O -ring-,album,2024-05-27,7,0.751,0.764,10,-6.555,0,0.265,0.0103,0.0,0.0653,0.65,88.035,4,2024-10-31,09:18:02
JP,Japón,OTROS,33,65,4btYb7Tfjw5bQazC6bQXpl,ねっこ,https://open.spotify.com/track/4btYb7Tfjw5bQazC6bQXpl,239728,False,6wxfx1yhyqjCPYwwxJktR2,King Gnu,3628142,72,j-pop,4NA5TeCtuhkYhIZ75JGACR,ねっこ,single,2024-10-21,1,0.46,0.736,5,-7.09,0,0.0709,0.101,9.71e-05,0.275,0.521,94.753,4,2024-10-31,09:18:03
JP,Japón,OTROS,34,84,1aKvZDoLGkNMxoRYgkckZG,Magnetic,https://open.spotify.com/track/1aKvZDoLGkNMxoRYgkckZG,160688,False,36cgvBn0aadzOijnjjwqMN,ILLIT,1631177,75,5th gen k-pop,6irebIc6UO8fN0jl4UlzBS,SUPER REAL ME,single,2024-03-25,4,0.797,0.668,6,-5.819,1,0.0687,0.257,0.0,0.0876,0.69,131.067,4,2024-10-31,09:18:03
JP,Japón,OTROS,35,67,7rA2RuTx1dHadrZcoKh8O9,GOAT,https://open.spotify.com/track/7rA2RuTx1dHadrZcoKh8O9,160794,False,4XFkDALFTsSHVnRtJSsaMN,Number_i,250813,72,,4fjCFlz6sObm63PnAGDBD6,No.Ⅰ,album,2024-09-23,13,0.664,0.911,9,-2.843,1,0.312,0.0307,0.0,0.14,0.741,179.971,4,2024-10-31,09:18:04
JP,Japón,OTROS,36,70,4cPwi7lcWxRQNEb4xC77fC,TAIDADA,https://open.spotify.com/track/4cPwi7lcWxRQNEb4xC77fC,226026,False,38WbKH6oKAZskBhqDFA8Uj,ZUTOMAYO,1941120,68,j-pop,5z6M8BvLoHYhVbZZOdLbn6,TAIDADA,single,2024-10-03,1,0.674,0.962,10,-2.747,0,0.14,0.0972,0.0,0.124,0.828,143.894,4,2024-10-31,09:18:05
JP,Japón,OTROS,37,71,3ECvJ97WjbbaTsCZ64pwgI,コロンブス,https://open.spotify.com/track/3ECvJ97WjbbaTsCZ64pwgI,227178,False,4QvgGvpgzgyUOo8Yp8LDm9,Mrs. GREEN APPLE,4470711,81,"anime rock,j-pop,j-rock",1u9fvlFVKcjhhin274qEAp,コロンブス,single,2024-06-11,1,0.688,0.894,1,-4.181,0,0.0425,0.0293,0.0,0.129,0.937,106.983,4,2024-10-31,09:18:06
JP,Japón,OTROS,38,72,2vOAHp8PBBFYqvQUWSoITY,インフェルノ,https://open.spotify.com/track/2vOAHp8PBBFYqvQUWSoITY,211600,False,4QvgGvpgzgyUOo8Yp8LDm9,Mrs. GREEN APPLE,4470711,81,"anime rock,j-pop,j-rock",3bRSI9DOQA2KdJ7t6zdW0V,Attitude,album,2019-10-01,17,0.533,0.918,4,-2.095,1,0.0616,0.00894,0.0,0.643,0.662,92.504,4,2024-10-31,09:18:07
JP,Japón,OTROS,39,74,7gJD9BarjoFwL2BNQ0rpWT,ファタール - Fatal,https://open.spotify.com/track/7gJD9BarjoFwL2BNQ0rpWT,219200,False,7AUc6z9aVJftqLkiWdQ1ew,GEMN,28710,60,,6OBk036VgLGkxpggcFPqJL,ファタール - Fatal,single,2024-07-04,1,0.636,0.937,5,-3.171,0,0.16,0.0283,0.0,0.265,0.766,156.0,4,2024-10-31,09:18:07
JP,Japón,OTROS,40,71,1hAloWiinXLPQUJxrJReb1,アイドル,https://open.spotify.com/track/1hAloWiinXLPQUJxrJReb1,211733,False,64tJ2EAv1R6UaZqc4iOCyj,YOASOBI,8433373,76,"j-pop,japanese teen pop",68w73FF3dYC6C3RWdcV0Yl,THE BOOK 3,album,2023-10-04,10,0.457,0.941,10,-2.692,0,0.0917,0.105,1.38e-06,0.437,0.876,165.783,4,2024-10-31,09:18:08
JP,Japón,OTROS,41,61,6ZuVKevLRPlRAtywcr4Xp0,Ai To U,https://open.spotify.com/track/1As0ovp1JGYw6QD9gSvDi2,203092,False,72owWXEwmyfKq3ajrajPAN,Mega Shinnosuke,69565,57,"japanese alternative rock,japanese singer-songwriter",7vv38qNskmeNf9dKSjW7k1,Kimi Ni Motetai!!,album,2024-09-18,8,0.795,0.687,0,-4.882,1,0.0843,0.00872,0.00145,0.0344,0.805,154.012,4,2024-10-31,09:18:09
JP,Japón,OTROS,42,85,2HRgqmZQC0MC7GeNuDIXHN,Seven (feat. Latto) (Explicit Ver.),https://open.spotify.com/track/2HRgqmZQC0MC7GeNuDIXHN,183550,True,6HaGTQPmzraVmaVxvz6EUc,Jung Kook,16289105,87,k-pop,5pSk3c3wVwnb2arb6ohCPU,GOLDEN,album,2023-11-03,11,0.79,0.831,11,-4.185,1,0.044,0.312,0.0,0.0797,0.872,124.987,4,2024-10-31,09:18:10
JP,Japón,OTROS,43,68,0JcI7OdALbpSFkyKoufRYs,ロマンチシズム,https://open.spotify.com/track/0JcI7OdALbpSFkyKoufRYs,213613,False,4QvgGvpgzgyUOo8Yp8LDm9,Mrs. GREEN APPLE,4470711,81,"anime rock,j-pop,j-rock",3bRSI9DOQA2KdJ7t6zdW0V,Attitude,album,2019-10-01,17,0.598,0.878,10,-3.144,1,0.0634,0.0038,0.0,0.0468,0.901,125.529,4,2024-10-31,09:18:11
JP,Japón,OTROS,44,70,52ItXyP098zb8OR4na4iQk,がらくた - JUNK,https://open.spotify.com/track/52ItXyP098zb8OR4na4iQk,237600,False,1snhtMLeb2DYoMOcVbb8iB,Kenshi Yonezu,6304964,75,"anime,j-pop",2HfY1kPSmmYfR13OSKYH5T,LOST CORNER,album,2024-08-21,20,0.57,0.7,7,-6.605,1,0.038,0.342,0.0011,0.16,0.421,79.003,4,2024-10-31,09:18:12
JP,Japón,OTROS,45,69,4FMz2RFrbDGzJO7K4D0vS3,HAPPY BIRTHDAY,https://open.spotify.com/track/4FMz2RFrbDGzJO7K4D0vS3,258333,False,6rs1KAoQnFalSqSU4LTh8g,back number,4962761,76,"j-pop,j-rock",4dERKKPWhbvX7zxFTzNzNn,MAGIC,album,2019-03-27,12,0.482,0.602,11,-4.365,1,0.0303,0.0702,0.0,0.0677,0.535,145.988,4,2024-10-31,09:18:12
JP,Japón,OTROS,46,67,0tnhoHUrHfcLi9hPknUFZ4,僕のこと,https://open.spotify.com/track/0tnhoHUrHfcLi9hPknUFZ4,321306,False,4QvgGvpgzgyUOo8Yp8LDm9,Mrs. GREEN APPLE,4470711,81,"anime rock,j-pop,j-rock",3bRSI9DOQA2KdJ7t6zdW0V,Attitude,album,2019-10-01,17,0.439,0.708,7,-3.825,1,0.0528,0.0129,0.0,0.147,0.454,160.027,4,2024-10-31,09:18:13
JP,Japón,OTROS,47,43,21LtZQQMQYwVIxc9O9Ygq8,Cherish (My Love),https://open.spotify.com/track/21LtZQQMQYwVIxc9O9Ygq8,176854,False,36cgvBn0aadzOijnjjwqMN,ILLIT,1631177,75,5th gen k-pop,1rQZODajANwqhegpEuCYk4,Cherish (My Love) (Remixes),single,2024-10-28,7,0.714,0.821,4,-3.835,1,0.065,0.236,0.0,0.164,0.303,142.97,4,2024-10-31,09:18:14
JP,Japón,OTROS,48,82,5sjnkOfTLCLNfkkchI2re2,UP - KARINA Solo,https://open.spotify.com/track/5sjnkOfTLCLNfkkchI2re2,166640,False,6YVMFz59CuY7ngCxTxjpxE,aespa,6859314,83,k-pop girl group,4vLGHlTnlIIxMSfefCY0cU,SYNK : PARALLEL LINE - Special Digital Single,single,2024-10-09,4,0.777,0.781,6,-4.479,0,0.043,0.0137,2.77e-06,0.0466,0.382,98.97,4,2024-10-31,09:18:15
JP,Japón,OTROS,49,70,7o0TPSw494RG2Q4iWmd1v6,唱,https://open.spotify.com/track/7o0TPSw494RG2Q4iWmd1v6,192653,False,6mEQK9m2krja6X1cfsAjfl,Ado,5118925,76,japanese teen pop,31LvSRXGPVhYs2EZFK0BEU,"Ado ""Ready For My Show Playlist""",album,2024-02-06,25,0.616,0.975,10,-0.425,0,0.208,0.172,1.62e-06,0.143,0.742,132.054,4,2024-10-31,09:18:16
JP,Japón,OTROS,50,69,1H3qOzheTPhE7aVvJOWfvA,美しい鰭,https://open.spotify.com/track/1H3qOzheTPhE7aVvJOWfvA,211920,False,5kjGRHClVacSyllOUqU1S0,SPITZ,2424791,67,"classic j-pop,j-pop,j-rock",5u95y591xPiCFY3UI5gHqY,ひみつスタジオ,album,2023-05-17,13,0.545,0.913,1,-3.565,1,0.0298,0.0107,0.00029,0.245,0.747,98.047,4,2024-10-31,09:18:16
GB,Gran Britania,EUROPA,1,95,5vNRhkKd0yEAg8suGBpjeY,APT.,https://open.spotify.com/track/5vNRhkKd0yEAg8suGBpjeY,169917,False,3eVa5w3URK5duf6eyVDbu9,ROSÉ,7632823,82,k-pop,2IYQwwgxgOIn7t3iF6ufFD,APT.,single,2024-10-18,1,0.777,0.783,0,-4.477,0,0.26,0.0283,0.0,0.355,0.939,149.027,4,2024-10-31,09:46:39
GB,Gran Britania,EUROPA,2,100,2plbrEY59IikOBgBGLjaoe,Die With A Smile,https://open.spotify.com/track/2plbrEY59IikOBgBGLjaoe,251667,False,1HY2Jd0NmPuamShAr6KMms,Lady Gaga,32416547,92,"art pop,dance pop,pop",10FLjwfpbxLmW8c25Xyc2N,Die With A Smile,single,2024-08-16,1,0.521,0.592,6,-7.777,0,0.0304,0.308,0.0,0.122,0.535,157.969,3,2024-10-31,09:46:40
GB,Gran Britania,EUROPA,3,83,1QoyuMHNBe7lg3YW4Qtll4,St. Chroma (feat. Daniel Caesar),https://open.spotify.com/track/1QoyuMHNBe7lg3YW4Qtll4,197019,True,4V8LLVI7PbaPR0K2TGSxFF,"Tyler, The Creator",17261006,92,"hip hop,rap",0U28P0QVB1QRxpqp5IHOlH,CHROMAKOPIA,album,2024-10-28,14,0.576,0.884,0,-5.058,1,0.555,0.357,0.0,0.368,0.373,150.45,4,2024-10-31,09:46:41
GB,Gran Britania,EUROPA,4,97,6dOtVTDdiauQNBQEDOtlAB,BIRDS OF A FEATHER,https://open.spotify.com/track/6dOtVTDdiauQNBQEDOtlAB,210373,False,6qqNVTkY8uBg9cP3Jd7DAH,Billie Eilish,101433183,96,"art pop,pop",7aJuG4TFXa2hmE4z1yxc3n,HIT ME HARD AND SOFT,album,2024-05-17,10,0.747,0.507,2,-10.171,1,0.0358,0.2,0.0608,0.117,0.438,104.978,4,2024-10-31,09:46:42
GB,Gran Britania,EUROPA,5,80,1YdtGoSYDvVQKoUqSDXX41,Noid,https://open.spotify.com/track/1YdtGoSYDvVQKoUqSDXX41,284363,True,4V8LLVI7PbaPR0K2TGSxFF,"Tyler, The Creator",17261006,92,"hip hop,rap",0U28P0QVB1QRxpqp5IHOlH,CHROMAKOPIA,album,2024-10-28,14,0.38,0.784,1,-6.004,1,0.299,0.523,0.000139,0.494,0.418,82.318,4,2024-10-31,09:46:42
GB,Gran Britania,EUROPA,6,81,0VaeksJaXy5R1nvcTMh3Xk,"Darling, I (feat. Teezo Touchdown)",https://open.spotify.com/track/0VaeksJaXy5R1nvcTMh3Xk,253834,True,4V8LLVI7PbaPR0K2TGSxFF,"Tyler, The Creator",17261006,92,"hip hop,rap",0U28P0QVB1QRxpqp5IHOlH,CHROMAKOPIA,album,2024-10-28,14,0.373,0.818,3,-3.19,0,0.102,0.36,0.0,0.434,0.361,97.571,4,2024-10-31,09:46:43
GB,Gran Britania,EUROPA,7,81,5RePVWy39tLpHH0WwXgBsK,Rah Tah Tah,https://open.spotify.com/track/5RePVWy39tLpHH0WwXgBsK,165412,True,4V8LLVI7PbaPR0K2TGSxFF,"Tyler, The Creator",17261006,92,"hip hop,rap",0U28P0QVB1QRxpqp5IHOlH,CHROMAKOPIA,album,2024-10-28,14,0.661,0.878,1,-4.099,1,0.31,0.00289,0.0,0.381,0.514,82.557,4,2024-10-31,09:46:44
GB,Gran Britania,EUROPA,8,92,7tI8dRuH2Yc6RuoTjxo4dU,Who,https://open.spotify.com/track/7tI8dRuH2Yc6RuoTjxo4dU,170887,False,1oSPZhvZMIrWW5I41kPkkY,Jimin,9717033,88,k-pop,15XcLhiVMlSOipUddTNDnr,MUSE,album,2024-07-19,7,0.66,0.756,0,-3.743,0,0.032,0.00289,0.0,0.193,0.838,116.034,4,2024-10-31,09:46:45
GB,Gran Britania,EUROPA,9,91,1cOboCuWYI2osTOfolMRS6,Tu Boda,https://open.spotify.com/track/1cOboCuWYI2osTOfolMRS6,225880,True,3l9G1G9MxH6DaRhwLklaf5,Oscar Maydon,2956128,87,corrido,60cQzWfmdg4hyDXrpW6kOA,Tu Boda,single,2024-09-26,1,0.694,0.651,6,-6.968,1,0.0784,0.496,1.36e-05,0.0787,0.471,112.648,3,2024-10-31,09:46:45
GB,Gran Britania,EUROPA,10,80,3tFed7YsjGnIfxeLEQwx3R,"Sticky (feat. GloRilla, Sexyy Red & Lil Wayne)",https://open.spotify.com/track/3tFed7YsjGnIfxeLEQwx3R,255915,True,4V8LLVI7PbaPR0K2TGSxFF,"Tyler, The Creator",17261006,92,"hip hop,rap",0U28P0QVB1QRxpqp5IHOlH,CHROMAKOPIA,album,2024-10-28,14,0.505,0.812,1,-3.986,1,0.461,0.285,0.0,0.444,0.664,80.09,4,2024-10-31,09:46:46
GB,Gran Britania,EUROPA,11,94,5G2f63n7IPVPPjfNIGih7Q,Taste,https://open.spotify.com/track/5G2f63n7IPVPPjfNIGih7Q,157279,False,74KM79TiuVKeVCqs8QtB0B,Sabrina Carpenter,14260468,95,pop,3iPSVi54hsacKKl1xIR2eH,Short n' Sweet,album,2024-08-23,12,0.674,0.907,3,-4.086,1,0.064,0.101,0.0,0.297,0.721,112.964,4,2024-10-31,09:46:47
GB,Gran Britania,EUROPA,12,88,2HRqTpkrJO5ggZyyK6NPWz,Espresso,https://open.spotify.com/track/2HRqTpkrJO5ggZyyK6NPWz,175459,True,74KM79TiuVKeVCqs8QtB0B,Sabrina Carpenter,14260468,95,pop,3iPSVi54hsacKKl1xIR2eH,Short n' Sweet,album,2024-08-23,12,0.699,0.776,0,-5.282,1,0.0293,0.131,5.36e-06,0.205,0.708,103.963,4,2024-10-31,09:46:48
GB,Gran Britania,EUROPA,13,91,2262bWmqomIaJXwCRHr13j,Sailor Song,https://open.spotify.com/track/2262bWmqomIaJXwCRHr13j,211978,False,1iCnM8foFssWlPRLfAbIwo,Gigi Perez,424458,80,bedroom pop,68CN2LzY8MoxO2udy2C22e,Sailor Song,single,2024-07-26,1,0.494,0.413,11,-10.432,1,0.0254,0.682,6.72e-05,0.193,0.273,94.938,4,2024-10-31,09:46:49
GB,Gran Britania,EUROPA,14,79,2aYHxnMF2umAavtgBvmkY1,Thought I Was Dead (feat. ScHoolboy Q & Santigold),https://open.spotify.com/track/2aYHxnMF2umAavtgBvmkY1,207272,True,4V8LLVI7PbaPR0K2TGSxFF,"Tyler, The Creator",17261006,92,"hip hop,rap",0U28P0QVB1QRxpqp5IHOlH,CHROMAKOPIA,album,2024-10-28,14,0.77,0.859,10,-3.382,0,0.275,0.362,0.0,0.673,0.64,129.77,4,2024-10-31,09:46:49
GB,Gran Britania,EUROPA,15,79,3Umj02ZNl4d356pS1D38mn,Hey Jane,https://open.spotify.com/track/3Umj02ZNl4d356pS1D38mn,240742,True,4V8LLVI7PbaPR0K2TGSxFF,"Tyler, The Creator",17261006,92,"hip hop,rap",0U28P0QVB1QRxpqp5IHOlH,CHROMAKOPIA,album,2024-10-28,14,0.495,0.784,10,-7.027,0,0.42,0.555,0.0,0.621,0.669,94.563,4,2024-10-31,09:46:50
GB,Gran Britania,EUROPA,16,94,0WbMK4wrZ1wFSty9F7FCgu,"Good Luck, Babe!",https://open.spotify.com/track/0WbMK4wrZ1wFSty9F7FCgu,218423,False,7GlBOeep6PqTfFi59PTUUN,Chappell Roan,3686982,89,indie pop,1WAjjRMfZjEXtB0lQrAw6Q,"Good Luck, Babe!",single,2024-04-05,1,0.7,0.582,11,-5.96,0,0.0356,0.0502,0.0,0.0881,0.785,116.712,4,2024-10-31,09:46:51
GB,Gran Britania,EUROPA,17,78,6ie0uyyvOKTTuIFBMPiNIl,Judge Judy,https://open.spotify.com/track/6ie0uyyvOKTTuIFBMPiNIl,269622,True,4V8LLVI7PbaPR0K2TGSxFF,"Tyler, The Creator",17261006,92,"hip hop,rap",0U28P0QVB1QRxpqp5IHOlH,CHROMAKOPIA,album,2024-10-28,14,0.622,0.661,1,-5.906,1,0.0826,0.297,0.000135,0.165,0.362,76.331,4,2024-10-31,09:46:52
GB,Gran Britania,EUROPA,18,78,4BSR9I4ExlCJdXJo2GpBD5,Take Your Mask Off (feat. Daniel Caesar & LaToiya Williams),https://open.spotify.com/track/4BSR9I4ExlCJdXJo2GpBD5,253909,True,4V8LLVI7PbaPR0K2TGSxFF,"Tyler, The Creator",17261006,92,"hip hop,rap",0U28P0QVB1QRxpqp5IHOlH,CHROMAKOPIA,album,2024-10-28,14,0.503,0.658,6,-5.823,0,0.154,0.46,0.0,0.382,0.515,121.784,5,2024-10-31,09:46:53
GB,Gran Britania,EUROPA,19,85,7ne4VBA60CxGM75vw0EYad,That’s So True,https://open.spotify.com/track/7ne4VBA60CxGM75vw0EYad,166300,True,4tuJ0bMpJh08umKkEXKUI5,Gracie Abrams,2864071,88,alt z,0hBRqPYPXhr1RkTDG3n4Mk,The Secret of Us (Deluxe),album,2024-10-18,20,0.554,0.808,1,-4.169,1,0.0368,0.214,0.0,0.159,0.372,108.548,4,2024-10-31,09:46:54
GB,Gran Britania,EUROPA,20,78,3GdwjAsCsoE79ObhsJFyYb,I Killed You,https://open.spotify.com/track/3GdwjAsCsoE79ObhsJFyYb,168420,True,4V8LLVI7PbaPR0K2TGSxFF,"Tyler, The Creator",17261006,92,"hip hop,rap",0U28P0QVB1QRxpqp5IHOlH,CHROMAKOPIA,album,2024-10-28,14,0.749,0.896,2,-4.909,1,0.219,0.356,0.00075,0.267,0.447,97.121,4,2024-10-31,09:46:54
GB,Gran Britania,EUROPA,21,77,6jbYpRPTEFl1HFKHk1IC0m,Like Him (feat. Lola Young),https://open.spotify.com/track/6jbYpRPTEFl1HFKHk1IC0m,278014,True,4V8LLVI7PbaPR0K2TGSxFF,"Tyler, The Creator",17261006,92,"hip hop,rap",0U28P0QVB1QRxpqp5IHOlH,CHROMAKOPIA,album,2024-10-28,14,0.392,0.555,4,-6.707,0,0.039,0.287,0.000253,0.13,0.191,96.063,3,2024-10-31,09:46:55
GB,Gran Britania,EUROPA,22,94,6WatFBLVB0x077xWeoVc2k,Si Antes Te Hubiera Conocido,https://open.spotify.com/track/6WatFBLVB0x077xWeoVc2k,195824,False,790FomKkXshlbRYZFtlgla,KAROL G,51524480,91,"reggaeton,reggaeton colombiano,urbano latino",5ylbxH7EqpsmHZCRuiYewS,Si Antes Te Hubiera Conocido,single,2024-06-21,1,0.924,0.668,11,-6.795,1,0.0469,0.446,0.000594,0.0678,0.787,128.027,4,2024-10-31,09:46:56
GB,Gran Britania,EUROPA,23,89,3yDRcs0Y4pPzkvMbUfeF9H,Moonlit Floor (Kiss Me),https://open.spotify.com/track/3yDRcs0Y4pPzkvMbUfeF9H,155757,False,5L1lO4eRHmJ7a0Q6csE5cT,LISA,9352806,84,k-pop,2F84s5tvr9RSS6VI772mVb,Moonlit Floor (Kiss Me),single,2024-10-03,1,0.733,0.786,5,-3.951,0,0.112,0.128,0.0,0.31,0.672,109.954,4,2024-10-31,09:46:57
GB,Gran Britania,EUROPA,24,92,1Es7AUAhQvapIcoh3qMKDL,Timeless (with Playboi Carti),https://open.spotify.com/track/1Es7AUAhQvapIcoh3qMKDL,256000,True,1Xyo4u8uXC1ZmMpatF05PJ,The Weeknd,93543802,96,"canadian contemporary r&b,canadian pop,pop",2IRxVVqbSbqHJo8Zx50LYn,Timeless,single,2024-09-27,1,0.769,0.722,11,-5.485,0,0.0507,0.0584,2.56e-06,0.111,0.57,119.973,4,2024-10-31,09:46:58
GB,Gran Britania,EUROPA,25,90,5O2P9iiztwhomNh8xkR9lJ,Night Changes,https://open.spotify.com/track/5O2P9iiztwhomNh8xkR9lJ,226600,False,4AK6F7OLvEQ5QYCBNiQWHq,One Direction,37254233,91,"boy band,pop,post-teen pop,talent show",4gCNyS7pidfK3rKWhB3JOY,FOUR (Deluxe),album,2014-11-17,16,0.672,0.52,8,-7.747,1,0.0353,0.859,0.0,0.115,0.37,120.001,4,2024-10-31,09:46:59
GB,Gran Britania,EUROPA,26,77,3yw3m8wgRB4ptDyAvtdhq5,Tomorrow,https://open.spotify.com/track/3yw3m8wgRB4ptDyAvtdhq5,182326,True,4V8LLVI7PbaPR0K2TGSxFF,"Tyler, The Creator",17261006,92,"hip hop,rap",0U28P0QVB1QRxpqp5IHOlH,CHROMAKOPIA,album,2024-10-28,14,0.463,0.541,1,-6.594,1,0.0385,0.811,6.61e-05,0.125,0.307,95.827,4,2024-10-31,09:46:59
GB,Gran Britania,EUROPA,27,92,3QaPy1KgI7nu9FJEQUgn6h,WILDFLOWER,https://open.spotify.com/track/3QaPy1KgI7nu9FJEQUgn6h,261466,False,6qqNVTkY8uBg9cP3Jd7DAH,Billie Eilish,101433183,96,"art pop,pop",7aJuG4TFXa2hmE4z1yxc3n,HIT ME HARD AND SOFT,album,2024-05-17,10,0.467,0.247,6,-12.002,0,0.0431,0.612,0.000271,0.17,0.126,148.101,4,2024-10-31,09:47:00
GB,Gran Britania,EUROPA,28,89,3xkHsmpQCBMytMJNiDf3Ii,Beautiful Things,https://open.spotify.com/track/3xkHsmpQCBMytMJNiDf3Ii,180304,False,22wbnEMDvgVIAGdFeek6ET,Benson Boone,3815769,86,singer-songwriter pop,168CdR21lfn0TTyw1Pkdcm,Fireworks & Rollerblades,album,2024-04-05,15,0.472,0.471,10,-5.692,1,0.0603,0.151,0.0,0.14,0.219,105.029,3,2024-10-31,09:47:01
GB,Gran Britania,EUROPA,29,87,2tHwzyyOLoWSFqYNjeVMzj,Please Please Please,https://open.spotify.com/track/2tHwzyyOLoWSFqYNjeVMzj,186365,True,74KM79TiuVKeVCqs8QtB0B,Sabrina Carpenter,14260468,95,pop,3iPSVi54hsacKKl1xIR2eH,Short n' Sweet,album,2024-08-23,12,0.675,0.586,9,-6.086,1,0.0531,0.257,0.0,0.104,0.621,107.015,4,2024-10-31,09:47:02
GB,Gran Britania,EUROPA,30,76,35D1RA5uVFVhMc1qX80TaQ,Balloon (feat. Doechii),https://open.spotify.com/track/35D1RA5uVFVhMc1qX80TaQ,154261,True,4V8LLVI7PbaPR0K2TGSxFF,"Tyler, The Creator",17261006,92,"hip hop,rap",0U28P0QVB1QRxpqp5IHOlH,CHROMAKOPIA,album,2024-10-28,14,0.437,0.868,6,-3.03,1,0.112,0.731,0.0,0.234,0.475,111.774,4,2024-10-31,09:47:02
GB,Gran Britania,EUROPA,31,89,2CspwnypzT7rcWI9RfsoSb,Mantra,https://open.spotify.com/track/2CspwnypzT7rcWI9RfsoSb,136627,True,250b0Wlc5Vk0CoUsaCY84M,JENNIE,7636412,83,k-pop,3e5tDT1kfaAGx10yOjIDgW,Mantra,single,2024-10-10,1,0.894,0.725,10,-4.984,0,0.0432,0.00434,1.15e-05,0.0815,0.838,116.988,4,2024-10-31,09:47:03
GB,Gran Britania,EUROPA,32,88,3hRV0jL3vUpRrcy398teAU,The Night We Met,https://open.spotify.com/track/3hRV0jL3vUpRrcy398teAU,208211,False,6ltzsmQQbmdoHHbLZ4ZN25,Lord Huron,1748129,78,"indie folk,stomp and holler",4sD1qg4jwTZR4mvR4Iflk5,Strange Trails,album,2015-04-06,14,0.448,0.369,9,-9.514,1,0.0452,0.968,0.272,0.638,0.0998,174.097,3,2024-10-31,09:47:04
GB,Gran Britania,EUROPA,33,89,17phhZDn6oGtzMe56NuWvj,Lose Control,https://open.spotify.com/track/17phhZDn6oGtzMe56NuWvj,210688,False,33qOK5uJ8AR2xuQQAhHump,Teddy Swims,3267350,86,,7nacKlk586eLRBSIsrk9DB,I've Tried Everything But Therapy (Part 1),album,2023-09-15,10,0.561,0.604,9,-4.409,1,0.0337,0.199,1.9e-05,0.104,0.242,159.92,3,2024-10-31,09:47:05
GB,Gran Britania,EUROPA,34,89,7KA4W4McWYRpgf0fWsJZWB,See You Again (feat. Kali Uchis),https://open.spotify.com/track/7KA4W4McWYRpgf0fWsJZWB,180386,True,4V8LLVI7PbaPR0K2TGSxFF,"Tyler, The Creator",17261006,92,"hip hop,rap",2nkto6YNI4rUYTLqEwWJ3o,Flower Boy,album,2017-07-21,14,0.558,0.559,6,-9.222,1,0.0959,0.371,7.49e-06,0.109,0.62,78.558,4,2024-10-31,09:47:06
GB,Gran Britania,EUROPA,35,68,0cQVqPuHQP4KEwc7ZUQmj6,Sweater Weather,https://open.spotify.com/track/2QjOHCTQ1Jl3zawyYOpxh6,240400,False,77SW9BnxLY8rJ0RciFqkHh,The Neighbourhood,18316469,86,"modern alternative rock,modern rock,pop",4xkM0BwLM9H2IUcbYzpcBI,I Love You.,album,2013-04-22,11,0.613,0.808,10,-2.851,1,0.0346,0.0426,0.0159,0.102,0.38,124.037,4,2024-10-31,09:47:06
GB,Gran Britania,EUROPA,36,76,0pvZCv4JOS5WBu7JITYef6,I Hope You Find Your Way Home,https://open.spotify.com/track/0pvZCv4JOS5WBu7JITYef6,269704,True,4V8LLVI7PbaPR0K2TGSxFF,"Tyler, The Creator",17261006,92,"hip hop,rap",0U28P0QVB1QRxpqp5IHOlH,CHROMAKOPIA,album,2024-10-28,14,0.621,0.596,4,-4.35,1,0.0607,0.294,5.53e-05,0.134,0.207,112.188,4,2024-10-31,09:47:07
GB,Gran Britania,EUROPA,37,90,51rfRCiUSvxXlCSCfIztBy,"I Love You, I'm Sorry",https://open.spotify.com/track/51rfRCiUSvxXlCSCfIztBy,157146,True,4tuJ0bMpJh08umKkEXKUI5,Gracie Abrams,2864071,88,alt z,56bdWeO40o3WfAD2Lja4dl,The Secret of Us,album,2024-06-21,13,0.53,0.406,10,-7.507,1,0.033,0.656,0.0,0.133,0.338,115.94,3,2024-10-31,09:47:08
GB,Gran Britania,EUROPA,38,91,1UHS8Rf6h5Ar3CDWRd3wjF,Bed Chem,https://open.spotify.com/track/1UHS8Rf6h5Ar3CDWRd3wjF,171869,False,74KM79TiuVKeVCqs8QtB0B,Sabrina Carpenter,14260468,95,pop,3iPSVi54hsacKKl1xIR2eH,Short n' Sweet,album,2024-08-23,12,0.739,0.727,11,-5.968,0,0.0426,0.0678,0.0,0.104,0.676,94.99,4,2024-10-31,09:47:09
GB,Gran Britania,EUROPA,39,88,6MzofobZt2dm0Kf1hTThFz,Diet Pepsi,https://open.spotify.com/track/6MzofobZt2dm0Kf1hTThFz,169697,False,4gvjmrtzydbMpyJaXUtwvP,Addison Rae,446556,76,social media pop,0XA403JTounqFh2owquBXu,Diet Pepsi,single,2024-08-09,1,0.669,0.561,10,-6.538,1,0.0411,0.495,0.00962,0.0954,0.841,150.069,4,2024-10-31,09:47:09
GB,Gran Britania,EUROPA,40,89,6X6m4xmdFcz31p1h7Qg68c,EL LOKERON,https://open.spotify.com/track/6X6m4xmdFcz31p1h7Qg68c,145473,True,5eumcnUkdmGvkvcsx1WFNG,Tito Double P,2010314,90,corrido,27GWSFRITD8JJcSGMgEfTN,INCÓMODO,album,2024-08-22,21,0.724,0.689,7,-7.174,0,0.0524,0.573,6.77e-06,0.0922,0.936,120.208,3,2024-10-31,09:47:10
GB,Gran Britania,EUROPA,41,90,5XeFesFbtLpXzIVDNQP22n,I Wanna Be Yours,https://open.spotify.com/track/5XeFesFbtLpXzIVDNQP22n,183956,False,7Ln80lUS6He07XvHI8qqHH,Arctic Monkeys,27101512,88,"garage rock,modern rock,permanent wave,rock,sheffield indie",78bpIziExqiI9qztvNFlQu,AM,album,2013-09-09,12,0.464,0.417,0,-9.345,0,0.0256,0.136,0.022,0.0974,0.479,67.528,4,2024-10-31,09:47:11
GB,Gran Britania,EUROPA,42,89,0Sr7ssScx54yxdM2ols7nW,Q U E V A S H A C E R H O Y ?,https://open.spotify.com/track/0Sr7ssScx54yxdM2ols7nW,224022,True,3E12tRURRvPfHz0hAMCFYc,Omar Courtz,376316,82,"trap boricua,trap latino,urbano latino",3C5uwdRE5QRoXSGPPxpDd4,PRIMERA MUSA,album,2024-09-20,17,0.56,0.681,6,-6.304,0,0.244,0.103,0.0,0.106,0.388,155.079,4,2024-10-31,09:47:12
GB,Gran Britania,EUROPA,43,90,7CyPwkp0oE8Ro9Dd5CUDjW,"One Of The Girls (with JENNIE, Lily Rose Depp)",https://open.spotify.com/track/7CyPwkp0oE8Ro9Dd5CUDjW,244684,False,1Xyo4u8uXC1ZmMpatF05PJ,The Weeknd,93543802,96,"canadian contemporary r&b,canadian pop,pop",7tzVd1fwkxsorytCBjEJkU,The Idol Episode 4 (Music from the HBO Original Series),single,2023-06-23,3,0.264,0.64,8,-6.221,1,0.0442,0.0393,2.31e-06,0.151,0.19,84.828,4,2024-10-31,09:47:13
GB,Gran Britania,EUROPA,44,85,5fZJQrFKWQLb7FpJXZ1g7K,A Bar Song (Tipsy),https://open.spotify.com/track/5fZJQrFKWQLb7FpJXZ1g7K,171291,True,3y2cIKLjiOlp1Np37WiUdH,Shaboozey,744170,80,"modern country pop,pop rap",0DLvFVIfwt3OHdK9kGeEM3,"Where I've Been, Isn't Where I'm Going",album,2024-05-31,12,0.722,0.706,9,-4.857,1,0.0292,0.072,0.0,0.067,0.599,80.969,4,2024-10-31,09:47:13
GB,Gran Britania,EUROPA,45,89,42VsgItocQwOQC3XWZ8JNA,FE!N (feat. Playboi Carti),https://open.spotify.com/track/42VsgItocQwOQC3XWZ8JNA,191700,True,0Y5tJX1MQlPlqiwlOH1tJY,Travis Scott,34041225,94,"rap,slap house",18NOKLkZETa4sWwLMIm0UZ,UTOPIA,album,2023-07-28,19,0.569,0.882,3,-2.777,0,0.06,0.0316,0.0,0.142,0.201,148.038,4,2024-10-31,09:47:14
GB,Gran Britania,EUROPA,46,84,19XpFsce28aByvCC4g89tJ,Too Sweet,https://open.spotify.com/track/19XpFsce28aByvCC4g89tJ,251424,False,2FXC3k01G6Gw61bmprjgqS,Hozier,7987986,86,"irish singer-songwriter,modern rock,pop,pov: indie",48qd9sU3xqYJbKaxHCciJL,Unreal Unearth: Unaired,album,2024-08-19,23,0.74,0.643,10,-5.446,1,0.0413,0.041,0.00229,0.0407,0.96,117.025,4,2024-10-31,09:47:15
GB,Gran Britania,EUROPA,47,88,5lKFO0PrOC9jmOlPEdjHsL,DOS DÍAS,https://open.spotify.com/track/5lKFO0PrOC9jmOlPEdjHsL,153928,True,5eumcnUkdmGvkvcsx1WFNG,Tito Double P,2010314,90,corrido,27GWSFRITD8JJcSGMgEfTN,INCÓMODO,album,2024-08-22,21,0.745,0.513,1,-9.116,1,0.087,0.783,0.0,0.216,0.929,109.935,3,2024-10-31,09:47:16
GB,Gran Britania,EUROPA,48,80,6s1kzj4EbhFLXbuAGJbhbn,Barbie,https://open.spotify.com/track/6s1kzj4EbhFLXbuAGJbhbn,192755,False,6aoGgTKGqtsjj48ymcNs4Z,MC Tuto,896068,80,funk consciente,6MNtIXqAF51SJfAyETEtjL,Barbie,single,2024-10-18,1,0.955,0.425,3,-8.242,0,0.43,0.711,0.0,0.101,0.716,127.032,4,2024-10-31,09:47:17
GB,Gran Britania,EUROPA,49,90,2PnlsTsOTLE5jnBnNe2K0A,The Emptiness Machine,https://open.spotify.com/track/2PnlsTsOTLE5jnBnNe2K0A,190427,True,6XyY86QOPPrYVGvF9ch6wz,Linkin Park,27326633,92,"alternative metal,nu metal,post-grunge,rap metal,rock",6W0Gabv5f3ugnckc6YgfJQ,The Emptiness Machine,single,2024-09-05,1,0.466,0.872,7,-3.344,1,0.0336,0.0156,0.0,0.121,0.806,184.115,4,2024-10-31,09:47:17
GB,Gran Britania,EUROPA,50,87,4nVBt6MZDDP6tRVdQTgxJg,Story of My Life,https://open.spotify.com/track/4nVBt6MZDDP6tRVdQTgxJg,245493,False,4AK6F7OLvEQ5QYCBNiQWHq,One Direction,37254233,91,"boy band,pop,post-teen pop,talent show",7p1fX8aUySrBdx4WSYspOu,Midnight Memories (Deluxe),album,2013-11-25,18,0.6,0.663,3,-5.802,1,0.0477,0.225,0.0,0.119,0.286,121.07,4,2024-10-31,09:47:18
